standard,domain,skill_name,question,equation,visual,choices,answer,hint,solution_steps
"1.OA.A.1","Adding & subtracting","Story problems","Hana has 20 pencils. Femi has 5 pencils. How many fewer pencils does Femi have than Hana?","","pictures","15 | 18 | 12 | 11","15","Fewer means the difference between the two groups.","Hana has 20 and Femi has 5. → Find the difference. → 20 − 5 = 15 → Femi has 15 fewer."
"1.OA.A.1","Adding & subtracting","Story problems","Zoe had 10 strawberries. Then Zoe got some more. Now Zoe has 18 strawberries. How many strawberries did Zoe get?","","","8 | 12 | 4 | 5","8","Count on from 10 until you reach 18.","Start at 10 and count on to 18. → Count: 11, 12, 13, 14, 15, 16, 17, 18. → That is 8 more. → 10 + 8 = 18, so Zoe got 8 strawberries."
"1.OA.A.1","Adding & subtracting","Story problems","Omar has 9 books. Omar finds 9 more. How many books does Omar have now?","","pictures","16 | 18 | 14 | 20","18","Finding more means adding. Put the two groups together.","Omar starts with 9 books. → Omar finds 9 more, so add. → 9 + 9 = 18 → Omar has 18 books now."
"1.OA.A.1","Adding & subtracting","Story problems","Mei has 20 stickers. Hana has 2 stickers. How many fewer stickers does Hana have than Mei?","","pictures","17 | 20 | 14 | 18","18","Fewer means the difference between the two groups.","Mei has 20 and Hana has 2. → Find the difference. → 20 − 2 = 18 → Hana has 18 fewer."
"1.OA.A.1","Adding & subtracting","Story problems","Maya had some books. Maya got 10 more. Now Maya has 17 books. How many books did Maya have at the start?","","","6 | 5 | 7 | 11","7","Take away the 10 that were added to find the start.","Maya ended with 17 books. → 10 of those were added later, so take them away. → 17 − 10 = 7 → Maya started with 7 books."
"1.OA.A.1","Adding & subtracting","Story problems","Priya has 12 marbles. 3 of them are big. The rest are small. How many small marbles are there?","","","12 | 8 | 9 | 10","9","Take the big ones away from the whole group.","There are 12 marbles in all. → 3 are big, so the rest are small. → 12 − 3 = 9 → There are 9 small marbles."
"1.OA.A.1","Adding & subtracting","Story problems","Ravi had 8 books. Ravi gave some to Nia. Now Ravi has 5 books. How many books did Ravi give away?","","","3 | 4 | 7 | 5","3","How far is it from 5 back up to 8?","Ravi had 8 at the start and 5 at the end. → The difference is what was given away. → 8 − 5 = 3 → Ravi gave away 3 books."
"1.OA.A.1","Adding & subtracting","Story problems","Ines has 16 rocks. Aya has 11 rocks. How many more rocks does Ines have than Aya?","","pictures","5 | 6 | 9 | 2","5","Match them up. How many are left over?","Ines has 16 and Aya has 11. → Match each of Aya's rocks with one of Ines's. → The extra ones are the difference: 16 − 11 = 5. → Ines has 5 more."
"1.OA.A.1","Adding & subtracting","Story problems","Jonah has 7 strawberries. Hana has 5 fewer strawberries than Jonah. How many strawberries does Hana have?","","","1 | 0 | 2 | 6","2","Fewer than means take 5 away from Jonah's number.","Jonah has 7. → Hana has 5 fewer than that. → 7 − 5 = 2 → Hana has 2 strawberries."
"1.OA.A.1","Adding & subtracting","Story problems","Ada had 14 frogs. Then Ada got some more. Now Ada has 19 frogs. How many frogs did Ada get?","","","1 | 9 | 5 | 4","5","Count on from 14 until you reach 19.","Start at 14 and count on to 19. → Count: 15, 16, 17, 18, 19. → That is 5 more. → 14 + 5 = 19, so Ada got 5 frogs."
"1.OA.A.1","Adding & subtracting","Story problems","Maya has 10 cookies. Sam has 8 cookies. How many fewer cookies does Sam have than Maya?","","pictures","3 | 6 | 4 | 2","2","Fewer means the difference between the two groups.","Maya has 10 and Sam has 8. → Find the difference. → 10 − 8 = 2 → Sam has 2 fewer."
"1.OA.A.1","Adding & subtracting","Story problems","Aya had 19 marbles. Aya gave some to Amir. Now Aya has 5 marbles. How many marbles did Aya give away?","","","14 | 18 | 13 | 10","14","How far is it from 5 back up to 19?","Aya had 19 at the start and 5 at the end. → The difference is what was given away. → 19 − 5 = 14 → Aya gave away 14 marbles."
"1.OA.A.1","Adding & subtracting","Story problems","Ines has 14 stickers. Yara has 9 fewer stickers than Ines. How many stickers does Yara have?","","","4 | 2 | 8 | 5","5","Fewer than means take 9 away from Ines's number.","Ines has 14. → Yara has 9 fewer than that. → 14 − 9 = 5 → Yara has 5 stickers."
"1.OA.A.1","Adding & subtracting","Story problems","Lena has 14 coins. Tomas has 5 more coins than Lena. How many coins does Tomas have?","","","18 | 17 | 16 | 19","19","More than means add 5 to Lena's number.","Lena has 14. → Tomas has 5 more than that. → 14 + 5 = 19 → Tomas has 19 coins."
"1.OA.A.1","Adding & subtracting","Story problems","Nia had some marbles. Nia gave 2 to Amir. Now Nia has 3 marbles. How many marbles did Nia have at the start?","","","6 | 1 | 5 | 2","5","Put the ones given away back with the ones left.","Nia has 3 left and gave away 2. → Put them back together to find the start. → 3 + 2 = 5 → Nia started with 5 marbles."
"1.OA.A.1","Adding & subtracting","Story problems","Maya has 12 coins. Maya finds 8 more. How many coins does Maya have now?","","pictures","17 | 16 | 18 | 20","20","Finding more means adding. Put the two groups together.","Maya starts with 12 coins. → Maya finds 8 more, so add. → 12 + 8 = 20 → Maya has 20 coins now."
"1.OA.A.1","Adding & subtracting","Story problems","Femi has 2 pencils. Priya has 9 pencils. How many pencils do they have together?","","pictures","13 | 10 | 15 | 11","11","Together means add both groups.","Femi has 2 and Priya has 9. → Put both groups together. → 2 + 9 = 11 → Together they have 11 pencils."
"1.OA.A.1","Adding & subtracting","Story problems","Ravi had some books. Ravi gave 2 to Mei. Now Ravi has 11 books. How many books did Ravi have at the start?","","","13 | 10 | 12 | 9","13","Put the ones given away back with the ones left.","Ravi has 11 left and gave away 2. → Put them back together to find the start. → 11 + 2 = 13 → Ravi started with 13 books."
"1.OA.A.1","Adding & subtracting","Story problems","Mei had 15 stickers. Then Mei got some more. Now Mei has 16 stickers. How many stickers did Mei get?","","","2 | 1 | 4 | 0","1","Count on from 15 until you reach 16.","Start at 15 and count on to 16. → Count: 16. → That is 1 more. → 15 + 1 = 16, so Mei got 1 stickers."
"1.OA.A.1","Adding & subtracting","Story problems","Hana has 8 stickers. Sofia has 2 stickers. How many fewer stickers does Sofia have than Hana?","","pictures","6 | 10 | 8 | 5","6","Fewer means the difference between the two groups.","Hana has 8 and Sofia has 2. → Find the difference. → 8 − 2 = 6 → Sofia has 6 fewer."
"1.OA.A.1","Adding & subtracting","Story problems","Lena has 4 crayons. 2 of them are big. The rest are small. How many small crayons are there?","","","2 | 4 | 3 | 5","2","Take the big ones away from the whole group.","There are 4 crayons in all. → 2 are big, so the rest are small. → 4 − 2 = 2 → There are 2 small crayons."
"1.OA.A.1","Adding & subtracting","Story problems","Hana had some stars. Hana gave 5 to Maya. Now Hana has 8 stars. How many stars did Hana have at the start?","","","13 | 16 | 12 | 14","13","Put the ones given away back with the ones left.","Hana has 8 left and gave away 5. → Put them back together to find the start. → 8 + 5 = 13 → Hana started with 13 stars."
"1.OA.A.1","Adding & subtracting","Story problems","Aya has 17 ducks. Aya gives 6 to Maya. How many ducks does Aya have left?","","pictures","14 | 11 | 9 | 10","11","Giving away means taking away. Cross out 6.","Aya starts with 17 ducks. → Aya gives away 6, so subtract. → 17 − 6 = 11 → Aya has 11 ducks left."
"1.OA.A.1","Adding & subtracting","Story problems","Ada has 2 coins. Luca has 6 more coins than Ada. How many coins does Luca have?","","","12 | 10 | 8 | 7","8","More than means add 6 to Ada's number.","Ada has 2. → Luca has 6 more than that. → 2 + 6 = 8 → Luca has 8 coins."
"1.OA.A.1","Adding & subtracting","Story problems","Amir had some pencils. Amir got 12 more. Now Amir has 13 pencils. How many pencils did Amir have at the start?","","","3 | 2 | 1 | 0","1","Take away the 12 that were added to find the start.","Amir ended with 13 pencils. → 12 of those were added later, so take them away. → 13 − 12 = 1 → Amir started with 1 pencils."
"1.OA.A.1","Adding & subtracting","Story problems","Tomas had some coins. Tomas got 8 more. Now Tomas has 13 coins. How many coins did Tomas have at the start?","","","1 | 6 | 8 | 5","5","Take away the 8 that were added to find the start.","Tomas ended with 13 coins. → 8 of those were added later, so take them away. → 13 − 8 = 5 → Tomas started with 5 coins."
"1.OA.A.1","Adding & subtracting","Story problems","Ravi had some stars. Ravi got 5 more. Now Ravi has 15 stars. How many stars did Ravi have at the start?","","","13 | 6 | 10 | 9","10","Take away the 5 that were added to find the start.","Ravi ended with 15 stars. → 5 of those were added later, so take them away. → 15 − 5 = 10 → Ravi started with 10 stars."
"1.OA.A.1","Adding & subtracting","Story problems","Lena had some pencils. Lena gave 8 to Femi. Now Lena has 11 pencils. How many pencils did Lena have at the start?","","","17 | 18 | 20 | 19","19","Put the ones given away back with the ones left.","Lena has 11 left and gave away 8. → Put them back together to find the start. → 11 + 8 = 19 → Lena started with 19 pencils."
"1.OA.A.1","Adding & subtracting","Story problems","Leo had 4 rocks. Then Leo got some more. Now Leo has 11 rocks. How many rocks did Leo get?","","","3 | 5 | 10 | 7","7","Count on from 4 until you reach 11.","Start at 4 and count on to 11. → Count: 5, 6, 7, 8, 9, 10, 11. → That is 7 more. → 4 + 7 = 11, so Leo got 7 rocks."
"1.OA.A.1","Adding & subtracting","Story problems","Femi had some pencils. Femi gave 5 to Omar. Now Femi has 15 pencils. How many pencils did Femi have at the start?","","","19 | 16 | 18 | 20","20","Put the ones given away back with the ones left.","Femi has 15 left and gave away 5. → Put them back together to find the start. → 15 + 5 = 20 → Femi started with 20 pencils."
"1.OA.A.1","Adding & subtracting","Story problems","Jonah had 4 apples. Then Jonah got some more. Now Jonah has 12 apples. How many apples did Jonah get?","","","9 | 7 | 8 | 12","8","Count on from 4 until you reach 12.","Start at 4 and count on to 12. → Count: 5, 6, 7, 8, 9, 10, 11, 12. → That is 8 more. → 4 + 8 = 12, so Jonah got 8 apples."
"1.OA.A.1","Adding & subtracting","Story problems","Tomas has 1 sticker. Tomas finds 7 more. How many stickers does Tomas have now?","","pictures","8 | 4 | 9 | 7","8","Finding more means adding. Put the two groups together.","Tomas starts with 1 stickers. → Tomas finds 7 more, so add. → 1 + 7 = 8 → Tomas has 8 stickers now."
"1.OA.A.1","Adding & subtracting","Story problems","Luca had some pencils. Luca gave 10 to Ada. Now Luca has 2 pencils. How many pencils did Luca have at the start?","","","8 | 12 | 11 | 9","12","Put the ones given away back with the ones left.","Luca has 2 left and gave away 10. → Put them back together to find the start. → 2 + 10 = 12 → Luca started with 12 pencils."
"1.OA.A.1","Adding & subtracting","Story problems","Amir has 13 frogs. Ravi has 12 frogs. How many fewer frogs does Ravi have than Amir?","","pictures","0 | 2 | 4 | 1","1","Fewer means the difference between the two groups.","Amir has 13 and Ravi has 12. → Find the difference. → 13 − 12 = 1 → Ravi has 1 fewer."
"1.OA.A.1","Adding & subtracting","Story problems","Kai has 15 fish. Noah has 8 fish. How many fewer fish does Noah have than Kai?","","pictures","4 | 6 | 8 | 7","7","Fewer means the difference between the two groups.","Kai has 15 and Noah has 8. → Find the difference. → 15 − 8 = 7 → Noah has 7 fewer."
"1.OA.A.1","Adding & subtracting","Story problems","Luca has 14 strawberries. Femi has 8 fewer strawberries than Luca. How many strawberries does Femi have?","","","7 | 3 | 9 | 6","6","Fewer than means take 8 away from Luca's number.","Luca has 14. → Femi has 8 fewer than that. → 14 − 8 = 6 → Femi has 6 strawberries."
"1.OA.A.1","Adding & subtracting","Story problems","Amir had 4 blocks. Then Amir got some more. Now Amir has 18 blocks. How many blocks did Amir get?","","","14 | 13 | 10 | 16","14","Count on from 4 until you reach 18.","Start at 4 and count on to 18. → Count: 5, 6, 7, 8, 9, 10, 11, 12, 13, 14, 15, 16, 17, 18. → That is 14 more. → 4 + 14 = 18, so Amir got 14 blocks."
"1.OA.A.1","Adding & subtracting","Story problems","Ada had 13 pencils. Then Ada got some more. Now Ada has 14 pencils. How many pencils did Ada get?","","","5 | 4 | 2 | 1","1","Count on from 13 until you reach 14.","Start at 13 and count on to 14. → Count: 14. → That is 1 more. → 13 + 1 = 14, so Ada got 1 pencils."
"1.OA.A.1","Adding & subtracting","Story problems","Luca had 7 shells. Then Luca got some more. Now Luca has 17 shells. How many shells did Luca get?","","","12 | 6 | 10 | 14","10","Count on from 7 until you reach 17.","Start at 7 and count on to 17. → Count: 8, 9, 10, 11, 12, 13, 14, 15, 16, 17. → That is 10 more. → 7 + 10 = 17, so Luca got 10 shells."
"1.OA.A.1","Adding & subtracting","Story problems","Lena has 1 toy car. Hana has 11 more toy cars than Lena. How many toy cars does Hana have?","","","12 | 10 | 13 | 16","12","More than means add 11 to Lena's number.","Lena has 1. → Hana has 11 more than that. → 1 + 11 = 12 → Hana has 12 toy cars."
"1.OA.A.1","Adding & subtracting","Story problems","Ravi has 17 stars. 10 of them are big. The rest are small. How many small stars are there?","","","3 | 5 | 4 | 7","7","Take the big ones away from the whole group.","There are 17 stars in all. → 10 are big, so the rest are small. → 17 − 10 = 7 → There are 7 small stars."
"1.OA.A.1","Adding & subtracting","Story problems","Kai has 18 blocks. Diego has 17 blocks. How many more blocks does Kai have than Diego?","","pictures","2 | 3 | 1 | 4","1","Match them up. How many are left over?","Kai has 18 and Diego has 17. → Match each of Diego's blocks with one of Kai's. → The extra ones are the difference: 18 − 17 = 1. → Kai has 1 more."
"1.OA.A.1","Adding & subtracting","Story problems","Leo had 9 shells. Then Leo got some more. Now Leo has 18 shells. How many shells did Leo get?","","","6 | 9 | 12 | 5","9","Count on from 9 until you reach 18.","Start at 9 and count on to 18. → Count: 10, 11, 12, 13, 14, 15, 16, 17, 18. → That is 9 more. → 9 + 9 = 18, so Leo got 9 shells."
"1.OA.A.1","Adding & subtracting","Story problems","Jonah had some leaves. Jonah got 15 more. Now Jonah has 19 leaves. How many leaves did Jonah have at the start?","","","5 | 6 | 8 | 4","4","Take away the 15 that were added to find the start.","Jonah ended with 19 leaves. → 15 of those were added later, so take them away. → 19 − 15 = 4 → Jonah started with 4 leaves."
"1.OA.A.1","Adding & subtracting","Story problems","Nia has 7 ducks. Nia finds 3 more. How many ducks does Nia have now?","","pictures","6 | 9 | 7 | 10","10","Finding more means adding. Put the two groups together.","Nia starts with 7 ducks. → Nia finds 3 more, so add. → 7 + 3 = 10 → Nia has 10 ducks now."
"1.OA.A.1","Adding & subtracting","Story problems","Ada had 9 marbles. Ada gave some to Diego. Now Ada has 1 marble. How many marbles did Ada give away?","","","12 | 10 | 8 | 5","8","How far is it from 1 back up to 9?","Ada had 9 at the start and 1 at the end. → The difference is what was given away. → 9 − 1 = 8 → Ada gave away 8 marbles."
"1.OA.A.1","Adding & subtracting","Story problems","Aya has 12 books. Aya gives 1 to Priya. How many books does Aya have left?","","pictures","7 | 11 | 9 | 12","11","Giving away means taking away. Cross out 1.","Aya starts with 12 books. → Aya gives away 1, so subtract. → 12 − 1 = 11 → Aya has 11 books left."
"1.OA.A.1","Adding & subtracting","Story problems","Maya has 5 cupcakes. Maya gives 3 to Yara. How many cupcakes does Maya have left?","","pictures","2 | 3 | 5 | 1","2","Giving away means taking away. Cross out 3.","Maya starts with 5 cupcakes. → Maya gives away 3, so subtract. → 5 − 3 = 2 → Maya has 2 cupcakes left."
"1.OA.A.1","Adding & subtracting","Story problems","Ravi had 4 flowers. Then Ravi got some more. Now Ravi has 6 flowers. How many flowers did Ravi get?","","","1 | 4 | 2 | 5","2","Count on from 4 until you reach 6.","Start at 4 and count on to 6. → Count: 5, 6. → That is 2 more. → 4 + 2 = 6, so Ravi got 2 flowers."
"1.OA.A.1","Adding & subtracting","Story problems","Yara had some flowers. Yara got 3 more. Now Yara has 14 flowers. How many flowers did Yara have at the start?","","","11 | 9 | 13 | 14","11","Take away the 3 that were added to find the start.","Yara ended with 14 flowers. → 3 of those were added later, so take them away. → 14 − 3 = 11 → Yara started with 11 flowers."
"1.OA.A.1","Adding & subtracting","Story problems","Tomas has 15 strawberries. Ines has 12 strawberries. How many fewer strawberries does Ines have than Tomas?","","pictures","3 | 0 | 1 | 2","3","Fewer means the difference between the two groups.","Tomas has 15 and Ines has 12. → Find the difference. → 15 − 12 = 3 → Ines has 3 fewer."
"1.OA.A.1","Adding & subtracting","Story problems","Maya has 4 strawberries. Priya has 16 more strawberries than Maya. How many strawberries does Priya have?","","","17 | 16 | 20 | 18","20","More than means add 16 to Maya's number.","Maya has 4. → Priya has 16 more than that. → 4 + 16 = 20 → Priya has 20 strawberries."
"1.OA.A.1","Adding & subtracting","Story problems","Kai has 15 leaves. Sam has 13 fewer leaves than Kai. How many leaves does Sam have?","","","5 | 3 | 6 | 2","2","Fewer than means take 13 away from Kai's number.","Kai has 15. → Sam has 13 fewer than that. → 15 − 13 = 2 → Sam has 2 leaves."
"1.OA.A.1","Adding & subtracting","Story problems","Mei has 12 birds. Sofia has 10 fewer birds than Mei. How many birds does Sofia have?","","","6 | 2 | 0 | 5","2","Fewer than means take 10 away from Mei's number.","Mei has 12. → Sofia has 10 fewer than that. → 12 − 10 = 2 → Sofia has 2 birds."
"1.OA.A.1","Adding & subtracting","Story problems","Ada had 15 shells. Then Ada got some more. Now Ada has 16 shells. How many shells did Ada get?","","","5 | 4 | 1 | 0","1","Count on from 15 until you reach 16.","Start at 15 and count on to 16. → Count: 16. → That is 1 more. → 15 + 1 = 16, so Ada got 1 shells."
"1.OA.A.1","Adding & subtracting","Story problems","Luca had some leaves. Luca got 1 more. Now Luca has 4 leaves. How many leaves did Luca have at the start?","","","1 | 6 | 7 | 3","3","Take away the 1 that were added to find the start.","Luca ended with 4 leaves. → 1 of those were added later, so take them away. → 4 − 1 = 3 → Luca started with 3 leaves."
"1.OA.A.1","Adding & subtracting","Story problems","Ines has 13 crayons. Ines finds 3 more. How many crayons does Ines have now?","","pictures","12 | 14 | 19 | 16","16","Finding more means adding. Put the two groups together.","Ines starts with 13 crayons. → Ines finds 3 more, so add. → 13 + 3 = 16 → Ines has 16 crayons now."
"1.OA.A.1","Adding & subtracting","Story problems","Priya has 11 blocks. 6 of them are big. The rest are small. How many small blocks are there?","","","7 | 6 | 5 | 3","5","Take the big ones away from the whole group.","There are 11 blocks in all. → 6 are big, so the rest are small. → 11 − 6 = 5 → There are 5 small blocks."
"1.OA.A.1","Adding & subtracting","Story problems","Yara has 12 books. Femi has 9 books. How many fewer books does Femi have than Yara?","","pictures","2 | 5 | 3 | 1","3","Fewer means the difference between the two groups.","Yara has 12 and Femi has 9. → Find the difference. → 12 − 9 = 3 → Femi has 3 fewer."
"1.OA.A.1","Adding & subtracting","Story problems","Noah had some fish. Noah gave 7 to Omar. Now Noah has 12 fish. How many fish did Noah have at the start?","","","19 | 17 | 20 | 16","19","Put the ones given away back with the ones left.","Noah has 12 left and gave away 7. → Put them back together to find the start. → 12 + 7 = 19 → Noah started with 19 fish."
"1.OA.A.1","Adding & subtracting","Story problems","Sam had 12 stickers. Sam gave some to Tomas. Now Sam has 7 stickers. How many stickers did Sam give away?","","","8 | 5 | 3 | 7","5","How far is it from 7 back up to 12?","Sam had 12 at the start and 7 at the end. → The difference is what was given away. → 12 − 7 = 5 → Sam gave away 5 stickers."
"1.OA.A.1","Adding & subtracting","Story problems","Aya has 6 stars. 1 of them are big. The rest are small. How many small stars are there?","","","3 | 1 | 5 | 7","5","Take the big ones away from the whole group.","There are 6 stars in all. → 1 are big, so the rest are small. → 6 − 1 = 5 → There are 5 small stars."
"1.OA.A.1","Adding & subtracting","Story problems","Noah has 7 marbles. Zoe has 1 fewer marbles than Noah. How many marbles does Zoe have?","","","2 | 3 | 9 | 6","6","Fewer than means take 1 away from Noah's number.","Noah has 7. → Zoe has 1 fewer than that. → 7 − 1 = 6 → Zoe has 6 marbles."
"1.OA.A.1","Adding & subtracting","Story problems","Leo had some buttons. Leo got 13 more. Now Leo has 17 buttons. How many buttons did Leo have at the start?","","","0 | 8 | 2 | 4","4","Take away the 13 that were added to find the start.","Leo ended with 17 buttons. → 13 of those were added later, so take them away. → 17 − 13 = 4 → Leo started with 4 buttons."
"1.OA.A.1","Adding & subtracting","Story problems","Femi had some leaves. Femi got 3 more. Now Femi has 9 leaves. How many leaves did Femi have at the start?","","","6 | 3 | 10 | 7","6","Take away the 3 that were added to find the start.","Femi ended with 9 leaves. → 3 of those were added later, so take them away. → 9 − 3 = 6 → Femi started with 6 leaves."
"1.OA.A.1","Adding & subtracting","Story problems","Omar has 10 marbles. Ada has 5 marbles. How many fewer marbles does Ada have than Omar?","","pictures","2 | 4 | 9 | 5","5","Fewer means the difference between the two groups.","Omar has 10 and Ada has 5. → Find the difference. → 10 − 5 = 5 → Ada has 5 fewer."
"1.OA.A.1","Adding & subtracting","Story problems","Ada has 8 books. Ada finds 10 more. How many books does Ada have now?","","pictures","14 | 19 | 15 | 18","18","Finding more means adding. Put the two groups together.","Ada starts with 8 books. → Ada finds 10 more, so add. → 8 + 10 = 18 → Ada has 18 books now."
"1.OA.A.1","Adding & subtracting","Story problems","Ada had 9 blocks. Then Ada got some more. Now Ada has 12 blocks. How many blocks did Ada get?","","","0 | 6 | 3 | 4","3","Count on from 9 until you reach 12.","Start at 9 and count on to 12. → Count: 10, 11, 12. → That is 3 more. → 9 + 3 = 12, so Ada got 3 blocks."
"1.OA.A.1","Adding & subtracting","Story problems","Nia had 8 stickers. Nia gave some to Sam. Now Nia has 6 stickers. How many stickers did Nia give away?","","","1 | 0 | 2 | 6","2","How far is it from 6 back up to 8?","Nia had 8 at the start and 6 at the end. → The difference is what was given away. → 8 − 6 = 2 → Nia gave away 2 stickers."
"1.OA.A.1","Adding & subtracting","Story problems","Mei had 3 flowers. Then Mei got some more. Now Mei has 20 flowers. How many flowers did Mei get?","","","17 | 15 | 13 | 14","17","Count on from 3 until you reach 20.","Start at 3 and count on to 20. → Count: 4, 5, 6, 7, 8, 9, 10, 11, 12, 13, 14, 15, 16, 17, 18, 19, 20. → That is 17 more. → 3 + 17 = 20, so Mei got 17 flowers."
"1.OA.A.1","Adding & subtracting","Story problems","Amir had some flowers. Amir gave 15 to Noah. Now Amir has 1 flower. How many flowers did Amir have at the start?","","","18 | 16 | 12 | 20","16","Put the ones given away back with the ones left.","Amir has 1 left and gave away 15. → Put them back together to find the start. → 1 + 15 = 16 → Amir started with 16 flowers."
"1.OA.A.1","Adding & subtracting","Story problems","Amir has 7 ducks. 5 of them are big. The rest are small. How many small ducks are there?","","","0 | 2 | 4 | 1","2","Take the big ones away from the whole group.","There are 7 ducks in all. → 5 are big, so the rest are small. → 7 − 5 = 2 → There are 2 small ducks."
"1.OA.A.1","Adding & subtracting","Story problems","Hana had some birds. Hana got 6 more. Now Hana has 7 birds. How many birds did Hana have at the start?","","","2 | 3 | 1 | 4","1","Take away the 6 that were added to find the start.","Hana ended with 7 birds. → 6 of those were added later, so take them away. → 7 − 6 = 1 → Hana started with 1 birds."
"1.OA.A.1","Adding & subtracting","Story problems","Ines had some books. Ines gave 13 to Leo. Now Ines has 6 books. How many books did Ines have at the start?","","","15 | 16 | 19 | 17","19","Put the ones given away back with the ones left.","Ines has 6 left and gave away 13. → Put them back together to find the start. → 6 + 13 = 19 → Ines started with 19 books."
"1.OA.A.1","Adding & subtracting","Story problems","Maya had some kites. Maya gave 15 to Tomas. Now Maya has 4 kites. How many kites did Maya have at the start?","","","18 | 17 | 20 | 19","19","Put the ones given away back with the ones left.","Maya has 4 left and gave away 15. → Put them back together to find the start. → 4 + 15 = 19 → Maya started with 19 kites."
"1.OA.A.1","Adding & subtracting","Story problems","Sam had 4 stars. Then Sam got some more. Now Sam has 7 stars. How many stars did Sam get?","","","3 | 1 | 7 | 4","3","Count on from 4 until you reach 7.","Start at 4 and count on to 7. → Count: 5, 6, 7. → That is 3 more. → 4 + 3 = 7, so Sam got 3 stars."
"1.OA.A.1","Adding & subtracting","Story problems","Hana had some strawberries. Hana got 7 more. Now Hana has 17 strawberries. How many strawberries did Hana have at the start?","","","13 | 10 | 9 | 11","10","Take away the 7 that were added to find the start.","Hana ended with 17 strawberries. → 7 of those were added later, so take them away. → 17 − 7 = 10 → Hana started with 10 strawberries."
"1.OA.A.1","Adding & subtracting","Story problems","Tomas had some strawberries. Tomas got 6 more. Now Tomas has 12 strawberries. How many strawberries did Tomas have at the start?","","","2 | 6 | 4 | 3","6","Take away the 6 that were added to find the start.","Tomas ended with 12 strawberries. → 6 of those were added later, so take them away. → 12 − 6 = 6 → Tomas started with 6 strawberries."
"1.OA.A.1","Adding & subtracting","Story problems","Femi has 17 cookies. Sam has 3 fewer cookies than Femi. How many cookies does Sam have?","","","16 | 17 | 13 | 14","14","Fewer than means take 3 away from Femi's number.","Femi has 17. → Sam has 3 fewer than that. → 17 − 3 = 14 → Sam has 14 cookies."
"1.OA.A.1","Adding & subtracting","Story problems","Leo had 4 books. Then Leo got some more. Now Leo has 13 books. How many books did Leo get?","","","6 | 9 | 12 | 11","9","Count on from 4 until you reach 13.","Start at 4 and count on to 13. → Count: 5, 6, 7, 8, 9, 10, 11, 12, 13. → That is 9 more. → 4 + 9 = 13, so Leo got 9 books."
"1.OA.A.1","Adding & subtracting","Story problems","Omar has 18 flowers. 9 of them are big. The rest are small. How many small flowers are there?","","","11 | 7 | 9 | 6","9","Take the big ones away from the whole group.","There are 18 flowers in all. → 9 are big, so the rest are small. → 18 − 9 = 9 → There are 9 small flowers."
"1.OA.A.1","Adding & subtracting","Story problems","Jonah has 3 frogs. Jonah finds 1 more. How many frogs does Jonah have now?","","pictures","1 | 5 | 4 | 6","4","Finding more means adding. Put the two groups together.","Jonah starts with 3 frogs. → Jonah finds 1 more, so add. → 3 + 1 = 4 → Jonah has 4 frogs now."
"1.OA.A.1","Adding & subtracting","Story problems","Nia had some strawberries. Nia got 4 more. Now Nia has 14 strawberries. How many strawberries did Nia have at the start?","","","9 | 10 | 6 | 7","10","Take away the 4 that were added to find the start.","Nia ended with 14 strawberries. → 4 of those were added later, so take them away. → 14 − 4 = 10 → Nia started with 10 strawberries."
"1.OA.A.1","Adding & subtracting","Story problems","Sam has 5 blocks. Ada has 2 more blocks than Sam. How many blocks does Ada have?","","","9 | 4 | 7 | 3","7","More than means add 2 to Sam's number.","Sam has 5. → Ada has 2 more than that. → 5 + 2 = 7 → Ada has 7 blocks."
"1.OA.A.1","Adding & subtracting","Story problems","Mei has 3 apples. Mei gives 2 to Omar. How many apples does Mei have left?","","pictures","4 | 5 | 2 | 1","1","Giving away means taking away. Cross out 2.","Mei starts with 3 apples. → Mei gives away 2, so subtract. → 3 − 2 = 1 → Mei has 1 apples left."
"1.OA.A.1","Adding & subtracting","Story problems","Noah has 9 stickers. Noah gives 7 to Maya. How many stickers does Noah have left?","","pictures","2 | 5 | 4 | 3","2","Giving away means taking away. Cross out 7.","Noah starts with 9 stickers. → Noah gives away 7, so subtract. → 9 − 7 = 2 → Noah has 2 stickers left."
"1.OA.A.1","Adding & subtracting","Story problems","Diego had some crayons. Diego gave 11 to Femi. Now Diego has 0 crayons. How many crayons did Diego have at the start?","","","11 | 15 | 10 | 8","11","Put the ones given away back with the ones left.","Diego has 0 left and gave away 11. → Put them back together to find the start. → 0 + 11 = 11 → Diego started with 11 crayons."
"1.OA.A.1","Adding & subtracting","Story problems","Maya has 20 crayons. Noah has 8 fewer crayons than Maya. How many crayons does Noah have?","","","16 | 12 | 10 | 9","12","Fewer than means take 8 away from Maya's number.","Maya has 20. → Noah has 8 fewer than that. → 20 − 8 = 12 → Noah has 12 crayons."
"1.OA.A.1","Adding & subtracting","Story problems","Tomas had 9 ducks. Tomas gave some to Ada. Now Tomas has 0 ducks. How many ducks did Tomas give away?","","","7 | 6 | 9 | 13","9","How far is it from 0 back up to 9?","Tomas had 9 at the start and 0 at the end. → The difference is what was given away. → 9 − 0 = 9 → Tomas gave away 9 ducks."
"1.OA.A.1","Adding & subtracting","Story problems","Ravi has 9 pencils. Maya has 1 fewer pencils than Ravi. How many pencils does Maya have?","","","8 | 9 | 6 | 12","8","Fewer than means take 1 away from Ravi's number.","Ravi has 9. → Maya has 1 fewer than that. → 9 − 1 = 8 → Maya has 8 pencils."
"1.OA.A.1","Adding & subtracting","Story problems","Maya has 3 blocks. Noah has 2 blocks. How many more blocks does Maya have than Noah?","","pictures","5 | 1 | 4 | 0","1","Match them up. How many are left over?","Maya has 3 and Noah has 2. → Match each of Noah's blocks with one of Maya's. → The extra ones are the difference: 3 − 2 = 1. → Maya has 1 more."
"1.OA.A.1","Adding & subtracting","Story problems","Ada had some shells. Ada got 8 more. Now Ada has 14 shells. How many shells did Ada have at the start?","","","6 | 4 | 2 | 9","6","Take away the 8 that were added to find the start.","Ada ended with 14 shells. → 8 of those were added later, so take them away. → 14 − 8 = 6 → Ada started with 6 shells."
"1.OA.A.1","Adding & subtracting","Story problems","Sofia had some flowers. Sofia got 12 more. Now Sofia has 17 flowers. How many flowers did Sofia have at the start?","","","5 | 2 | 7 | 8","5","Take away the 12 that were added to find the start.","Sofia ended with 17 flowers. → 12 of those were added later, so take them away. → 17 − 12 = 5 → Sofia started with 5 flowers."
"1.OA.A.1","Adding & subtracting","Story problems","Ravi had some fish. Ravi gave 12 to Lena. Now Ravi has 8 fish. How many fish did Ravi have at the start?","","","18 | 16 | 20 | 19","20","Put the ones given away back with the ones left.","Ravi has 8 left and gave away 12. → Put them back together to find the start. → 8 + 12 = 20 → Ravi started with 20 fish."
"1.OA.A.1","Adding & subtracting","Story problems","Hana had 4 toy cars. Hana gave some to Diego. Now Hana has 0 toy cars. How many toy cars did Hana give away?","","","4 | 8 | 5 | 3","4","How far is it from 0 back up to 4?","Hana had 4 at the start and 0 at the end. → The difference is what was given away. → 4 − 0 = 4 → Hana gave away 4 toy cars."
"1.OA.A.1","Adding & subtracting","Story problems","Zoe has 15 cupcakes. Kai has 5 more cupcakes than Zoe. How many cupcakes does Kai have?","","","20 | 19 | 18 | 17","20","More than means add 5 to Zoe's number.","Zoe has 15. → Kai has 5 more than that. → 15 + 5 = 20 → Kai has 20 cupcakes."
"1.OA.A.1","Adding & subtracting","Story problems","Sam has 9 pencils. Jonah has 6 fewer pencils than Sam. How many pencils does Jonah have?","","","0 | 3 | 5 | 6","3","Fewer than means take 6 away from Sam's number.","Sam has 9. → Jonah has 6 fewer than that. → 9 − 6 = 3 → Jonah has 3 pencils."
"1.OA.A.1","Adding & subtracting","Story problems","Sam has 11 cookies. Sam finds 6 more. How many cookies does Sam have now?","","pictures","20 | 13 | 14 | 17","17","Finding more means adding. Put the two groups together.","Sam starts with 11 cookies. → Sam finds 6 more, so add. → 11 + 6 = 17 → Sam has 17 cookies now."
"1.OA.A.1","Adding & subtracting","Story problems","Noah has 4 marbles. Jonah has 3 marbles. How many more marbles does Noah have than Jonah?","","pictures","4 | 5 | 1 | 0","1","Match them up. How many are left over?","Noah has 4 and Jonah has 3. → Match each of Jonah's marbles with one of Noah's. → The extra ones are the difference: 4 − 3 = 1. → Noah has 1 more."
"1.OA.A.1","Adding & subtracting","Story problems","Ravi has 15 flowers. Nia has 6 flowers. How many more flowers does Ravi have than Nia?","","pictures","11 | 9 | 5 | 6","9","Match them up. How many are left over?","Ravi has 15 and Nia has 6. → Match each of Nia's flowers with one of Ravi's. → The extra ones are the difference: 15 − 6 = 9. → Ravi has 9 more."
"1.OA.A.2","Adding & subtracting","Add three numbers","Add all three numbers.","6 + 3 + 4 = ?","","12 | 14 | 9 | 13","13","Look for two numbers that make 10.","6 + 4 = 10, so make that ten first. → 10 + 3 = 13"
"1.OA.A.2","Adding & subtracting","Add three numbers","Add all three numbers.","7 + 2 + 7 = ?","","19 | 20 | 16 | 12","16","Add two of the numbers first, then add the third.","Add the first two: 7 + 2 = 9. → Then add the last one: 9 + 7 = 16."
"1.OA.A.2","Adding & subtracting","Add three numbers","Lena has 2 red buttons, 2 blue buttons, and 1 green buttons. How many buttons does Lena have in all?","","pictures","5 | 1 | 4 | 6","5","Add two of the numbers first, then add the third.","Add the first two: 2 + 2 = 4. → Then add the last one: 4 + 1 = 5. → Lena has 5 buttons in all."
"1.OA.A.2","Adding & subtracting","Add three numbers","Add all three numbers.","4 + 1 + 13 = ?","","15 | 14 | 18 | 17","18","Add two of the numbers first, then add the third.","Add the first two: 4 + 1 = 5. → Then add the last one: 5 + 13 = 18."
"1.OA.A.2","Adding & subtracting","Add three numbers","Priya has 5 red buttons, 7 blue buttons, and 3 green buttons. How many buttons does Priya have in all?","","pictures","17 | 15 | 11 | 18","15","Look for two numbers that make 10.","7 + 3 = 10, so make that ten first. → 10 + 5 = 15 → Priya has 15 buttons in all."
"1.OA.A.2","Adding & subtracting","Add three numbers","Add all three numbers.","2 + 8 + 4 = ?","","12 | 16 | 15 | 14","14","Look for two numbers that make 10.","2 + 8 = 10, so make that ten first. → 10 + 4 = 14"
"1.OA.A.2","Adding & subtracting","Add three numbers","Add all three numbers.","6 + 9 + 4 = ?","","19 | 15 | 18 | 20","19","Look for two numbers that make 10.","6 + 4 = 10, so make that ten first. → 10 + 9 = 19"
"1.OA.A.2","Adding & subtracting","Add three numbers","Add all three numbers.","4 + 7 + 4 = ?","","15 | 14 | 18 | 12","15","Add two of the numbers first, then add the third.","Add the first two: 4 + 7 = 11. → Then add the last one: 11 + 4 = 15."
"1.OA.A.2","Adding & subtracting","Add three numbers","Add all three numbers.","10 + 6 + 2 = ?","","15 | 18 | 17 | 16","18","Add two of the numbers first, then add the third.","Add the first two: 10 + 6 = 16. → Then add the last one: 16 + 2 = 18."
"1.OA.A.2","Adding & subtracting","Add three numbers","Add all three numbers.","7 + 7 + 4 = ?","","19 | 18 | 15 | 17","18","Add two of the numbers first, then add the third.","Add the first two: 7 + 7 = 14. → Then add the last one: 14 + 4 = 18."
"1.OA.A.2","Adding & subtracting","Add three numbers","Add all three numbers.","2 + 8 + 7 = ?","","16 | 13 | 17 | 18","17","Look for two numbers that make 10.","2 + 8 = 10, so make that ten first. → 10 + 7 = 17"
"1.OA.A.2","Adding & subtracting","Add three numbers","Ines has 6 red kites, 7 blue kites, and 6 green kites. How many kites does Ines have in all?","","pictures","15 | 17 | 19 | 16","19","Add two of the numbers first, then add the third.","Add the first two: 6 + 7 = 13. → Then add the last one: 13 + 6 = 19. → Ines has 19 kites in all."
"1.OA.A.2","Adding & subtracting","Add three numbers","Jonah has 4 red balloons, 6 blue balloons, and 1 green balloons. How many balloons does Jonah have in all?","","pictures","7 | 10 | 11 | 15","11","Look for two numbers that make 10.","4 + 6 = 10, so make that ten first. → 10 + 1 = 11 → Jonah has 11 balloons in all."
"1.OA.A.2","Adding & subtracting","Add three numbers","Add all three numbers.","5 + 5 + 7 = ?","","17 | 18 | 14 | 16","17","Look for two numbers that make 10.","5 + 5 = 10, so make that ten first. → 10 + 7 = 17"
"1.OA.A.2","Adding & subtracting","Add three numbers","Omar has 1 red kites, 7 blue kites, and 4 green kites. How many kites does Omar have in all?","","pictures","12 | 10 | 9 | 15","12","Add two of the numbers first, then add the third.","Add the first two: 1 + 7 = 8. → Then add the last one: 8 + 4 = 12. → Omar has 12 kites in all."
"1.OA.A.2","Adding & subtracting","Add three numbers","Add all three numbers.","8 + 4 + 2 = ?","","15 | 16 | 12 | 14","14","Look for two numbers that make 10.","8 + 2 = 10, so make that ten first. → 10 + 4 = 14"
"1.OA.A.2","Adding & subtracting","Add three numbers","Add all three numbers.","6 + 5 + 8 = ?","","18 | 19 | 20 | 16","19","Add two of the numbers first, then add the third.","Add the first two: 6 + 5 = 11. → Then add the last one: 11 + 8 = 19."
"1.OA.A.2","Adding & subtracting","Add three numbers","Add all three numbers.","10 + 1 + 5 = ?","","20 | 17 | 15 | 16","16","Add two of the numbers first, then add the third.","Add the first two: 10 + 1 = 11. → Then add the last one: 11 + 5 = 16."
"1.OA.A.2","Adding & subtracting","Add three numbers","Add all three numbers.","8 + 7 + 2 = ?","","16 | 17 | 13 | 18","17","Look for two numbers that make 10.","8 + 2 = 10, so make that ten first. → 10 + 7 = 17"
"1.OA.A.2","Adding & subtracting","Add three numbers","Add all three numbers.","6 + 8 + 6 = ?","","19 | 17 | 20 | 18","20","Add two of the numbers first, then add the third.","Add the first two: 6 + 8 = 14. → Then add the last one: 14 + 6 = 20."
"1.OA.A.2","Adding & subtracting","Add three numbers","Add all three numbers.","2 + 1 + 12 = ?","","12 | 11 | 15 | 16","15","Add two of the numbers first, then add the third.","Add the first two: 2 + 1 = 3. → Then add the last one: 3 + 12 = 15."
"1.OA.A.2","Adding & subtracting","Add three numbers","Nia has 5 red balloons, 5 blue balloons, and 3 green balloons. How many balloons does Nia have in all?","","pictures","15 | 10 | 13 | 16","13","Look for two numbers that make 10.","5 + 5 = 10, so make that ten first. → 10 + 3 = 13 → Nia has 13 balloons in all."
"1.OA.A.2","Adding & subtracting","Add three numbers","Add all three numbers.","8 + 9 + 3 = ?","","17 | 20 | 19 | 16","20","Add two of the numbers first, then add the third.","Add the first two: 8 + 9 = 17. → Then add the last one: 17 + 3 = 20."
"1.OA.A.2","Adding & subtracting","Add three numbers","Sofia has 7 red kites, 6 blue kites, and 6 green kites. How many kites does Sofia have in all?","","pictures","19 | 15 | 17 | 18","19","Add two of the numbers first, then add the third.","Add the first two: 7 + 6 = 13. → Then add the last one: 13 + 6 = 19. → Sofia has 19 kites in all."
"1.OA.A.2","Adding & subtracting","Add three numbers","Add all three numbers.","4 + 7 + 1 = ?","","12 | 15 | 11 | 13","12","Add two of the numbers first, then add the third.","Add the first two: 4 + 7 = 11. → Then add the last one: 11 + 1 = 12."
"1.OA.A.2","Adding & subtracting","Add three numbers","Zoe has 4 red blocks, 7 blue blocks, and 9 green blocks. How many blocks does Zoe have in all?","","pictures","17 | 20 | 16 | 19","20","Add two of the numbers first, then add the third.","Add the first two: 4 + 7 = 11. → Then add the last one: 11 + 9 = 20. → Zoe has 20 blocks in all."
"1.OA.A.2","Adding & subtracting","Add three numbers","Add all three numbers.","4 + 1 + 15 = ?","","19 | 20 | 18 | 16","20","Add two of the numbers first, then add the third.","Add the first two: 4 + 1 = 5. → Then add the last one: 5 + 15 = 20."
"1.OA.A.2","Adding & subtracting","Add three numbers","Add all three numbers.","7 + 7 + 3 = ?","","17 | 15 | 14 | 20","17","Look for two numbers that make 10.","7 + 3 = 10, so make that ten first. → 10 + 7 = 17"
"1.OA.A.2","Adding & subtracting","Add three numbers","Nia has 7 red blocks, 9 blue blocks, and 1 green blocks. How many blocks does Nia have in all?","","pictures","19 | 15 | 17 | 14","17","Look for two numbers that make 10.","9 + 1 = 10, so make that ten first. → 10 + 7 = 17 → Nia has 17 blocks in all."
"1.OA.A.2","Adding & subtracting","Add three numbers","Add all three numbers.","8 + 1 + 9 = ?","","16 | 18 | 20 | 19","18","Look for two numbers that make 10.","1 + 9 = 10, so make that ten first. → 10 + 8 = 18"
"1.OA.A.2","Adding & subtracting","Add three numbers","Priya has 9 red buttons, 3 blue buttons, and 7 green buttons. How many buttons does Priya have in all?","","pictures","20 | 16 | 18 | 19","19","Look for two numbers that make 10.","3 + 7 = 10, so make that ten first. → 10 + 9 = 19 → Priya has 19 buttons in all."
"1.OA.A.2","Adding & subtracting","Add three numbers","Add all three numbers.","10 + 1 + 1 = ?","","8 | 13 | 10 | 12","12","Add two of the numbers first, then add the third.","Add the first two: 10 + 1 = 11. → Then add the last one: 11 + 1 = 12."
"1.OA.A.2","Adding & subtracting","Add three numbers","Add all three numbers.","3 + 9 + 1 = ?","","9 | 14 | 15 | 13","13","Look for two numbers that make 10.","9 + 1 = 10, so make that ten first. → 10 + 3 = 13"
"1.OA.A.2","Adding & subtracting","Add three numbers","Add all three numbers.","10 + 5 + 5 = ?","","16 | 18 | 19 | 20","20","Look for two numbers that make 10.","5 + 5 = 10, so make that ten first. → 10 + 10 = 20"
"1.OA.A.2","Adding & subtracting","Add three numbers","Ravi has 3 red marbles, 4 blue marbles, and 11 green marbles. How many marbles does Ravi have in all?","","pictures","15 | 17 | 20 | 18","18","Add two of the numbers first, then add the third.","Add the first two: 3 + 4 = 7. → Then add the last one: 7 + 11 = 18. → Ravi has 18 marbles in all."
"1.OA.A.2","Adding & subtracting","Add three numbers","Add all three numbers.","7 + 8 + 4 = ?","","16 | 17 | 15 | 19","19","Add two of the numbers first, then add the third.","Add the first two: 7 + 8 = 15. → Then add the last one: 15 + 4 = 19."
"1.OA.A.2","Adding & subtracting","Add three numbers","Add all three numbers.","4 + 6 + 8 = ?","","19 | 15 | 20 | 18","18","Look for two numbers that make 10.","4 + 6 = 10, so make that ten first. → 10 + 8 = 18"
"1.OA.A.2","Adding & subtracting","Add three numbers","Add all three numbers.","3 + 1 + 14 = ?","","18 | 15 | 14 | 16","18","Add two of the numbers first, then add the third.","Add the first two: 3 + 1 = 4. → Then add the last one: 4 + 14 = 18."
"1.OA.A.2","Adding & subtracting","Add three numbers","Add all three numbers.","9 + 4 + 1 = ?","","12 | 18 | 14 | 11","14","Look for two numbers that make 10.","9 + 1 = 10, so make that ten first. → 10 + 4 = 14"
"1.OA.A.2","Adding & subtracting","Add three numbers","Sam has 7 red buttons, 4 blue buttons, and 1 green buttons. How many buttons does Sam have in all?","","pictures","13 | 12 | 14 | 15","12","Add two of the numbers first, then add the third.","Add the first two: 7 + 4 = 11. → Then add the last one: 11 + 1 = 12. → Sam has 12 buttons in all."
"1.OA.A.2","Adding & subtracting","Add three numbers","Add all three numbers.","6 + 2 + 9 = ?","","15 | 17 | 16 | 18","17","Add two of the numbers first, then add the third.","Add the first two: 6 + 2 = 8. → Then add the last one: 8 + 9 = 17."
"1.OA.A.2","Adding & subtracting","Add three numbers","Add all three numbers.","9 + 9 + 1 = ?","","16 | 15 | 20 | 19","19","Look for two numbers that make 10.","9 + 1 = 10, so make that ten first. → 10 + 9 = 19"
"1.OA.A.2","Adding & subtracting","Add three numbers","Luca has 7 red marbles, 1 blue marbles, and 10 green marbles. How many marbles does Luca have in all?","","pictures","15 | 16 | 18 | 19","18","Add two of the numbers first, then add the third.","Add the first two: 7 + 1 = 8. → Then add the last one: 8 + 10 = 18. → Luca has 18 marbles in all."
"1.OA.A.2","Adding & subtracting","Add three numbers","Add all three numbers.","2 + 4 + 1 = ?","","9 | 7 | 3 | 4","7","Add two of the numbers first, then add the third.","Add the first two: 2 + 4 = 6. → Then add the last one: 6 + 1 = 7."
"1.OA.A.2","Adding & subtracting","Add three numbers","Add all three numbers.","5 + 9 + 3 = ?","","15 | 19 | 14 | 17","17","Add two of the numbers first, then add the third.","Add the first two: 5 + 9 = 14. → Then add the last one: 14 + 3 = 17."
"1.OA.A.2","Adding & subtracting","Add three numbers","Add all three numbers.","2 + 2 + 13 = ?","","16 | 14 | 17 | 20","17","Add two of the numbers first, then add the third.","Add the first two: 2 + 2 = 4. → Then add the last one: 4 + 13 = 17."
"1.OA.A.2","Adding & subtracting","Add three numbers","Lena has 8 red marbles, 9 blue marbles, and 2 green marbles. How many marbles does Lena have in all?","","pictures","19 | 20 | 15 | 16","19","Look for two numbers that make 10.","8 + 2 = 10, so make that ten first. → 10 + 9 = 19 → Lena has 19 marbles in all."
"1.OA.A.2","Adding & subtracting","Add three numbers","Sam has 1 red stickers, 5 blue stickers, and 13 green stickers. How many stickers does Sam have in all?","","pictures","16 | 19 | 20 | 17","19","Add two of the numbers first, then add the third.","Add the first two: 1 + 5 = 6. → Then add the last one: 6 + 13 = 19. → Sam has 19 stickers in all."
"1.OA.A.2","Adding & subtracting","Add three numbers","Add all three numbers.","4 + 2 + 13 = ?","","16 | 18 | 19 | 15","19","Add two of the numbers first, then add the third.","Add the first two: 4 + 2 = 6. → Then add the last one: 6 + 13 = 19."
"1.OA.A.2","Adding & subtracting","Add three numbers","Add all three numbers.","6 + 1 + 1 = ?","","10 | 6 | 8 | 9","8","Add two of the numbers first, then add the third.","Add the first two: 6 + 1 = 7. → Then add the last one: 7 + 1 = 8."
"1.OA.A.2","Adding & subtracting","Add three numbers","Add all three numbers.","10 + 8 + 1 = ?","","18 | 20 | 19 | 17","19","Add two of the numbers first, then add the third.","Add the first two: 10 + 8 = 18. → Then add the last one: 18 + 1 = 19."
"1.OA.A.2","Adding & subtracting","Add three numbers","Add all three numbers.","9 + 9 + 2 = ?","","18 | 19 | 20 | 16","20","Add two of the numbers first, then add the third.","Add the first two: 9 + 9 = 18. → Then add the last one: 18 + 2 = 20."
"1.OA.A.2","Adding & subtracting","Add three numbers","Add all three numbers.","3 + 9 + 2 = ?","","18 | 14 | 16 | 10","14","Add two of the numbers first, then add the third.","Add the first two: 3 + 9 = 12. → Then add the last one: 12 + 2 = 14."
"1.OA.A.2","Adding & subtracting","Add three numbers","Add all three numbers.","8 + 9 + 2 = ?","","16 | 20 | 19 | 18","19","Look for two numbers that make 10.","8 + 2 = 10, so make that ten first. → 10 + 9 = 19"
"1.OA.A.2","Adding & subtracting","Add three numbers","Add all three numbers.","6 + 7 + 2 = ?","","15 | 13 | 19 | 14","15","Add two of the numbers first, then add the third.","Add the first two: 6 + 7 = 13. → Then add the last one: 13 + 2 = 15."
"1.OA.A.2","Adding & subtracting","Add three numbers","Ines has 7 red buttons, 1 blue buttons, and 1 green buttons. How many buttons does Ines have in all?","","pictures","9 | 5 | 6 | 12","9","Add two of the numbers first, then add the third.","Add the first two: 7 + 1 = 8. → Then add the last one: 8 + 1 = 9. → Ines has 9 buttons in all."
"1.OA.A.2","Adding & subtracting","Add three numbers","Hana has 3 red stickers, 5 blue stickers, and 3 green stickers. How many stickers does Hana have in all?","","pictures","9 | 11 | 10 | 7","11","Add two of the numbers first, then add the third.","Add the first two: 3 + 5 = 8. → Then add the last one: 8 + 3 = 11. → Hana has 11 stickers in all."
"1.OA.A.2","Adding & subtracting","Add three numbers","Nia has 6 red balloons, 7 blue balloons, and 1 green balloons. How many balloons does Nia have in all?","","pictures","18 | 17 | 14 | 12","14","Add two of the numbers first, then add the third.","Add the first two: 6 + 7 = 13. → Then add the last one: 13 + 1 = 14. → Nia has 14 balloons in all."
"1.OA.A.2","Adding & subtracting","Add three numbers","Add all three numbers.","1 + 6 + 9 = ?","","13 | 15 | 16 | 18","16","Look for two numbers that make 10.","1 + 9 = 10, so make that ten first. → 10 + 6 = 16"
"1.OA.A.2","Adding & subtracting","Add three numbers","Add all three numbers.","8 + 9 + 3 = ?","","16 | 18 | 20 | 19","20","Add two of the numbers first, then add the third.","Add the first two: 8 + 9 = 17. → Then add the last one: 17 + 3 = 20."
"1.OA.A.2","Adding & subtracting","Add three numbers","Add all three numbers.","8 + 7 + 4 = ?","","17 | 16 | 20 | 19","19","Add two of the numbers first, then add the third.","Add the first two: 8 + 7 = 15. → Then add the last one: 15 + 4 = 19."
"1.OA.A.2","Adding & subtracting","Add three numbers","Add all three numbers.","7 + 1 + 5 = ?","","11 | 16 | 17 | 13","13","Add two of the numbers first, then add the third.","Add the first two: 7 + 1 = 8. → Then add the last one: 8 + 5 = 13."
"1.OA.A.2","Adding & subtracting","Add three numbers","Lena has 2 red stickers, 5 blue stickers, and 6 green stickers. How many stickers does Lena have in all?","","pictures","11 | 12 | 9 | 13","13","Add two of the numbers first, then add the third.","Add the first two: 2 + 5 = 7. → Then add the last one: 7 + 6 = 13. → Lena has 13 stickers in all."
"1.OA.A.2","Adding & subtracting","Add three numbers","Add all three numbers.","8 + 4 + 4 = ?","","14 | 15 | 16 | 13","16","Add two of the numbers first, then add the third.","Add the first two: 8 + 4 = 12. → Then add the last one: 12 + 4 = 16."
"1.OA.A.2","Adding & subtracting","Add three numbers","Add all three numbers.","5 + 4 + 9 = ?","","18 | 14 | 17 | 20","18","Add two of the numbers first, then add the third.","Add the first two: 5 + 4 = 9. → Then add the last one: 9 + 9 = 18."
"1.OA.A.2","Adding & subtracting","Add three numbers","Luca has 6 red buttons, 7 blue buttons, and 1 green buttons. How many buttons does Luca have in all?","","pictures","15 | 10 | 14 | 18","14","Add two of the numbers first, then add the third.","Add the first two: 6 + 7 = 13. → Then add the last one: 13 + 1 = 14. → Luca has 14 buttons in all."
"1.OA.A.2","Adding & subtracting","Add three numbers","Add all three numbers.","5 + 8 + 3 = ?","","16 | 13 | 12 | 20","16","Add two of the numbers first, then add the third.","Add the first two: 5 + 8 = 13. → Then add the last one: 13 + 3 = 16."
"1.OA.A.2","Adding & subtracting","Add three numbers","Add all three numbers.","6 + 7 + 7 = ?","","17 | 20 | 19 | 16","20","Add two of the numbers first, then add the third.","Add the first two: 6 + 7 = 13. → Then add the last one: 13 + 7 = 20."
"1.OA.A.2","Adding & subtracting","Add three numbers","Ada has 6 red stickers, 6 blue stickers, and 2 green stickers. How many stickers does Ada have in all?","","pictures","12 | 18 | 14 | 10","14","Add two of the numbers first, then add the third.","Add the first two: 6 + 6 = 12. → Then add the last one: 12 + 2 = 14. → Ada has 14 stickers in all."
"1.OA.A.2","Adding & subtracting","Add three numbers","Zoe has 2 red stickers, 3 blue stickers, and 12 green stickers. How many stickers does Zoe have in all?","","pictures","13 | 17 | 16 | 15","17","Add two of the numbers first, then add the third.","Add the first two: 2 + 3 = 5. → Then add the last one: 5 + 12 = 17. → Zoe has 17 stickers in all."
"1.OA.A.2","Adding & subtracting","Add three numbers","Add all three numbers.","1 + 4 + 3 = ?","","4 | 9 | 10 | 8","8","Add two of the numbers first, then add the third.","Add the first two: 1 + 4 = 5. → Then add the last one: 5 + 3 = 8."
"1.OA.A.2","Adding & subtracting","Add three numbers","Add all three numbers.","5 + 3 + 11 = ?","","18 | 16 | 15 | 19","19","Add two of the numbers first, then add the third.","Add the first two: 5 + 3 = 8. → Then add the last one: 8 + 11 = 19."
"1.OA.A.2","Adding & subtracting","Add three numbers","Add all three numbers.","6 + 2 + 10 = ?","","18 | 17 | 15 | 19","18","Add two of the numbers first, then add the third.","Add the first two: 6 + 2 = 8. → Then add the last one: 8 + 10 = 18."
"1.OA.A.2","Adding & subtracting","Add three numbers","Ada has 4 red balloons, 1 blue balloons, and 11 green balloons. How many balloons does Ada have in all?","","pictures","12 | 19 | 14 | 16","16","Add two of the numbers first, then add the third.","Add the first two: 4 + 1 = 5. → Then add the last one: 5 + 11 = 16. → Ada has 16 balloons in all."
"1.OA.A.2","Adding & subtracting","Add three numbers","Add all three numbers.","6 + 6 + 5 = ?","","17 | 14 | 20 | 13","17","Add two of the numbers first, then add the third.","Add the first two: 6 + 6 = 12. → Then add the last one: 12 + 5 = 17."
"1.OA.A.2","Adding & subtracting","Add three numbers","Add all three numbers.","2 + 6 + 4 = ?","","10 | 9 | 8 | 12","12","Look for two numbers that make 10.","6 + 4 = 10, so make that ten first. → 10 + 2 = 12"
"1.OA.A.2","Adding & subtracting","Add three numbers","Leo has 3 red blocks, 9 blue blocks, and 2 green blocks. How many blocks does Leo have in all?","","pictures","18 | 14 | 11 | 15","14","Add two of the numbers first, then add the third.","Add the first two: 3 + 9 = 12. → Then add the last one: 12 + 2 = 14. → Leo has 14 blocks in all."
"1.OA.A.2","Adding & subtracting","Add three numbers","Ravi has 8 red stickers, 3 blue stickers, and 6 green stickers. How many stickers does Ravi have in all?","","pictures","15 | 18 | 17 | 19","17","Add two of the numbers first, then add the third.","Add the first two: 8 + 3 = 11. → Then add the last one: 11 + 6 = 17. → Ravi has 17 stickers in all."
"1.OA.A.2","Adding & subtracting","Add three numbers","Add all three numbers.","10 + 8 + 2 = ?","","16 | 18 | 19 | 20","20","Look for two numbers that make 10.","8 + 2 = 10, so make that ten first. → 10 + 10 = 20"
"1.OA.A.2","Adding & subtracting","Add three numbers","Add all three numbers.","9 + 2 + 4 = ?","","11 | 15 | 17 | 18","15","Add two of the numbers first, then add the third.","Add the first two: 9 + 2 = 11. → Then add the last one: 11 + 4 = 15."
"1.OA.A.2","Adding & subtracting","Add three numbers","Yara has 9 red kites, 7 blue kites, and 3 green kites. How many kites does Yara have in all?","","pictures","19 | 20 | 18 | 15","19","Look for two numbers that make 10.","7 + 3 = 10, so make that ten first. → 10 + 9 = 19 → Yara has 19 kites in all."
"1.OA.A.2","Adding & subtracting","Add three numbers","Add all three numbers.","4 + 4 + 12 = ?","","19 | 16 | 17 | 20","20","Add two of the numbers first, then add the third.","Add the first two: 4 + 4 = 8. → Then add the last one: 8 + 12 = 20."
"1.OA.A.2","Adding & subtracting","Add three numbers","Noah has 5 red kites, 8 blue kites, and 1 green kites. How many kites does Noah have in all?","","pictures","12 | 14 | 16 | 11","14","Add two of the numbers first, then add the third.","Add the first two: 5 + 8 = 13. → Then add the last one: 13 + 1 = 14. → Noah has 14 kites in all."
"1.OA.A.2","Adding & subtracting","Add three numbers","Tomas has 10 red balloons, 3 blue balloons, and 3 green balloons. How many balloons does Tomas have in all?","","pictures","13 | 16 | 12 | 19","16","Add two of the numbers first, then add the third.","Add the first two: 10 + 3 = 13. → Then add the last one: 13 + 3 = 16. → Tomas has 16 balloons in all."
"1.OA.A.2","Adding & subtracting","Add three numbers","Add all three numbers.","6 + 8 + 2 = ?","","18 | 16 | 15 | 14","16","Look for two numbers that make 10.","8 + 2 = 10, so make that ten first. → 10 + 6 = 16"
"1.OA.A.2","Adding & subtracting","Add three numbers","Tomas has 4 red kites, 1 blue kites, and 13 green kites. How many kites does Tomas have in all?","","pictures","20 | 19 | 18 | 14","18","Add two of the numbers first, then add the third.","Add the first two: 4 + 1 = 5. → Then add the last one: 5 + 13 = 18. → Tomas has 18 kites in all."
"1.OA.A.2","Adding & subtracting","Add three numbers","Add all three numbers.","5 + 9 + 3 = ?","","13 | 19 | 16 | 17","17","Add two of the numbers first, then add the third.","Add the first two: 5 + 9 = 14. → Then add the last one: 14 + 3 = 17."
"1.OA.A.2","Adding & subtracting","Add three numbers","Add all three numbers.","6 + 6 + 6 = ?","","17 | 19 | 18 | 14","18","Add two of the numbers first, then add the third.","Add the first two: 6 + 6 = 12. → Then add the last one: 12 + 6 = 18."
"1.OA.A.2","Adding & subtracting","Add three numbers","Add all three numbers.","8 + 9 + 3 = ?","","18 | 19 | 20 | 16","20","Add two of the numbers first, then add the third.","Add the first two: 8 + 9 = 17. → Then add the last one: 17 + 3 = 20."
"1.OA.A.2","Adding & subtracting","Add three numbers","Femi has 6 red buttons, 8 blue buttons, and 2 green buttons. How many buttons does Femi have in all?","","pictures","17 | 20 | 16 | 13","16","Look for two numbers that make 10.","8 + 2 = 10, so make that ten first. → 10 + 6 = 16 → Femi has 16 buttons in all."
"1.OA.A.2","Adding & subtracting","Add three numbers","Add all three numbers.","5 + 1 + 3 = ?","","12 | 9 | 13 | 11","9","Add two of the numbers first, then add the third.","Add the first two: 5 + 1 = 6. → Then add the last one: 6 + 3 = 9."
"1.OA.A.2","Adding & subtracting","Add three numbers","Add all three numbers.","2 + 8 + 4 = ?","","14 | 11 | 13 | 15","14","Look for two numbers that make 10.","2 + 8 = 10, so make that ten first. → 10 + 4 = 14"
"1.OA.A.2","Adding & subtracting","Add three numbers","Add all three numbers.","5 + 9 + 6 = ?","","18 | 16 | 20 | 17","20","Add two of the numbers first, then add the third.","Add the first two: 5 + 9 = 14. → Then add the last one: 14 + 6 = 20."
"1.OA.A.2","Adding & subtracting","Add three numbers","Ravi has 4 red balloons, 8 blue balloons, and 3 green balloons. How many balloons does Ravi have in all?","","pictures","14 | 15 | 18 | 19","15","Add two of the numbers first, then add the third.","Add the first two: 4 + 8 = 12. → Then add the last one: 12 + 3 = 15. → Ravi has 15 balloons in all."
"1.OA.A.2","Adding & subtracting","Add three numbers","Add all three numbers.","2 + 9 + 2 = ?","","10 | 9 | 11 | 13","13","Add two of the numbers first, then add the third.","Add the first two: 2 + 9 = 11. → Then add the last one: 11 + 2 = 13."
"1.OA.A.2","Adding & subtracting","Add three numbers","Add all three numbers.","7 + 6 + 2 = ?","","11 | 15 | 18 | 12","15","Add two of the numbers first, then add the third.","Add the first two: 7 + 6 = 13. → Then add the last one: 13 + 2 = 15."
"1.OA.A.2","Adding & subtracting","Add three numbers","Add all three numbers.","7 + 6 + 4 = ?","","20 | 17 | 16 | 19","17","Look for two numbers that make 10.","6 + 4 = 10, so make that ten first. → 10 + 7 = 17"
"1.OA.A.2","Adding & subtracting","Add three numbers","Add all three numbers.","2 + 4 + 4 = ?","","6 | 13 | 14 | 10","10","Add two of the numbers first, then add the third.","Add the first two: 2 + 4 = 6. → Then add the last one: 6 + 4 = 10."
"1.OA.A.2","Adding & subtracting","Add three numbers","Add all three numbers.","10 + 3 + 2 = ?","","19 | 11 | 15 | 12","15","Add two of the numbers first, then add the third.","Add the first two: 10 + 3 = 13. → Then add the last one: 13 + 2 = 15."
"1.OA.A.2","Adding & subtracting","Add three numbers","Aya has 2 red blocks, 1 blue blocks, and 10 green blocks. How many blocks does Aya have in all?","","pictures","13 | 9 | 12 | 17","13","Add two of the numbers first, then add the third.","Add the first two: 2 + 1 = 3. → Then add the last one: 3 + 10 = 13. → Aya has 13 blocks in all."
"1.OA.B.3","Adding & subtracting","Number tricks","Use what you know.","4 + 8 = ? (You know 8 + 4 = 12. Switch the order!)","","9 | 11 | 12 | 16","12","Switching the two numbers does not change the total.","8 + 4 = 12 is given. → 4 + 8 uses the same two numbers in a different order. → The total stays the same: 12."
"1.OA.B.3","Adding & subtracting","Number tricks","Make a ten to add.","9 + 9 + 1 = ? (Tip: 9 + 1 make 10.)","","16 | 17 | 19 | 20","19","Add 9 and 1 first — they make 10.","9 + 1 = 10. → Now add the ten to 9: 9 + 10 = 19."
"1.OA.B.3","Adding & subtracting","Number tricks","Make a ten to add.","5 + 8 + 2 = ? (Tip: 8 + 2 make 10.)","","17 | 12 | 15 | 14","15","Add 8 and 2 first — they make 10.","8 + 2 = 10. → Now add the ten to 5: 5 + 10 = 15."
"1.OA.B.3","Adding & subtracting","Number tricks","Use what you know.","8 + 10 = ? (You know 10 + 8 = 18. Switch the order!)","","20 | 17 | 18 | 14","18","Switching the two numbers does not change the total.","10 + 8 = 18 is given. → 8 + 10 uses the same two numbers in a different order. → The total stays the same: 18."
"1.OA.B.3","Adding & subtracting","Number tricks","Which has the same answer as 3 + 7?","","","7 − 3 | 7 + 3 | 3 + 8 | 4 + 7","7 + 3","Look for the same two numbers, just switched.","3 + 7 = 10. → 7 + 3 is the same two numbers switched around. → So 7 + 3 = 10 too."
"1.OA.B.3","Adding & subtracting","Number tricks","Which has the same answer as 4 + 15?","","","4 + 16 | 15 + 4 | 15 − 4 | 5 + 15","15 + 4","Look for the same two numbers, just switched.","4 + 15 = 19. → 15 + 4 is the same two numbers switched around. → So 15 + 4 = 19 too."
"1.OA.B.3","Adding & subtracting","Number tricks","Use what you know.","4 + 5 = ? (You know 5 + 4 = 9. Switch the order!)","","13 | 10 | 8 | 9","9","Switching the two numbers does not change the total.","5 + 4 = 9 is given. → 4 + 5 uses the same two numbers in a different order. → The total stays the same: 9."
"1.OA.B.3","Adding & subtracting","Number tricks","Use what you know.","5 + 4 = ? (You know 4 + 5 = 9. Switch the order!)","","7 | 9 | 6 | 8","9","Switching the two numbers does not change the total.","4 + 5 = 9 is given. → 5 + 4 uses the same two numbers in a different order. → The total stays the same: 9."
"1.OA.B.3","Adding & subtracting","Number tricks","Find the missing number.","7 + 8 = 8 + ? (Switching the order keeps the same total.)","","9 | 7 | 4 | 11","7","Both sides must have the same total. Which number is missing on the right?","The left side is 7 + 8 = 15. → The right side must also make 15. → 8 + 7 = 15, so the missing number is 7."
"1.OA.B.3","Adding & subtracting","Number tricks","Which has the same answer as 7 + 1?","","","7 − 1 | 8 + 1 | 7 + 2 | 1 + 7","1 + 7","Look for the same two numbers, just switched.","7 + 1 = 8. → 1 + 7 is the same two numbers switched around. → So 1 + 7 = 8 too."
"1.OA.B.3","Adding & subtracting","Number tricks","Make a ten to add.","4 + 8 + 2 = ? (Tip: 8 + 2 make 10.)","","17 | 16 | 10 | 14","14","Add 8 and 2 first — they make 10.","8 + 2 = 10. → Now add the ten to 4: 4 + 10 = 14."
"1.OA.B.3","Adding & subtracting","Number tricks","Find the missing number.","1 + 6 = 6 + ? (Switching the order keeps the same total.)","","1 | 2 | 5 | 0","1","Both sides must have the same total. Which number is missing on the right?","The left side is 1 + 6 = 7. → The right side must also make 7. → 6 + 1 = 7, so the missing number is 1."
"1.OA.B.3","Adding & subtracting","Number tricks","Find the missing number.","1 + 9 = 9 + ? (Switching the order keeps the same total.)","","1 | 5 | 4 | 3","1","Both sides must have the same total. Which number is missing on the right?","The left side is 1 + 9 = 10. → The right side must also make 10. → 9 + 1 = 10, so the missing number is 1."
"1.OA.B.3","Adding & subtracting","Number tricks","Find the missing number.","8 + 1 = 1 + ? (Switching the order keeps the same total.)","","8 | 9 | 4 | 12","8","Both sides must have the same total. Which number is missing on the right?","The left side is 8 + 1 = 9. → The right side must also make 9. → 1 + 8 = 9, so the missing number is 8."
"1.OA.B.3","Adding & subtracting","Number tricks","Make a ten to add.","7 + 7 + 3 = ? (Tip: 7 + 3 make 10.)","","16 | 20 | 17 | 15","17","Add 7 and 3 first — they make 10.","7 + 3 = 10. → Now add the ten to 7: 7 + 10 = 17."
"1.OA.B.3","Adding & subtracting","Number tricks","Find the missing number.","1 + 1 = 1 + ? (Switching the order keeps the same total.)","","1 | 2 | 0 | 3","1","Both sides must have the same total. Which number is missing on the right?","The left side is 1 + 1 = 2. → The right side must also make 2. → 1 + 1 = 2, so the missing number is 1."
"1.OA.B.3","Adding & subtracting","Number tricks","Use what you know.","16 + 3 = ? (You know 3 + 16 = 19. Switch the order!)","","16 | 19 | 15 | 20","19","Switching the two numbers does not change the total.","3 + 16 = 19 is given. → 16 + 3 uses the same two numbers in a different order. → The total stays the same: 19."
"1.OA.B.3","Adding & subtracting","Number tricks","Find the missing number.","3 + 11 = 11 + ? (Switching the order keeps the same total.)","","3 | 6 | 5 | 2","3","Both sides must have the same total. Which number is missing on the right?","The left side is 3 + 11 = 14. → The right side must also make 14. → 11 + 3 = 14, so the missing number is 3."
"1.OA.B.3","Adding & subtracting","Number tricks","Use what you know.","9 + 2 = ? (You know 2 + 9 = 11. Switch the order!)","","12 | 11 | 9 | 13","11","Switching the two numbers does not change the total.","2 + 9 = 11 is given. → 9 + 2 uses the same two numbers in a different order. → The total stays the same: 11."
"1.OA.B.3","Adding & subtracting","Number tricks","Find the missing number.","6 + 8 = 8 + ? (Switching the order keeps the same total.)","","3 | 8 | 2 | 6","6","Both sides must have the same total. Which number is missing on the right?","The left side is 6 + 8 = 14. → The right side must also make 14. → 8 + 6 = 14, so the missing number is 6."
"1.OA.B.3","Adding & subtracting","Number tricks","Use what you know.","5 + 3 = ? (You know 3 + 5 = 8. Switch the order!)","","11 | 4 | 6 | 8","8","Switching the two numbers does not change the total.","3 + 5 = 8 is given. → 5 + 3 uses the same two numbers in a different order. → The total stays the same: 8."
"1.OA.B.3","Adding & subtracting","Number tricks","Use what you know.","9 + 7 = ? (You know 7 + 9 = 16. Switch the order!)","","13 | 19 | 16 | 14","16","Switching the two numbers does not change the total.","7 + 9 = 16 is given. → 9 + 7 uses the same two numbers in a different order. → The total stays the same: 16."
"1.OA.B.3","Adding & subtracting","Number tricks","Use what you know.","4 + 3 = ? (You know 3 + 4 = 7. Switch the order!)","","3 | 6 | 11 | 7","7","Switching the two numbers does not change the total.","3 + 4 = 7 is given. → 4 + 3 uses the same two numbers in a different order. → The total stays the same: 7."
"1.OA.B.3","Adding & subtracting","Number tricks","Use what you know.","7 + 9 = ? (You know 9 + 7 = 16. Switch the order!)","","16 | 19 | 17 | 13","16","Switching the two numbers does not change the total.","9 + 7 = 16 is given. → 7 + 9 uses the same two numbers in a different order. → The total stays the same: 16."
"1.OA.B.3","Adding & subtracting","Number tricks","Make a ten to add.","7 + 3 + 7 = ? (Tip: 3 + 7 make 10.)","","13 | 17 | 15 | 16","17","Add 3 and 7 first — they make 10.","3 + 7 = 10. → Now add the ten to 7: 7 + 10 = 17."
"1.OA.B.3","Adding & subtracting","Number tricks","Which has the same answer as 7 + 12?","","","12 − 7 | 7 + 13 | 12 + 7 | 8 + 12","12 + 7","Look for the same two numbers, just switched.","7 + 12 = 19. → 12 + 7 is the same two numbers switched around. → So 12 + 7 = 19 too."
"1.OA.B.3","Adding & subtracting","Number tricks","Make a ten to add.","10 + 6 + 4 = ? (Tip: 6 + 4 make 10.)","","16 | 19 | 18 | 20","20","Add 6 and 4 first — they make 10.","6 + 4 = 10. → Now add the ten to 10: 10 + 10 = 20."
"1.OA.B.3","Adding & subtracting","Number tricks","Use what you know.","6 + 5 = ? (You know 5 + 6 = 11. Switch the order!)","","10 | 11 | 8 | 13","11","Switching the two numbers does not change the total.","5 + 6 = 11 is given. → 6 + 5 uses the same two numbers in a different order. → The total stays the same: 11."
"1.OA.B.3","Adding & subtracting","Number tricks","Use what you know.","8 + 9 = ? (You know 9 + 8 = 17. Switch the order!)","","15 | 19 | 17 | 20","17","Switching the two numbers does not change the total.","9 + 8 = 17 is given. → 8 + 9 uses the same two numbers in a different order. → The total stays the same: 17."
"1.OA.B.3","Adding & subtracting","Number tricks","Make a ten to add.","1 + 4 + 6 = ? (Tip: 4 + 6 make 10.)","","13 | 14 | 11 | 12","11","Add 4 and 6 first — they make 10.","4 + 6 = 10. → Now add the ten to 1: 1 + 10 = 11."
"1.OA.B.3","Adding & subtracting","Number tricks","Find the missing number.","8 + 3 = 3 + ? (Switching the order keeps the same total.)","","5 | 10 | 4 | 8","8","Both sides must have the same total. Which number is missing on the right?","The left side is 8 + 3 = 11. → The right side must also make 11. → 3 + 8 = 11, so the missing number is 8."
"1.OA.B.3","Adding & subtracting","Number tricks","Which has the same answer as 6 + 14?","","","6 + 15 | 14 + 6 | 14 − 6 | 7 + 14","14 + 6","Look for the same two numbers, just switched.","6 + 14 = 20. → 14 + 6 is the same two numbers switched around. → So 14 + 6 = 20 too."
"1.OA.B.3","Adding & subtracting","Number tricks","Which has the same answer as 2 + 13?","","","2 + 14 | 3 + 13 | 13 − 2 | 13 + 2","13 + 2","Look for the same two numbers, just switched.","2 + 13 = 15. → 13 + 2 is the same two numbers switched around. → So 13 + 2 = 15 too."
"1.OA.B.3","Adding & subtracting","Number tricks","Find the missing number.","3 + 12 = 12 + ? (Switching the order keeps the same total.)","","7 | 3 | 1 | 2","3","Both sides must have the same total. Which number is missing on the right?","The left side is 3 + 12 = 15. → The right side must also make 15. → 12 + 3 = 15, so the missing number is 3."
"1.OA.B.3","Adding & subtracting","Number tricks","Use what you know.","8 + 6 = ? (You know 6 + 8 = 14. Switch the order!)","","14 | 10 | 12 | 11","14","Switching the two numbers does not change the total.","6 + 8 = 14 is given. → 8 + 6 uses the same two numbers in a different order. → The total stays the same: 14."
"1.OA.B.3","Adding & subtracting","Number tricks","Which has the same answer as 7 + 13?","","","13 + 7 | 8 + 13 | 7 + 14 | 13 − 7","13 + 7","Look for the same two numbers, just switched.","7 + 13 = 20. → 13 + 7 is the same two numbers switched around. → So 13 + 7 = 20 too."
"1.OA.B.3","Adding & subtracting","Number tricks","Which has the same answer as 6 + 11?","","","7 + 11 | 11 − 6 | 11 + 6 | 6 + 12","11 + 6","Look for the same two numbers, just switched.","6 + 11 = 17. → 11 + 6 is the same two numbers switched around. → So 11 + 6 = 17 too."
"1.OA.B.3","Adding & subtracting","Number tricks","Make a ten to add.","5 + 2 + 8 = ? (Tip: 2 + 8 make 10.)","","15 | 17 | 18 | 19","15","Add 2 and 8 first — they make 10.","2 + 8 = 10. → Now add the ten to 5: 5 + 10 = 15."
"1.OA.B.3","Adding & subtracting","Number tricks","Make a ten to add.","9 + 5 + 5 = ? (Tip: 5 + 5 make 10.)","","15 | 19 | 16 | 17","19","Add 5 and 5 first — they make 10.","5 + 5 = 10. → Now add the ten to 9: 9 + 10 = 19."
"1.OA.B.3","Adding & subtracting","Number tricks","Make a ten to add.","3 + 3 + 7 = ? (Tip: 3 + 7 make 10.)","","14 | 10 | 11 | 13","13","Add 3 and 7 first — they make 10.","3 + 7 = 10. → Now add the ten to 3: 3 + 10 = 13."
"1.OA.B.3","Adding & subtracting","Number tricks","Find the missing number.","10 + 5 = 5 + ? (Switching the order keeps the same total.)","","11 | 10 | 6 | 9","10","Both sides must have the same total. Which number is missing on the right?","The left side is 10 + 5 = 15. → The right side must also make 15. → 5 + 10 = 15, so the missing number is 10."
"1.OA.B.3","Adding & subtracting","Number tricks","Find the missing number.","7 + 11 = 11 + ? (Switching the order keeps the same total.)","","5 | 7 | 6 | 9","7","Both sides must have the same total. Which number is missing on the right?","The left side is 7 + 11 = 18. → The right side must also make 18. → 11 + 7 = 18, so the missing number is 7."
"1.OA.B.3","Adding & subtracting","Number tricks","Make a ten to add.","4 + 9 + 1 = ? (Tip: 9 + 1 make 10.)","","13 | 11 | 14 | 15","14","Add 9 and 1 first — they make 10.","9 + 1 = 10. → Now add the ten to 4: 4 + 10 = 14."
"1.OA.B.3","Adding & subtracting","Number tricks","Find the missing number.","2 + 3 = 3 + ? (Switching the order keeps the same total.)","","1 | 3 | 2 | 6","2","Both sides must have the same total. Which number is missing on the right?","The left side is 2 + 3 = 5. → The right side must also make 5. → 3 + 2 = 5, so the missing number is 2."
"1.OA.B.3","Adding & subtracting","Number tricks","Find the missing number.","6 + 11 = 11 + ? (Switching the order keeps the same total.)","","5 | 7 | 4 | 6","6","Both sides must have the same total. Which number is missing on the right?","The left side is 6 + 11 = 17. → The right side must also make 17. → 11 + 6 = 17, so the missing number is 6."
"1.OA.B.3","Adding & subtracting","Number tricks","Which has the same answer as 9 + 5?","","","5 + 9 | 9 − 5 | 5 − 9 | 9 + 6","5 + 9","Look for the same two numbers, just switched.","9 + 5 = 14. → 5 + 9 is the same two numbers switched around. → So 5 + 9 = 14 too."
"1.OA.B.3","Adding & subtracting","Number tricks","Find the missing number.","2 + 12 = 12 + ? (Switching the order keeps the same total.)","","4 | 0 | 2 | 6","2","Both sides must have the same total. Which number is missing on the right?","The left side is 2 + 12 = 14. → The right side must also make 14. → 12 + 2 = 14, so the missing number is 2."
"1.OA.B.3","Adding & subtracting","Number tricks","Which has the same answer as 9 + 2?","","","2 + 9 | 9 − 2 | 10 + 2 | 2 − 9","2 + 9","Look for the same two numbers, just switched.","9 + 2 = 11. → 2 + 9 is the same two numbers switched around. → So 2 + 9 = 11 too."
"1.OA.B.3","Adding & subtracting","Number tricks","Which has the same answer as 4 + 5?","","","5 + 4 | 4 + 6 | 5 − 4 | 5 + 5","5 + 4","Look for the same two numbers, just switched.","4 + 5 = 9. → 5 + 4 is the same two numbers switched around. → So 5 + 4 = 9 too."
"1.OA.B.3","Adding & subtracting","Number tricks","Make a ten to add.","9 + 9 + 1 = ? (Tip: 9 + 1 make 10.)","","18 | 19 | 20 | 17","19","Add 9 and 1 first — they make 10.","9 + 1 = 10. → Now add the ten to 9: 9 + 10 = 19."
"1.OA.B.3","Adding & subtracting","Number tricks","Find the missing number.","5 + 15 = 15 + ? (Switching the order keeps the same total.)","","7 | 6 | 9 | 5","5","Both sides must have the same total. Which number is missing on the right?","The left side is 5 + 15 = 20. → The right side must also make 20. → 15 + 5 = 20, so the missing number is 5."
"1.OA.B.3","Adding & subtracting","Number tricks","Find the missing number.","10 + 8 = 8 + ? (Switching the order keeps the same total.)","","14 | 11 | 10 | 8","10","Both sides must have the same total. Which number is missing on the right?","The left side is 10 + 8 = 18. → The right side must also make 18. → 8 + 10 = 18, so the missing number is 10."
"1.OA.B.3","Adding & subtracting","Number tricks","Which has the same answer as 4 + 14?","","","14 + 4 | 4 + 15 | 5 + 14 | 14 − 4","14 + 4","Look for the same two numbers, just switched.","4 + 14 = 18. → 14 + 4 is the same two numbers switched around. → So 14 + 4 = 18 too."
"1.OA.B.3","Adding & subtracting","Number tricks","Find the missing number.","9 + 6 = 6 + ? (Switching the order keeps the same total.)","","10 | 9 | 7 | 5","9","Both sides must have the same total. Which number is missing on the right?","The left side is 9 + 6 = 15. → The right side must also make 15. → 6 + 9 = 15, so the missing number is 9."
"1.OA.B.3","Adding & subtracting","Number tricks","Find the missing number.","6 + 14 = 14 + ? (Switching the order keeps the same total.)","","9 | 6 | 5 | 2","6","Both sides must have the same total. Which number is missing on the right?","The left side is 6 + 14 = 20. → The right side must also make 20. → 14 + 6 = 20, so the missing number is 6."
"1.OA.B.3","Adding & subtracting","Number tricks","Make a ten to add.","5 + 2 + 8 = ? (Tip: 2 + 8 make 10.)","","12 | 15 | 19 | 14","15","Add 2 and 8 first — they make 10.","2 + 8 = 10. → Now add the ten to 5: 5 + 10 = 15."
"1.OA.B.3","Adding & subtracting","Number tricks","Use what you know.","6 + 2 = ? (You know 2 + 6 = 8. Switch the order!)","","7 | 6 | 8 | 9","8","Switching the two numbers does not change the total.","2 + 6 = 8 is given. → 6 + 2 uses the same two numbers in a different order. → The total stays the same: 8."
"1.OA.B.3","Adding & subtracting","Number tricks","Make a ten to add.","5 + 4 + 6 = ? (Tip: 4 + 6 make 10.)","","17 | 15 | 14 | 12","15","Add 4 and 6 first — they make 10.","4 + 6 = 10. → Now add the ten to 5: 5 + 10 = 15."
"1.OA.B.3","Adding & subtracting","Number tricks","Find the missing number.","2 + 5 = 5 + ? (Switching the order keeps the same total.)","","1 | 6 | 3 | 2","2","Both sides must have the same total. Which number is missing on the right?","The left side is 2 + 5 = 7. → The right side must also make 7. → 5 + 2 = 7, so the missing number is 2."
"1.OA.B.3","Adding & subtracting","Number tricks","Make a ten to add.","7 + 7 + 3 = ? (Tip: 7 + 3 make 10.)","","14 | 18 | 17 | 16","17","Add 7 and 3 first — they make 10.","7 + 3 = 10. → Now add the ten to 7: 7 + 10 = 17."
"1.OA.B.3","Adding & subtracting","Number tricks","Find the missing number.","4 + 14 = 14 + ? (Switching the order keeps the same total.)","","7 | 3 | 4 | 8","4","Both sides must have the same total. Which number is missing on the right?","The left side is 4 + 14 = 18. → The right side must also make 18. → 14 + 4 = 18, so the missing number is 4."
"1.OA.B.3","Adding & subtracting","Number tricks","Make a ten to add.","9 + 9 + 1 = ? (Tip: 9 + 1 make 10.)","","18 | 19 | 16 | 20","19","Add 9 and 1 first — they make 10.","9 + 1 = 10. → Now add the ten to 9: 9 + 10 = 19."
"1.OA.B.3","Adding & subtracting","Number tricks","Use what you know.","7 + 10 = ? (You know 10 + 7 = 17. Switch the order!)","","15 | 17 | 14 | 18","17","Switching the two numbers does not change the total.","10 + 7 = 17 is given. → 7 + 10 uses the same two numbers in a different order. → The total stays the same: 17."
"1.OA.B.3","Adding & subtracting","Number tricks","Which has the same answer as 3 + 10?","","","4 + 10 | 3 + 11 | 10 − 3 | 10 + 3","10 + 3","Look for the same two numbers, just switched.","3 + 10 = 13. → 10 + 3 is the same two numbers switched around. → So 10 + 3 = 13 too."
"1.OA.B.3","Adding & subtracting","Number tricks","Use what you know.","4 + 6 = ? (You know 6 + 4 = 10. Switch the order!)","","8 | 12 | 10 | 7","10","Switching the two numbers does not change the total.","6 + 4 = 10 is given. → 4 + 6 uses the same two numbers in a different order. → The total stays the same: 10."
"1.OA.B.3","Adding & subtracting","Number tricks","Find the missing number.","9 + 3 = 3 + ? (Switching the order keeps the same total.)","","13 | 11 | 9 | 12","9","Both sides must have the same total. Which number is missing on the right?","The left side is 9 + 3 = 12. → The right side must also make 12. → 3 + 9 = 12, so the missing number is 9."
"1.OA.B.3","Adding & subtracting","Number tricks","Make a ten to add.","8 + 2 + 8 = ? (Tip: 2 + 8 make 10.)","","15 | 18 | 19 | 16","18","Add 2 and 8 first — they make 10.","2 + 8 = 10. → Now add the ten to 8: 8 + 10 = 18."
"1.OA.B.3","Adding & subtracting","Number tricks","Find the missing number.","7 + 11 = 11 + ? (Switching the order keeps the same total.)","","7 | 3 | 5 | 8","7","Both sides must have the same total. Which number is missing on the right?","The left side is 7 + 11 = 18. → The right side must also make 18. → 11 + 7 = 18, so the missing number is 7."
"1.OA.B.3","Adding & subtracting","Number tricks","Make a ten to add.","9 + 4 + 6 = ? (Tip: 4 + 6 make 10.)","","15 | 18 | 19 | 16","19","Add 4 and 6 first — they make 10.","4 + 6 = 10. → Now add the ten to 9: 9 + 10 = 19."
"1.OA.B.3","Adding & subtracting","Number tricks","Make a ten to add.","8 + 6 + 4 = ? (Tip: 6 + 4 make 10.)","","19 | 18 | 15 | 17","18","Add 6 and 4 first — they make 10.","6 + 4 = 10. → Now add the ten to 8: 8 + 10 = 18."
"1.OA.B.3","Adding & subtracting","Number tricks","Find the missing number.","5 + 11 = 11 + ? (Switching the order keeps the same total.)","","5 | 3 | 4 | 6","5","Both sides must have the same total. Which number is missing on the right?","The left side is 5 + 11 = 16. → The right side must also make 16. → 11 + 5 = 16, so the missing number is 5."
"1.OA.B.3","Adding & subtracting","Number tricks","Use what you know.","3 + 2 = ? (You know 2 + 3 = 5. Switch the order!)","","5 | 4 | 7 | 8","5","Switching the two numbers does not change the total.","2 + 3 = 5 is given. → 3 + 2 uses the same two numbers in a different order. → The total stays the same: 5."
"1.OA.B.3","Adding & subtracting","Number tricks","Which has the same answer as 6 + 9?","","","9 − 6 | 6 + 10 | 9 + 6 | 7 + 9","9 + 6","Look for the same two numbers, just switched.","6 + 9 = 15. → 9 + 6 is the same two numbers switched around. → So 9 + 6 = 15 too."
"1.OA.B.3","Adding & subtracting","Number tricks","Make a ten to add.","1 + 2 + 8 = ? (Tip: 2 + 8 make 10.)","","11 | 7 | 8 | 13","11","Add 2 and 8 first — they make 10.","2 + 8 = 10. → Now add the ten to 1: 1 + 10 = 11."
"1.OA.B.3","Adding & subtracting","Number tricks","Use what you know.","2 + 2 = ? (You know 2 + 2 = 4. Switch the order!)","","4 | 2 | 6 | 3","4","Switching the two numbers does not change the total.","2 + 2 = 4 is given. → 2 + 2 uses the same two numbers in a different order. → The total stays the same: 4."
"1.OA.B.3","Adding & subtracting","Number tricks","Find the missing number.","8 + 10 = 10 + ? (Switching the order keeps the same total.)","","12 | 11 | 8 | 4","8","Both sides must have the same total. Which number is missing on the right?","The left side is 8 + 10 = 18. → The right side must also make 18. → 10 + 8 = 18, so the missing number is 8."
"1.OA.B.3","Adding & subtracting","Number tricks","Use what you know.","7 + 9 = ? (You know 9 + 7 = 16. Switch the order!)","","16 | 14 | 12 | 18","16","Switching the two numbers does not change the total.","9 + 7 = 16 is given. → 7 + 9 uses the same two numbers in a different order. → The total stays the same: 16."
"1.OA.B.3","Adding & subtracting","Number tricks","Find the missing number.","10 + 10 = 10 + ? (Switching the order keeps the same total.)","","7 | 10 | 9 | 14","10","Both sides must have the same total. Which number is missing on the right?","The left side is 10 + 10 = 20. → The right side must also make 20. → 10 + 10 = 20, so the missing number is 10."
"1.OA.B.3","Adding & subtracting","Number tricks","Make a ten to add.","7 + 9 + 1 = ? (Tip: 9 + 1 make 10.)","","15 | 18 | 17 | 13","17","Add 9 and 1 first — they make 10.","9 + 1 = 10. → Now add the ten to 7: 7 + 10 = 17."
"1.OA.B.3","Adding & subtracting","Number tricks","Use what you know.","10 + 10 = ? (You know 10 + 10 = 20. Switch the order!)","","19 | 18 | 20 | 16","20","Switching the two numbers does not change the total.","10 + 10 = 20 is given. → 10 + 10 uses the same two numbers in a different order. → The total stays the same: 20."
"1.OA.B.3","Adding & subtracting","Number tricks","Find the missing number.","10 + 8 = 8 + ? (Switching the order keeps the same total.)","","14 | 10 | 9 | 12","10","Both sides must have the same total. Which number is missing on the right?","The left side is 10 + 8 = 18. → The right side must also make 18. → 8 + 10 = 18, so the missing number is 10."
"1.OA.B.3","Adding & subtracting","Number tricks","Which has the same answer as 8 + 6?","","","6 + 8 | 8 − 6 | 6 − 8 | 8 + 7","6 + 8","Look for the same two numbers, just switched.","8 + 6 = 14. → 6 + 8 is the same two numbers switched around. → So 6 + 8 = 14 too."
"1.OA.B.3","Adding & subtracting","Number tricks","Find the missing number.","7 + 1 = 1 + ? (Switching the order keeps the same total.)","","3 | 11 | 7 | 5","7","Both sides must have the same total. Which number is missing on the right?","The left side is 7 + 1 = 8. → The right side must also make 8. → 1 + 7 = 8, so the missing number is 7."
"1.OA.B.3","Adding & subtracting","Number tricks","Which has the same answer as 3 + 7?","","","3 + 8 | 7 + 3 | 7 − 3 | 4 + 7","7 + 3","Look for the same two numbers, just switched.","3 + 7 = 10. → 7 + 3 is the same two numbers switched around. → So 7 + 3 = 10 too."
"1.OA.B.3","Adding & subtracting","Number tricks","Find the missing number.","8 + 10 = 10 + ? (Switching the order keeps the same total.)","","8 | 7 | 6 | 5","8","Both sides must have the same total. Which number is missing on the right?","The left side is 8 + 10 = 18. → The right side must also make 18. → 10 + 8 = 18, so the missing number is 8."
"1.OA.B.3","Adding & subtracting","Number tricks","Use what you know.","1 + 2 = ? (You know 2 + 1 = 3. Switch the order!)","","3 | 1 | 0 | 4","3","Switching the two numbers does not change the total.","2 + 1 = 3 is given. → 1 + 2 uses the same two numbers in a different order. → The total stays the same: 3."
"1.OA.B.3","Adding & subtracting","Number tricks","Use what you know.","9 + 10 = ? (You know 10 + 9 = 19. Switch the order!)","","19 | 17 | 20 | 15","19","Switching the two numbers does not change the total.","10 + 9 = 19 is given. → 9 + 10 uses the same two numbers in a different order. → The total stays the same: 19."
"1.OA.B.3","Adding & subtracting","Number tricks","Which has the same answer as 2 + 5?","","","5 − 2 | 2 + 6 | 5 + 2 | 3 + 5","5 + 2","Look for the same two numbers, just switched.","2 + 5 = 7. → 5 + 2 is the same two numbers switched around. → So 5 + 2 = 7 too."
"1.OA.B.3","Adding & subtracting","Number tricks","Find the missing number.","6 + 2 = 2 + ? (Switching the order keeps the same total.)","","4 | 5 | 6 | 2","6","Both sides must have the same total. Which number is missing on the right?","The left side is 6 + 2 = 8. → The right side must also make 8. → 2 + 6 = 8, so the missing number is 6."
"1.OA.B.3","Adding & subtracting","Number tricks","Use what you know.","2 + 5 = ? (You know 5 + 2 = 7. Switch the order!)","","7 | 8 | 9 | 11","7","Switching the two numbers does not change the total.","5 + 2 = 7 is given. → 2 + 5 uses the same two numbers in a different order. → The total stays the same: 7."
"1.OA.B.3","Adding & subtracting","Number tricks","Use what you know.","10 + 7 = ? (You know 7 + 10 = 17. Switch the order!)","","17 | 14 | 19 | 16","17","Switching the two numbers does not change the total.","7 + 10 = 17 is given. → 10 + 7 uses the same two numbers in a different order. → The total stays the same: 17."
"1.OA.B.3","Adding & subtracting","Number tricks","Find the missing number.","6 + 3 = 3 + ? (Switching the order keeps the same total.)","","6 | 7 | 5 | 3","6","Both sides must have the same total. Which number is missing on the right?","The left side is 6 + 3 = 9. → The right side must also make 9. → 3 + 6 = 9, so the missing number is 6."
"1.OA.B.3","Adding & subtracting","Number tricks","Use what you know.","13 + 4 = ? (You know 4 + 13 = 17. Switch the order!)","","15 | 16 | 17 | 20","17","Switching the two numbers does not change the total.","4 + 13 = 17 is given. → 13 + 4 uses the same two numbers in a different order. → The total stays the same: 17."
"1.OA.B.3","Adding & subtracting","Number tricks","Find the missing number.","8 + 2 = 2 + ? (Switching the order keeps the same total.)","","10 | 8 | 12 | 6","8","Both sides must have the same total. Which number is missing on the right?","The left side is 8 + 2 = 10. → The right side must also make 10. → 2 + 8 = 10, so the missing number is 8."
"1.OA.B.3","Adding & subtracting","Number tricks","Make a ten to add.","8 + 7 + 3 = ? (Tip: 7 + 3 make 10.)","","20 | 16 | 18 | 14","18","Add 7 and 3 first — they make 10.","7 + 3 = 10. → Now add the ten to 8: 8 + 10 = 18."
"1.OA.B.3","Adding & subtracting","Number tricks","Make a ten to add.","3 + 5 + 5 = ? (Tip: 5 + 5 make 10.)","","14 | 9 | 13 | 15","13","Add 5 and 5 first — they make 10.","5 + 5 = 10. → Now add the ten to 3: 3 + 10 = 13."
"1.OA.B.3","Adding & subtracting","Number tricks","Which has the same answer as 6 + 8?","","","8 − 6 | 8 + 6 | 6 + 9 | 7 + 8","8 + 6","Look for the same two numbers, just switched.","6 + 8 = 14. → 8 + 6 is the same two numbers switched around. → So 8 + 6 = 14 too."
"1.OA.B.3","Adding & subtracting","Number tricks","Which has the same answer as 8 + 4?","","","4 + 8 | 8 − 4 | 4 − 8 | 8 + 5","4 + 8","Look for the same two numbers, just switched.","8 + 4 = 12. → 4 + 8 is the same two numbers switched around. → So 4 + 8 = 12 too."
"1.OA.B.3","Adding & subtracting","Number tricks","Make a ten to add.","5 + 4 + 6 = ? (Tip: 4 + 6 make 10.)","","19 | 11 | 15 | 17","15","Add 4 and 6 first — they make 10.","4 + 6 = 10. → Now add the ten to 5: 5 + 10 = 15."
"1.OA.B.3","Adding & subtracting","Number tricks","Make a ten to add.","1 + 4 + 6 = ? (Tip: 4 + 6 make 10.)","","9 | 11 | 12 | 7","11","Add 4 and 6 first — they make 10.","4 + 6 = 10. → Now add the ten to 1: 1 + 10 = 11."
"1.OA.B.4","Adding & subtracting","Missing part","Which addition fact helps you solve 12 − 1?","","","12 + 1 = ? | 12 + ? = 1 | 1 + ? = 12 | 1 − ? = 12","1 + ? = 12","Subtracting 1 from 12 is like asking what to add to 1.","12 − 1 asks: what do I add to 1 to get 12? → That is the fact 1 + ? = 12. → The missing part is 11, so 12 − 1 = 11."
"1.OA.B.4","Adding & subtracting","Missing part","Subtract by finding the missing part.","14 − 6 = ? (Think: 6 + ? = 14)","","8 | 6 | 10 | 5","8","Ask yourself: 6 plus what makes 14?","Think of 14 − 6 as: 6 + ? = 14. → Count on from 6 to 14: 7, 8, 9, 10, 11, 12, 13, 14. → That is 8 more, so the answer is 8."
"1.OA.B.4","Adding & subtracting","Missing part","Which addition fact helps you solve 8 − 1?","","","1 − ? = 8 | 1 + ? = 8 | 8 + 1 = ? | 8 + ? = 1","1 + ? = 8","Subtracting 1 from 8 is like asking what to add to 1.","8 − 1 asks: what do I add to 1 to get 8? → That is the fact 1 + ? = 8. → The missing part is 7, so 8 − 1 = 7."
"1.OA.B.4","Adding & subtracting","Missing part","Subtract by finding the missing part.","10 − 8 = ? (Think: 8 + ? = 10)","","4 | 2 | 5 | 3","2","Ask yourself: 8 plus what makes 10?","Think of 10 − 8 as: 8 + ? = 10. → Count on from 8 to 10: 9, 10. → That is 2 more, so the answer is 2."
"1.OA.B.4","Adding & subtracting","Missing part","Find the missing part.","4 + ? = 6 (This also tells you 6 − 4.)","","1 | 0 | 6 | 2","2","Count on from 4 until you reach 6.","Think of 6 − 4 as: 4 + ? = 6. → Count on from 4 to 6: 5, 6. → That is 2 more, so the answer is 2."
"1.OA.B.4","Adding & subtracting","Missing part","Find the missing part.","5 + ? = 13 (This also tells you 13 − 5.)","","8 | 11 | 5 | 12","8","Count on from 5 until you reach 13.","Think of 13 − 5 as: 5 + ? = 13. → Count on from 5 to 13: 6, 7, 8, 9, 10, 11, 12, 13. → That is 8 more, so the answer is 8."
"1.OA.B.4","Adding & subtracting","Missing part","Which addition fact helps you solve 7 − 5?","","","5 + ? = 7 | 6 + ? = 7 | 7 + 5 = ? | 5 − ? = 7","5 + ? = 7","Subtracting 5 from 7 is like asking what to add to 5.","7 − 5 asks: what do I add to 5 to get 7? → That is the fact 5 + ? = 7. → The missing part is 2, so 7 − 5 = 2."
"1.OA.B.4","Adding & subtracting","Missing part","Subtract by finding the missing part.","20 − 5 = ? (Think: 5 + ? = 20)","","15 | 19 | 13 | 17","15","Ask yourself: 5 plus what makes 20?","Think of 20 − 5 as: 5 + ? = 20. → Count on from 5 to 20: 6, 7, 8, 9, 10, 11, 12, 13, 14, 15, 16, 17, 18, 19, 20. → That is 15 more, so the answer is 15."
"1.OA.B.4","Adding & subtracting","Missing part","Find the missing part.","5 + ? = 15 (This also tells you 15 − 5.)","","9 | 7 | 11 | 10","10","Count on from 5 until you reach 15.","Think of 15 − 5 as: 5 + ? = 15. → Count on from 5 to 15: 6, 7, 8, 9, 10, 11, 12, 13, 14, 15. → That is 10 more, so the answer is 10."
"1.OA.B.4","Adding & subtracting","Missing part","Which addition fact helps you solve 13 − 12?","","","13 + ? = 13 | 12 − ? = 13 | 13 + ? = 12 | 12 + ? = 13","12 + ? = 13","Subtracting 12 from 13 is like asking what to add to 12.","13 − 12 asks: what do I add to 12 to get 13? → That is the fact 12 + ? = 13. → The missing part is 1, so 13 − 12 = 1."
"1.OA.B.4","Adding & subtracting","Missing part","Subtract by finding the missing part.","11 − 4 = ? (Think: 4 + ? = 11)","","4 | 3 | 9 | 7","7","Ask yourself: 4 plus what makes 11?","Think of 11 − 4 as: 4 + ? = 11. → Count on from 4 to 11: 5, 6, 7, 8, 9, 10, 11. → That is 7 more, so the answer is 7."
"1.OA.B.4","Adding & subtracting","Missing part","Find the missing part.","11 + ? = 12 (This also tells you 12 − 11.)","","5 | 1 | 0 | 2","1","Count on from 11 until you reach 12.","Think of 12 − 11 as: 11 + ? = 12. → Count on from 11 to 12: 12. → That is 1 more, so the answer is 1."
"1.OA.B.4","Adding & subtracting","Missing part","Which addition fact helps you solve 9 − 7?","","","8 + ? = 9 | 9 + ? = 7 | 7 + ? = 9 | 9 + 7 = ?","7 + ? = 9","Subtracting 7 from 9 is like asking what to add to 7.","9 − 7 asks: what do I add to 7 to get 9? → That is the fact 7 + ? = 9. → The missing part is 2, so 9 − 7 = 2."
"1.OA.B.4","Adding & subtracting","Missing part","Find the missing part.","6 + ? = 11 (This also tells you 11 − 6.)","","9 | 5 | 8 | 7","5","Count on from 6 until you reach 11.","Think of 11 − 6 as: 6 + ? = 11. → Count on from 6 to 11: 7, 8, 9, 10, 11. → That is 5 more, so the answer is 5."
"1.OA.B.4","Adding & subtracting","Missing part","Find the missing part.","4 + ? = 6 (This also tells you 6 − 4.)","","6 | 5 | 1 | 2","2","Count on from 4 until you reach 6.","Think of 6 − 4 as: 4 + ? = 6. → Count on from 4 to 6: 5, 6. → That is 2 more, so the answer is 2."
"1.OA.B.4","Adding & subtracting","Missing part","Subtract by finding the missing part.","6 − 2 = ? (Think: 2 + ? = 6)","","5 | 7 | 4 | 1","4","Ask yourself: 2 plus what makes 6?","Think of 6 − 2 as: 2 + ? = 6. → Count on from 2 to 6: 3, 4, 5, 6. → That is 4 more, so the answer is 4."
"1.OA.B.4","Adding & subtracting","Missing part","Which addition fact helps you solve 17 − 16?","","","16 + ? = 17 | 16 − ? = 17 | 17 + 16 = ? | 17 + ? = 16","16 + ? = 17","Subtracting 16 from 17 is like asking what to add to 16.","17 − 16 asks: what do I add to 16 to get 17? → That is the fact 16 + ? = 17. → The missing part is 1, so 17 − 16 = 1."
"1.OA.B.4","Adding & subtracting","Missing part","Which addition fact helps you solve 13 − 7?","","","7 + ? = 13 | 13 + ? = 7 | 7 − ? = 13 | 8 + ? = 13","7 + ? = 13","Subtracting 7 from 13 is like asking what to add to 7.","13 − 7 asks: what do I add to 7 to get 13? → That is the fact 7 + ? = 13. → The missing part is 6, so 13 − 7 = 6."
"1.OA.B.4","Adding & subtracting","Missing part","Subtract by finding the missing part.","20 − 16 = ? (Think: 16 + ? = 20)","","7 | 4 | 6 | 0","4","Ask yourself: 16 plus what makes 20?","Think of 20 − 16 as: 16 + ? = 20. → Count on from 16 to 20: 17, 18, 19, 20. → That is 4 more, so the answer is 4."
"1.OA.B.4","Adding & subtracting","Missing part","Which addition fact helps you solve 16 − 8?","","","8 + ? = 16 | 16 + 8 = ? | 8 − ? = 16 | 9 + ? = 16","8 + ? = 16","Subtracting 8 from 16 is like asking what to add to 8.","16 − 8 asks: what do I add to 8 to get 16? → That is the fact 8 + ? = 16. → The missing part is 8, so 16 − 8 = 8."
"1.OA.B.4","Adding & subtracting","Missing part","Find the missing part.","1 + ? = 17 (This also tells you 17 − 1.)","","17 | 20 | 15 | 16","16","Count on from 1 until you reach 17.","Think of 17 − 1 as: 1 + ? = 17. → Count on from 1 to 17: 2, 3, 4, 5, 6, 7, 8, 9, 10, 11, 12, 13, 14, 15, 16, 17. → That is 16 more, so the answer is 16."
"1.OA.B.4","Adding & subtracting","Missing part","Which addition fact helps you solve 5 − 4?","","","4 + ? = 5 | 5 + 4 = ? | 5 + ? = 5 | 4 − ? = 5","4 + ? = 5","Subtracting 4 from 5 is like asking what to add to 4.","5 − 4 asks: what do I add to 4 to get 5? → That is the fact 4 + ? = 5. → The missing part is 1, so 5 − 4 = 1."
"1.OA.B.4","Adding & subtracting","Missing part","Which addition fact helps you solve 4 − 3?","","","4 + ? = 4 | 3 + ? = 4 | 4 + ? = 3 | 4 + 3 = ?","3 + ? = 4","Subtracting 3 from 4 is like asking what to add to 3.","4 − 3 asks: what do I add to 3 to get 4? → That is the fact 3 + ? = 4. → The missing part is 1, so 4 − 3 = 1."
"1.OA.B.4","Adding & subtracting","Missing part","Find the missing part.","6 + ? = 12 (This also tells you 12 − 6.)","","5 | 10 | 3 | 6","6","Count on from 6 until you reach 12.","Think of 12 − 6 as: 6 + ? = 12. → Count on from 6 to 12: 7, 8, 9, 10, 11, 12. → That is 6 more, so the answer is 6."
"1.OA.B.4","Adding & subtracting","Missing part","Which addition fact helps you solve 9 − 1?","","","9 + ? = 1 | 9 + 1 = ? | 2 + ? = 9 | 1 + ? = 9","1 + ? = 9","Subtracting 1 from 9 is like asking what to add to 1.","9 − 1 asks: what do I add to 1 to get 9? → That is the fact 1 + ? = 9. → The missing part is 8, so 9 − 1 = 8."
"1.OA.B.4","Adding & subtracting","Missing part","Find the missing part.","4 + ? = 20 (This also tells you 20 − 4.)","","16 | 17 | 12 | 20","16","Count on from 4 until you reach 20.","Think of 20 − 4 as: 4 + ? = 20. → Count on from 4 to 20: 5, 6, 7, 8, 9, 10, 11, 12, 13, 14, 15, 16, 17, 18, 19, 20. → That is 16 more, so the answer is 16."
"1.OA.B.4","Adding & subtracting","Missing part","Which addition fact helps you solve 8 − 4?","","","4 + ? = 8 | 5 + ? = 8 | 8 + ? = 4 | 8 + 4 = ?","4 + ? = 8","Subtracting 4 from 8 is like asking what to add to 4.","8 − 4 asks: what do I add to 4 to get 8? → That is the fact 4 + ? = 8. → The missing part is 4, so 8 − 4 = 4."
"1.OA.B.4","Adding & subtracting","Missing part","Find the missing part.","8 + ? = 11 (This also tells you 11 − 8.)","","7 | 1 | 3 | 6","3","Count on from 8 until you reach 11.","Think of 11 − 8 as: 8 + ? = 11. → Count on from 8 to 11: 9, 10, 11. → That is 3 more, so the answer is 3."
"1.OA.B.4","Adding & subtracting","Missing part","Subtract by finding the missing part.","8 − 1 = ? (Think: 1 + ? = 8)","","6 | 8 | 4 | 7","7","Ask yourself: 1 plus what makes 8?","Think of 8 − 1 as: 1 + ? = 8. → Count on from 1 to 8: 2, 3, 4, 5, 6, 7, 8. → That is 7 more, so the answer is 7."
"1.OA.B.4","Adding & subtracting","Missing part","Find the missing part.","1 + ? = 3 (This also tells you 3 − 1.)","","5 | 0 | 4 | 2","2","Count on from 1 until you reach 3.","Think of 3 − 1 as: 1 + ? = 3. → Count on from 1 to 3: 2, 3. → That is 2 more, so the answer is 2."
"1.OA.B.4","Adding & subtracting","Missing part","Which addition fact helps you solve 15 − 3?","","","3 + ? = 15 | 15 + 3 = ? | 4 + ? = 15 | 3 − ? = 15","3 + ? = 15","Subtracting 3 from 15 is like asking what to add to 3.","15 − 3 asks: what do I add to 3 to get 15? → That is the fact 3 + ? = 15. → The missing part is 12, so 15 − 3 = 12."
"1.OA.B.4","Adding & subtracting","Missing part","Find the missing part.","1 + ? = 4 (This also tells you 4 − 1.)","","2 | 7 | 3 | 1","3","Count on from 1 until you reach 4.","Think of 4 − 1 as: 1 + ? = 4. → Count on from 1 to 4: 2, 3, 4. → That is 3 more, so the answer is 3."
"1.OA.B.4","Adding & subtracting","Missing part","Find the missing part.","1 + ? = 20 (This also tells you 20 − 1.)","","19 | 20 | 17 | 18","19","Count on from 1 until you reach 20.","Think of 20 − 1 as: 1 + ? = 20. → Count on from 1 to 20: 2, 3, 4, 5, 6, 7, 8, 9, 10, 11, 12, 13, 14, 15, 16, 17, 18, 19, 20. → That is 19 more, so the answer is 19."
"1.OA.B.4","Adding & subtracting","Missing part","Find the missing part.","5 + ? = 7 (This also tells you 7 − 5.)","","4 | 0 | 2 | 6","2","Count on from 5 until you reach 7.","Think of 7 − 5 as: 5 + ? = 7. → Count on from 5 to 7: 6, 7. → That is 2 more, so the answer is 2."
"1.OA.B.4","Adding & subtracting","Missing part","Find the missing part.","4 + ? = 16 (This also tells you 16 − 4.)","","10 | 9 | 12 | 16","12","Count on from 4 until you reach 16.","Think of 16 − 4 as: 4 + ? = 16. → Count on from 4 to 16: 5, 6, 7, 8, 9, 10, 11, 12, 13, 14, 15, 16. → That is 12 more, so the answer is 12."
"1.OA.B.4","Adding & subtracting","Missing part","Which addition fact helps you solve 19 − 13?","","","13 + ? = 19 | 14 + ? = 19 | 13 − ? = 19 | 19 + 13 = ?","13 + ? = 19","Subtracting 13 from 19 is like asking what to add to 13.","19 − 13 asks: what do I add to 13 to get 19? → That is the fact 13 + ? = 19. → The missing part is 6, so 19 − 13 = 6."
"1.OA.B.4","Adding & subtracting","Missing part","Subtract by finding the missing part.","20 − 18 = ? (Think: 18 + ? = 20)","","0 | 6 | 3 | 2","2","Ask yourself: 18 plus what makes 20?","Think of 20 − 18 as: 18 + ? = 20. → Count on from 18 to 20: 19, 20. → That is 2 more, so the answer is 2."
"1.OA.B.4","Adding & subtracting","Missing part","Find the missing part.","17 + ? = 19 (This also tells you 19 − 17.)","","2 | 5 | 1 | 3","2","Count on from 17 until you reach 19.","Think of 19 − 17 as: 17 + ? = 19. → Count on from 17 to 19: 18, 19. → That is 2 more, so the answer is 2."
"1.OA.B.4","Adding & subtracting","Missing part","Find the missing part.","8 + ? = 9 (This also tells you 9 − 8.)","","4 | 1 | 5 | 0","1","Count on from 8 until you reach 9.","Think of 9 − 8 as: 8 + ? = 9. → Count on from 8 to 9: 9. → That is 1 more, so the answer is 1."
"1.OA.B.4","Adding & subtracting","Missing part","Subtract by finding the missing part.","7 − 2 = ? (Think: 2 + ? = 7)","","6 | 5 | 7 | 2","5","Ask yourself: 2 plus what makes 7?","Think of 7 − 2 as: 2 + ? = 7. → Count on from 2 to 7: 3, 4, 5, 6, 7. → That is 5 more, so the answer is 5."
"1.OA.B.4","Adding & subtracting","Missing part","Which addition fact helps you solve 5 − 4?","","","5 + 4 = ? | 4 + ? = 5 | 5 + ? = 5 | 4 − ? = 5","4 + ? = 5","Subtracting 4 from 5 is like asking what to add to 4.","5 − 4 asks: what do I add to 4 to get 5? → That is the fact 4 + ? = 5. → The missing part is 1, so 5 − 4 = 1."
"1.OA.B.4","Adding & subtracting","Missing part","Which addition fact helps you solve 7 − 2?","","","2 + ? = 7 | 2 − ? = 7 | 7 + 2 = ? | 7 + ? = 2","2 + ? = 7","Subtracting 2 from 7 is like asking what to add to 2.","7 − 2 asks: what do I add to 2 to get 7? → That is the fact 2 + ? = 7. → The missing part is 5, so 7 − 2 = 5."
"1.OA.B.4","Adding & subtracting","Missing part","Find the missing part.","4 + ? = 14 (This also tells you 14 − 4.)","","6 | 13 | 12 | 10","10","Count on from 4 until you reach 14.","Think of 14 − 4 as: 4 + ? = 14. → Count on from 4 to 14: 5, 6, 7, 8, 9, 10, 11, 12, 13, 14. → That is 10 more, so the answer is 10."
"1.OA.B.4","Adding & subtracting","Missing part","Find the missing part.","9 + ? = 19 (This also tells you 19 − 9.)","","10 | 9 | 12 | 7","10","Count on from 9 until you reach 19.","Think of 19 − 9 as: 9 + ? = 19. → Count on from 9 to 19: 10, 11, 12, 13, 14, 15, 16, 17, 18, 19. → That is 10 more, so the answer is 10."
"1.OA.B.4","Adding & subtracting","Missing part","Subtract by finding the missing part.","19 − 17 = ? (Think: 17 + ? = 19)","","1 | 3 | 0 | 2","2","Ask yourself: 17 plus what makes 19?","Think of 19 − 17 as: 17 + ? = 19. → Count on from 17 to 19: 18, 19. → That is 2 more, so the answer is 2."
"1.OA.B.4","Adding & subtracting","Missing part","Subtract by finding the missing part.","19 − 13 = ? (Think: 13 + ? = 19)","","2 | 6 | 7 | 10","6","Ask yourself: 13 plus what makes 19?","Think of 19 − 13 as: 13 + ? = 19. → Count on from 13 to 19: 14, 15, 16, 17, 18, 19. → That is 6 more, so the answer is 6."
"1.OA.B.4","Adding & subtracting","Missing part","Find the missing part.","3 + ? = 4 (This also tells you 4 − 3.)","","5 | 1 | 2 | 4","1","Count on from 3 until you reach 4.","Think of 4 − 3 as: 3 + ? = 4. → Count on from 3 to 4: 4. → That is 1 more, so the answer is 1."
"1.OA.B.4","Adding & subtracting","Missing part","Subtract by finding the missing part.","12 − 4 = ? (Think: 4 + ? = 12)","","12 | 8 | 10 | 5","8","Ask yourself: 4 plus what makes 12?","Think of 12 − 4 as: 4 + ? = 12. → Count on from 4 to 12: 5, 6, 7, 8, 9, 10, 11, 12. → That is 8 more, so the answer is 8."
"1.OA.B.4","Adding & subtracting","Missing part","Find the missing part.","2 + ? = 13 (This also tells you 13 − 2.)","","12 | 7 | 9 | 11","11","Count on from 2 until you reach 13.","Think of 13 − 2 as: 2 + ? = 13. → Count on from 2 to 13: 3, 4, 5, 6, 7, 8, 9, 10, 11, 12, 13. → That is 11 more, so the answer is 11."
"1.OA.B.4","Adding & subtracting","Missing part","Which addition fact helps you solve 18 − 10?","","","10 + ? = 18 | 18 + 10 = ? | 18 + ? = 10 | 11 + ? = 18","10 + ? = 18","Subtracting 10 from 18 is like asking what to add to 10.","18 − 10 asks: what do I add to 10 to get 18? → That is the fact 10 + ? = 18. → The missing part is 8, so 18 − 10 = 8."
"1.OA.B.4","Adding & subtracting","Missing part","Find the missing part.","6 + ? = 9 (This also tells you 9 − 6.)","","1 | 6 | 2 | 3","3","Count on from 6 until you reach 9.","Think of 9 − 6 as: 6 + ? = 9. → Count on from 6 to 9: 7, 8, 9. → That is 3 more, so the answer is 3."
"1.OA.B.4","Adding & subtracting","Missing part","Subtract by finding the missing part.","18 − 17 = ? (Think: 17 + ? = 18)","","1 | 5 | 2 | 0","1","Ask yourself: 17 plus what makes 18?","Think of 18 − 17 as: 17 + ? = 18. → Count on from 17 to 18: 18. → That is 1 more, so the answer is 1."
"1.OA.B.4","Adding & subtracting","Missing part","Find the missing part.","1 + ? = 12 (This also tells you 12 − 1.)","","15 | 11 | 9 | 10","11","Count on from 1 until you reach 12.","Think of 12 − 1 as: 1 + ? = 12. → Count on from 1 to 12: 2, 3, 4, 5, 6, 7, 8, 9, 10, 11, 12. → That is 11 more, so the answer is 11."
"1.OA.B.4","Adding & subtracting","Missing part","Subtract by finding the missing part.","6 − 2 = ? (Think: 2 + ? = 6)","","2 | 6 | 4 | 8","4","Ask yourself: 2 plus what makes 6?","Think of 6 − 2 as: 2 + ? = 6. → Count on from 2 to 6: 3, 4, 5, 6. → That is 4 more, so the answer is 4."
"1.OA.B.4","Adding & subtracting","Missing part","Which addition fact helps you solve 19 − 9?","","","19 + 9 = ? | 10 + ? = 19 | 9 + ? = 19 | 9 − ? = 19","9 + ? = 19","Subtracting 9 from 19 is like asking what to add to 9.","19 − 9 asks: what do I add to 9 to get 19? → That is the fact 9 + ? = 19. → The missing part is 10, so 19 − 9 = 10."
"1.OA.B.4","Adding & subtracting","Missing part","Which addition fact helps you solve 12 − 1?","","","1 + ? = 12 | 12 + 1 = ? | 12 + ? = 1 | 2 + ? = 12","1 + ? = 12","Subtracting 1 from 12 is like asking what to add to 1.","12 − 1 asks: what do I add to 1 to get 12? → That is the fact 1 + ? = 12. → The missing part is 11, so 12 − 1 = 11."
"1.OA.B.4","Adding & subtracting","Missing part","Which addition fact helps you solve 16 − 8?","","","9 + ? = 16 | 8 − ? = 16 | 16 + 8 = ? | 8 + ? = 16","8 + ? = 16","Subtracting 8 from 16 is like asking what to add to 8.","16 − 8 asks: what do I add to 8 to get 16? → That is the fact 8 + ? = 16. → The missing part is 8, so 16 − 8 = 8."
"1.OA.B.4","Adding & subtracting","Missing part","Subtract by finding the missing part.","18 − 12 = ? (Think: 12 + ? = 18)","","6 | 10 | 5 | 2","6","Ask yourself: 12 plus what makes 18?","Think of 18 − 12 as: 12 + ? = 18. → Count on from 12 to 18: 13, 14, 15, 16, 17, 18. → That is 6 more, so the answer is 6."
"1.OA.B.4","Adding & subtracting","Missing part","Which addition fact helps you solve 8 − 1?","","","8 + 1 = ? | 1 − ? = 8 | 8 + ? = 1 | 1 + ? = 8","1 + ? = 8","Subtracting 1 from 8 is like asking what to add to 1.","8 − 1 asks: what do I add to 1 to get 8? → That is the fact 1 + ? = 8. → The missing part is 7, so 8 − 1 = 7."
"1.OA.B.4","Adding & subtracting","Missing part","Find the missing part.","5 + ? = 13 (This also tells you 13 − 5.)","","5 | 9 | 8 | 7","8","Count on from 5 until you reach 13.","Think of 13 − 5 as: 5 + ? = 13. → Count on from 5 to 13: 6, 7, 8, 9, 10, 11, 12, 13. → That is 8 more, so the answer is 8."
"1.OA.B.4","Adding & subtracting","Missing part","Which addition fact helps you solve 20 − 7?","","","8 + ? = 20 | 7 − ? = 20 | 20 + 7 = ? | 7 + ? = 20","7 + ? = 20","Subtracting 7 from 20 is like asking what to add to 7.","20 − 7 asks: what do I add to 7 to get 20? → That is the fact 7 + ? = 20. → The missing part is 13, so 20 − 7 = 13."
"1.OA.B.4","Adding & subtracting","Missing part","Find the missing part.","4 + ? = 6 (This also tells you 6 − 4.)","","2 | 5 | 3 | 1","2","Count on from 4 until you reach 6.","Think of 6 − 4 as: 4 + ? = 6. → Count on from 4 to 6: 5, 6. → That is 2 more, so the answer is 2."
"1.OA.B.4","Adding & subtracting","Missing part","Which addition fact helps you solve 8 − 3?","","","3 + ? = 8 | 8 + ? = 3 | 3 − ? = 8 | 4 + ? = 8","3 + ? = 8","Subtracting 3 from 8 is like asking what to add to 3.","8 − 3 asks: what do I add to 3 to get 8? → That is the fact 3 + ? = 8. → The missing part is 5, so 8 − 3 = 5."
"1.OA.B.4","Adding & subtracting","Missing part","Which addition fact helps you solve 17 − 6?","","","6 + ? = 17 | 17 + ? = 6 | 17 + 6 = ? | 7 + ? = 17","6 + ? = 17","Subtracting 6 from 17 is like asking what to add to 6.","17 − 6 asks: what do I add to 6 to get 17? → That is the fact 6 + ? = 17. → The missing part is 11, so 17 − 6 = 11."
"1.OA.B.4","Adding & subtracting","Missing part","Subtract by finding the missing part.","12 − 10 = ? (Think: 10 + ? = 12)","","5 | 0 | 2 | 4","2","Ask yourself: 10 plus what makes 12?","Think of 12 − 10 as: 10 + ? = 12. → Count on from 10 to 12: 11, 12. → That is 2 more, so the answer is 2."
"1.OA.B.4","Adding & subtracting","Missing part","Find the missing part.","3 + ? = 13 (This also tells you 13 − 3.)","","10 | 11 | 6 | 7","10","Count on from 3 until you reach 13.","Think of 13 − 3 as: 3 + ? = 13. → Count on from 3 to 13: 4, 5, 6, 7, 8, 9, 10, 11, 12, 13. → That is 10 more, so the answer is 10."
"1.OA.B.4","Adding & subtracting","Missing part","Subtract by finding the missing part.","4 − 1 = ? (Think: 1 + ? = 4)","","3 | 2 | 7 | 5","3","Ask yourself: 1 plus what makes 4?","Think of 4 − 1 as: 1 + ? = 4. → Count on from 1 to 4: 2, 3, 4. → That is 3 more, so the answer is 3."
"1.OA.B.4","Adding & subtracting","Missing part","Find the missing part.","1 + ? = 7 (This also tells you 7 − 1.)","","3 | 8 | 7 | 6","6","Count on from 1 until you reach 7.","Think of 7 − 1 as: 1 + ? = 7. → Count on from 1 to 7: 2, 3, 4, 5, 6, 7. → That is 6 more, so the answer is 6."
"1.OA.B.4","Adding & subtracting","Missing part","Find the missing part.","4 + ? = 7 (This also tells you 7 − 4.)","","6 | 3 | 5 | 1","3","Count on from 4 until you reach 7.","Think of 7 − 4 as: 4 + ? = 7. → Count on from 4 to 7: 5, 6, 7. → That is 3 more, so the answer is 3."
"1.OA.B.4","Adding & subtracting","Missing part","Subtract by finding the missing part.","20 − 5 = ? (Think: 5 + ? = 20)","","14 | 18 | 15 | 17","15","Ask yourself: 5 plus what makes 20?","Think of 20 − 5 as: 5 + ? = 20. → Count on from 5 to 20: 6, 7, 8, 9, 10, 11, 12, 13, 14, 15, 16, 17, 18, 19, 20. → That is 15 more, so the answer is 15."
"1.OA.B.4","Adding & subtracting","Missing part","Subtract by finding the missing part.","10 − 7 = ? (Think: 7 + ? = 10)","","4 | 5 | 3 | 1","3","Ask yourself: 7 plus what makes 10?","Think of 10 − 7 as: 7 + ? = 10. → Count on from 7 to 10: 8, 9, 10. → That is 3 more, so the answer is 3."
"1.OA.B.4","Adding & subtracting","Missing part","Find the missing part.","1 + ? = 5 (This also tells you 5 − 1.)","","6 | 4 | 0 | 8","4","Count on from 1 until you reach 5.","Think of 5 − 1 as: 1 + ? = 5. → Count on from 1 to 5: 2, 3, 4, 5. → That is 4 more, so the answer is 4."
"1.OA.B.4","Adding & subtracting","Missing part","Subtract by finding the missing part.","8 − 3 = ? (Think: 3 + ? = 8)","","5 | 6 | 1 | 3","5","Ask yourself: 3 plus what makes 8?","Think of 8 − 3 as: 3 + ? = 8. → Count on from 3 to 8: 4, 5, 6, 7, 8. → That is 5 more, so the answer is 5."
"1.OA.B.4","Adding & subtracting","Missing part","Find the missing part.","1 + ? = 17 (This also tells you 17 − 1.)","","17 | 16 | 14 | 13","16","Count on from 1 until you reach 17.","Think of 17 − 1 as: 1 + ? = 17. → Count on from 1 to 17: 2, 3, 4, 5, 6, 7, 8, 9, 10, 11, 12, 13, 14, 15, 16, 17. → That is 16 more, so the answer is 16."
"1.OA.B.4","Adding & subtracting","Missing part","Which addition fact helps you solve 12 − 9?","","","12 + ? = 9 | 9 − ? = 12 | 12 + 9 = ? | 9 + ? = 12","9 + ? = 12","Subtracting 9 from 12 is like asking what to add to 9.","12 − 9 asks: what do I add to 9 to get 12? → That is the fact 9 + ? = 12. → The missing part is 3, so 12 − 9 = 3."
"1.OA.B.4","Adding & subtracting","Missing part","Subtract by finding the missing part.","19 − 9 = ? (Think: 9 + ? = 19)","","6 | 8 | 9 | 10","10","Ask yourself: 9 plus what makes 19?","Think of 19 − 9 as: 9 + ? = 19. → Count on from 9 to 19: 10, 11, 12, 13, 14, 15, 16, 17, 18, 19. → That is 10 more, so the answer is 10."
"1.OA.B.4","Adding & subtracting","Missing part","Which addition fact helps you solve 15 − 5?","","","15 + ? = 5 | 5 − ? = 15 | 15 + 5 = ? | 5 + ? = 15","5 + ? = 15","Subtracting 5 from 15 is like asking what to add to 5.","15 − 5 asks: what do I add to 5 to get 15? → That is the fact 5 + ? = 15. → The missing part is 10, so 15 − 5 = 10."
"1.OA.B.4","Adding & subtracting","Missing part","Find the missing part.","13 + ? = 16 (This also tells you 16 − 13.)","","4 | 7 | 2 | 3","3","Count on from 13 until you reach 16.","Think of 16 − 13 as: 13 + ? = 16. → Count on from 13 to 16: 14, 15, 16. → That is 3 more, so the answer is 3."
"1.OA.B.4","Adding & subtracting","Missing part","Subtract by finding the missing part.","11 − 4 = ? (Think: 4 + ? = 11)","","7 | 4 | 9 | 11","7","Ask yourself: 4 plus what makes 11?","Think of 11 − 4 as: 4 + ? = 11. → Count on from 4 to 11: 5, 6, 7, 8, 9, 10, 11. → That is 7 more, so the answer is 7."
"1.OA.B.4","Adding & subtracting","Missing part","Find the missing part.","9 + ? = 12 (This also tells you 12 − 9.)","","4 | 3 | 5 | 7","3","Count on from 9 until you reach 12.","Think of 12 − 9 as: 9 + ? = 12. → Count on from 9 to 12: 10, 11, 12. → That is 3 more, so the answer is 3."
"1.OA.B.4","Adding & subtracting","Missing part","Which addition fact helps you solve 11 − 3?","","","11 + 3 = ? | 3 − ? = 11 | 3 + ? = 11 | 4 + ? = 11","3 + ? = 11","Subtracting 3 from 11 is like asking what to add to 3.","11 − 3 asks: what do I add to 3 to get 11? → That is the fact 3 + ? = 11. → The missing part is 8, so 11 − 3 = 8."
"1.OA.B.4","Adding & subtracting","Missing part","Find the missing part.","3 + ? = 9 (This also tells you 9 − 3.)","","10 | 8 | 6 | 4","6","Count on from 3 until you reach 9.","Think of 9 − 3 as: 3 + ? = 9. → Count on from 3 to 9: 4, 5, 6, 7, 8, 9. → That is 6 more, so the answer is 6."
"1.OA.B.4","Adding & subtracting","Missing part","Find the missing part.","3 + ? = 5 (This also tells you 5 − 3.)","","0 | 4 | 2 | 5","2","Count on from 3 until you reach 5.","Think of 5 − 3 as: 3 + ? = 5. → Count on from 3 to 5: 4, 5. → That is 2 more, so the answer is 2."
"1.OA.B.4","Adding & subtracting","Missing part","Subtract by finding the missing part.","8 − 4 = ? (Think: 4 + ? = 8)","","0 | 8 | 1 | 4","4","Ask yourself: 4 plus what makes 8?","Think of 8 − 4 as: 4 + ? = 8. → Count on from 4 to 8: 5, 6, 7, 8. → That is 4 more, so the answer is 4."
"1.OA.B.4","Adding & subtracting","Missing part","Which addition fact helps you solve 11 − 8?","","","9 + ? = 11 | 11 + ? = 8 | 8 + ? = 11 | 11 + 8 = ?","8 + ? = 11","Subtracting 8 from 11 is like asking what to add to 8.","11 − 8 asks: what do I add to 8 to get 11? → That is the fact 8 + ? = 11. → The missing part is 3, so 11 − 8 = 3."
"1.OA.B.4","Adding & subtracting","Missing part","Which addition fact helps you solve 15 − 2?","","","15 + 2 = ? | 2 + ? = 15 | 3 + ? = 15 | 2 − ? = 15","2 + ? = 15","Subtracting 2 from 15 is like asking what to add to 2.","15 − 2 asks: what do I add to 2 to get 15? → That is the fact 2 + ? = 15. → The missing part is 13, so 15 − 2 = 13."
"1.OA.B.4","Adding & subtracting","Missing part","Find the missing part.","7 + ? = 8 (This also tells you 8 − 7.)","","1 | 3 | 5 | 0","1","Count on from 7 until you reach 8.","Think of 8 − 7 as: 7 + ? = 8. → Count on from 7 to 8: 8. → That is 1 more, so the answer is 1."
"1.OA.B.4","Adding & subtracting","Missing part","Which addition fact helps you solve 16 − 6?","","","6 + ? = 16 | 16 + ? = 6 | 6 − ? = 16 | 16 + 6 = ?","6 + ? = 16","Subtracting 6 from 16 is like asking what to add to 6.","16 − 6 asks: what do I add to 6 to get 16? → That is the fact 6 + ? = 16. → The missing part is 10, so 16 − 6 = 10."
"1.OA.B.4","Adding & subtracting","Missing part","Which addition fact helps you solve 13 − 6?","","","7 + ? = 13 | 6 − ? = 13 | 13 + 6 = ? | 6 + ? = 13","6 + ? = 13","Subtracting 6 from 13 is like asking what to add to 6.","13 − 6 asks: what do I add to 6 to get 13? → That is the fact 6 + ? = 13. → The missing part is 7, so 13 − 6 = 7."
"1.OA.B.4","Adding & subtracting","Missing part","Which addition fact helps you solve 13 − 6?","","","6 + ? = 13 | 13 + ? = 6 | 7 + ? = 13 | 6 − ? = 13","6 + ? = 13","Subtracting 6 from 13 is like asking what to add to 6.","13 − 6 asks: what do I add to 6 to get 13? → That is the fact 6 + ? = 13. → The missing part is 7, so 13 − 6 = 7."
"1.OA.B.4","Adding & subtracting","Missing part","Which addition fact helps you solve 15 − 12?","","","13 + ? = 15 | 12 + ? = 15 | 15 + 12 = ? | 15 + ? = 12","12 + ? = 15","Subtracting 12 from 15 is like asking what to add to 12.","15 − 12 asks: what do I add to 12 to get 15? → That is the fact 12 + ? = 15. → The missing part is 3, so 15 − 12 = 3."
"1.OA.B.4","Adding & subtracting","Missing part","Which addition fact helps you solve 18 − 2?","","","3 + ? = 18 | 2 + ? = 18 | 18 + ? = 2 | 2 − ? = 18","2 + ? = 18","Subtracting 2 from 18 is like asking what to add to 2.","18 − 2 asks: what do I add to 2 to get 18? → That is the fact 2 + ? = 18. → The missing part is 16, so 18 − 2 = 16."
"1.OA.B.4","Adding & subtracting","Missing part","Find the missing part.","3 + ? = 15 (This also tells you 15 − 3.)","","13 | 10 | 9 | 12","12","Count on from 3 until you reach 15.","Think of 15 − 3 as: 3 + ? = 15. → Count on from 3 to 15: 4, 5, 6, 7, 8, 9, 10, 11, 12, 13, 14, 15. → That is 12 more, so the answer is 12."
"1.OA.B.4","Adding & subtracting","Missing part","Subtract by finding the missing part.","20 − 16 = ? (Think: 16 + ? = 20)","","1 | 4 | 3 | 7","4","Ask yourself: 16 plus what makes 20?","Think of 20 − 16 as: 16 + ? = 20. → Count on from 16 to 20: 17, 18, 19, 20. → That is 4 more, so the answer is 4."
"1.OA.B.4","Adding & subtracting","Missing part","Find the missing part.","2 + ? = 10 (This also tells you 10 − 2.)","","5 | 7 | 11 | 8","8","Count on from 2 until you reach 10.","Think of 10 − 2 as: 2 + ? = 10. → Count on from 2 to 10: 3, 4, 5, 6, 7, 8, 9, 10. → That is 8 more, so the answer is 8."
"1.OA.B.4","Adding & subtracting","Missing part","Which addition fact helps you solve 9 − 8?","","","8 + ? = 9 | 9 + ? = 8 | 8 − ? = 9 | 9 + ? = 9","8 + ? = 9","Subtracting 8 from 9 is like asking what to add to 8.","9 − 8 asks: what do I add to 8 to get 9? → That is the fact 8 + ? = 9. → The missing part is 1, so 9 − 8 = 1."
"1.OA.B.4","Adding & subtracting","Missing part","Which addition fact helps you solve 11 − 3?","","","4 + ? = 11 | 3 + ? = 11 | 11 + 3 = ? | 3 − ? = 11","3 + ? = 11","Subtracting 3 from 11 is like asking what to add to 3.","11 − 3 asks: what do I add to 3 to get 11? → That is the fact 3 + ? = 11. → The missing part is 8, so 11 − 3 = 8."
"1.OA.B.4","Adding & subtracting","Missing part","Which addition fact helps you solve 17 − 12?","","","12 + ? = 17 | 13 + ? = 17 | 17 + 12 = ? | 17 + ? = 12","12 + ? = 17","Subtracting 12 from 17 is like asking what to add to 12.","17 − 12 asks: what do I add to 12 to get 17? → That is the fact 12 + ? = 17. → The missing part is 5, so 17 − 12 = 5."
"1.OA.B.4","Adding & subtracting","Missing part","Which addition fact helps you solve 9 − 1?","","","1 + ? = 9 | 2 + ? = 9 | 9 + ? = 1 | 9 + 1 = ?","1 + ? = 9","Subtracting 1 from 9 is like asking what to add to 1.","9 − 1 asks: what do I add to 1 to get 9? → That is the fact 1 + ? = 9. → The missing part is 8, so 9 − 1 = 8."
"1.OA.B.4","Adding & subtracting","Missing part","Subtract by finding the missing part.","14 − 11 = ? (Think: 11 + ? = 14)","","1 | 5 | 4 | 3","3","Ask yourself: 11 plus what makes 14?","Think of 14 − 11 as: 11 + ? = 14. → Count on from 11 to 14: 12, 13, 14. → That is 3 more, so the answer is 3."
"1.OA.C.5","Adding & subtracting","Count on, count back","Start at 18. Count back 2. Where do you land?","","diagram","16 | 17 | 18 | 12","16","Put your finger on 18 and hop backward 2 times.","Start at 18. → Count back 2: 17, 16. → You land on 16. Counting back 2 is the same as subtracting 2."
"1.OA.C.5","Adding & subtracting","Count on, count back","Count back to subtract.","17 − 2 = ? (Count back 2 from 17.)","diagram","14 | 15 | 17 | 19","15","Start at 17 and count back.","Start at 17. → Count back 2: 16, 15. → 17 − 2 = 15"
"1.OA.C.5","Adding & subtracting","Count on, count back","Start at 4. Count on 3. Where do you land?","","diagram","7 | 5 | 8 | 6","7","Put your finger on 4 and hop forward 3 times.","Start at 4. → Count on 3: 5, 6, 7. → You land on 7. Counting on 3 is the same as adding 3."
"1.OA.C.5","Adding & subtracting","Count on, count back","Start at 5. Count back 1. Where do you land?","","diagram","1 | 3 | 4 | 0","4","Put your finger on 5 and hop backward 1 times.","Start at 5. → Count back 1: 4. → You land on 4. Counting back 1 is the same as subtracting 1."
"1.OA.C.5","Adding & subtracting","Count on, count back","Start at 10. Count on 2. Where do you land?","","diagram","8 | 12 | 14 | 11","12","Put your finger on 10 and hop forward 2 times.","Start at 10. → Count on 2: 11, 12. → You land on 12. Counting on 2 is the same as adding 2."
"1.OA.C.5","Adding & subtracting","Count on, count back","Start at 15. Count back 3. Where do you land?","","diagram","14 | 11 | 16 | 12","12","Put your finger on 15 and hop backward 3 times.","Start at 15. → Count back 3: 14, 13, 12. → You land on 12. Counting back 3 is the same as subtracting 3."
"1.OA.C.5","Adding & subtracting","Count on, count back","Start at 20. Count back 2. Where do you land?","","diagram","18 | 16 | 14 | 20","18","Put your finger on 20 and hop backward 2 times.","Start at 20. → Count back 2: 19, 18. → You land on 18. Counting back 2 is the same as subtracting 2."
"1.OA.C.5","Adding & subtracting","Count on, count back","Start at 16. Count on 3. Where do you land?","","diagram","19 | 16 | 18 | 15","19","Put your finger on 16 and hop forward 3 times.","Start at 16. → Count on 3: 17, 18, 19. → You land on 19. Counting on 3 is the same as adding 3."
"1.OA.C.5","Adding & subtracting","Count on, count back","Start at 17. Count back 1. Where do you land?","","diagram","13 | 15 | 19 | 16","16","Put your finger on 17 and hop backward 1 times.","Start at 17. → Count back 1: 16. → You land on 16. Counting back 1 is the same as subtracting 1."
"1.OA.C.5","Adding & subtracting","Count on, count back","Count back to subtract.","5 − 2 = ? (Count back 2 from 5.)","diagram","6 | 0 | 3 | 5","3","Start at 5 and count back.","Start at 5. → Count back 2: 4, 3. → 5 − 2 = 3"
"1.OA.C.5","Adding & subtracting","Count on, count back","Count back to subtract.","12 − 3 = ? (Count back 3 from 12.)","diagram","13 | 9 | 10 | 5","9","Start at 12 and count back.","Start at 12. → Count back 3: 11, 10, 9. → 12 − 3 = 9"
"1.OA.C.5","Adding & subtracting","Count on, count back","Start at 9. Count back 1. Where do you land?","","diagram","11 | 6 | 4 | 8","8","Put your finger on 9 and hop backward 1 times.","Start at 9. → Count back 1: 8. → You land on 8. Counting back 1 is the same as subtracting 1."
"1.OA.C.5","Adding & subtracting","Count on, count back","Count on to add.","14 + 1 = ? (Count on 1 from 14.)","diagram","11 | 16 | 19 | 15","15","Start at the bigger number and count on.","Start at 14. → Count on 1: 15. → 14 + 1 = 15"
"1.OA.C.5","Adding & subtracting","Count on, count back","Count back to subtract.","18 − 3 = ? (Count back 3 from 18.)","diagram","15 | 18 | 19 | 11","15","Start at 18 and count back.","Start at 18. → Count back 3: 17, 16, 15. → 18 − 3 = 15"
"1.OA.C.5","Adding & subtracting","Count on, count back","Count on to add.","9 + 3 = ? (Count on 3 from 9.)","diagram","12 | 16 | 10 | 14","12","Start at the bigger number and count on.","Start at 9. → Count on 3: 10, 11, 12. → 9 + 3 = 12"
"1.OA.C.5","Adding & subtracting","Count on, count back","Count on to add.","16 + 1 = ? (Count on 1 from 16.)","diagram","18 | 17 | 16 | 19","17","Start at the bigger number and count on.","Start at 16. → Count on 1: 17. → 16 + 1 = 17"
"1.OA.C.5","Adding & subtracting","Count on, count back","Start at 12. Count on 2. Where do you land?","","diagram","17 | 14 | 13 | 15","14","Put your finger on 12 and hop forward 2 times.","Start at 12. → Count on 2: 13, 14. → You land on 14. Counting on 2 is the same as adding 2."
"1.OA.C.5","Adding & subtracting","Count on, count back","Count back to subtract.","3 − 2 = ? (Count back 2 from 3.)","diagram","3 | 5 | 4 | 1","1","Start at 3 and count back.","Start at 3. → Count back 2: 2, 1. → 3 − 2 = 1"
"1.OA.C.5","Adding & subtracting","Count on, count back","Count on to add.","5 + 3 = ? (Count on 3 from 5.)","diagram","12 | 8 | 10 | 9","8","Start at the bigger number and count on.","Start at 5. → Count on 3: 6, 7, 8. → 5 + 3 = 8"
"1.OA.C.5","Adding & subtracting","Count on, count back","Count on to add.","17 + 1 = ? (Count on 1 from 17.)","diagram","18 | 20 | 19 | 17","18","Start at the bigger number and count on.","Start at 17. → Count on 1: 18. → 17 + 1 = 18"
"1.OA.C.5","Adding & subtracting","Count on, count back","Count on to add.","10 + 2 = ? (Count on 2 from 10.)","diagram","9 | 11 | 12 | 13","12","Start at the bigger number and count on.","Start at 10. → Count on 2: 11, 12. → 10 + 2 = 12"
"1.OA.C.5","Adding & subtracting","Count on, count back","Count back to subtract.","15 − 3 = ? (Count back 3 from 15.)","diagram","14 | 12 | 13 | 8","12","Start at 15 and count back.","Start at 15. → Count back 3: 14, 13, 12. → 15 − 3 = 12"
"1.OA.C.5","Adding & subtracting","Count on, count back","Start at 3. Count back 1. Where do you land?","","diagram","3 | 0 | 2 | 1","2","Put your finger on 3 and hop backward 1 times.","Start at 3. → Count back 1: 2. → You land on 2. Counting back 1 is the same as subtracting 1."
"1.OA.C.5","Adding & subtracting","Count on, count back","Count back to subtract.","13 − 1 = ? (Count back 1 from 13.)","diagram","12 | 8 | 16 | 14","12","Start at 13 and count back.","Start at 13. → Count back 1: 12. → 13 − 1 = 12"
"1.OA.C.5","Adding & subtracting","Count on, count back","Start at 8. Count back 1. Where do you land?","","diagram","8 | 10 | 6 | 7","7","Put your finger on 8 and hop backward 1 times.","Start at 8. → Count back 1: 7. → You land on 7. Counting back 1 is the same as subtracting 1."
"1.OA.C.5","Adding & subtracting","Count on, count back","Count back to subtract.","11 − 1 = ? (Count back 1 from 11.)","diagram","10 | 7 | 8 | 6","10","Start at 11 and count back.","Start at 11. → Count back 1: 10. → 11 − 1 = 10"
"1.OA.C.5","Adding & subtracting","Count on, count back","Start at 17. Count back 1. Where do you land?","","diagram","19 | 13 | 16 | 17","16","Put your finger on 17 and hop backward 1 times.","Start at 17. → Count back 1: 16. → You land on 16. Counting back 1 is the same as subtracting 1."
"1.OA.C.5","Adding & subtracting","Count on, count back","Start at 10. Count back 1. Where do you land?","","diagram","13 | 9 | 7 | 6","9","Put your finger on 10 and hop backward 1 times.","Start at 10. → Count back 1: 9. → You land on 9. Counting back 1 is the same as subtracting 1."
"1.OA.C.5","Adding & subtracting","Count on, count back","Start at 7. Count back 1. Where do you land?","","diagram","7 | 6 | 5 | 4","6","Put your finger on 7 and hop backward 1 times.","Start at 7. → Count back 1: 6. → You land on 6. Counting back 1 is the same as subtracting 1."
"1.OA.C.5","Adding & subtracting","Count on, count back","Start at 19. Count back 3. Where do you land?","","diagram","16 | 20 | 12 | 14","16","Put your finger on 19 and hop backward 3 times.","Start at 19. → Count back 3: 18, 17, 16. → You land on 16. Counting back 3 is the same as subtracting 3."
"1.OA.C.5","Adding & subtracting","Count on, count back","Count on to add.","2 + 2 = ? (Count on 2 from 2.)","diagram","7 | 1 | 4 | 0","4","Start at the bigger number and count on.","Start at 2. → Count on 2: 3, 4. → 2 + 2 = 4"
"1.OA.C.5","Adding & subtracting","Count on, count back","Start at 13. Count on 3. Where do you land?","","diagram","16 | 19 | 18 | 17","16","Put your finger on 13 and hop forward 3 times.","Start at 13. → Count on 3: 14, 15, 16. → You land on 16. Counting on 3 is the same as adding 3."
"1.OA.C.5","Adding & subtracting","Count on, count back","Start at 18. Count back 1. Where do you land?","","diagram","19 | 17 | 20 | 16","17","Put your finger on 18 and hop backward 1 times.","Start at 18. → Count back 1: 17. → You land on 17. Counting back 1 is the same as subtracting 1."
"1.OA.C.5","Adding & subtracting","Count on, count back","Count on to add.","9 + 1 = ? (Count on 1 from 9.)","diagram","6 | 14 | 10 | 13","10","Start at the bigger number and count on.","Start at 9. → Count on 1: 10. → 9 + 1 = 10"
"1.OA.C.5","Adding & subtracting","Count on, count back","Count on to add.","10 + 1 = ? (Count on 1 from 10.)","diagram","11 | 10 | 9 | 8","11","Start at the bigger number and count on.","Start at 10. → Count on 1: 11. → 10 + 1 = 11"
"1.OA.C.5","Adding & subtracting","Count on, count back","Start at 3. Count back 3. Where do you land?","","diagram","0 | 3 | 4 | 1","0","Put your finger on 3 and hop backward 3 times.","Start at 3. → Count back 3: 2, 1, 0. → You land on 0. Counting back 3 is the same as subtracting 3."
"1.OA.C.5","Adding & subtracting","Count on, count back","Count back to subtract.","10 − 2 = ? (Count back 2 from 10.)","diagram","9 | 7 | 8 | 4","8","Start at 10 and count back.","Start at 10. → Count back 2: 9, 8. → 10 − 2 = 8"
"1.OA.C.5","Adding & subtracting","Count on, count back","Start at 15. Count on 3. Where do you land?","","diagram","18 | 20 | 15 | 17","18","Put your finger on 15 and hop forward 3 times.","Start at 15. → Count on 3: 16, 17, 18. → You land on 18. Counting on 3 is the same as adding 3."
"1.OA.C.5","Adding & subtracting","Count on, count back","Start at 1. Count on 1. Where do you land?","","diagram","2 | 0 | 6 | 1","2","Put your finger on 1 and hop forward 1 times.","Start at 1. → Count on 1: 2. → You land on 2. Counting on 1 is the same as adding 1."
"1.OA.C.5","Adding & subtracting","Count on, count back","Count back to subtract.","11 − 3 = ? (Count back 3 from 11.)","diagram","4 | 8 | 12 | 6","8","Start at 11 and count back.","Start at 11. → Count back 3: 10, 9, 8. → 11 − 3 = 8"
"1.OA.C.5","Adding & subtracting","Count on, count back","Count back to subtract.","16 − 3 = ? (Count back 3 from 16.)","diagram","9 | 13 | 15 | 12","13","Start at 16 and count back.","Start at 16. → Count back 3: 15, 14, 13. → 16 − 3 = 13"
"1.OA.C.5","Adding & subtracting","Count on, count back","Count back to subtract.","7 − 2 = ? (Count back 2 from 7.)","diagram","5 | 9 | 8 | 6","5","Start at 7 and count back.","Start at 7. → Count back 2: 6, 5. → 7 − 2 = 5"
"1.OA.C.5","Adding & subtracting","Count on, count back","Count back to subtract.","4 − 2 = ? (Count back 2 from 4.)","diagram","2 | 3 | 0 | 5","2","Start at 4 and count back.","Start at 4. → Count back 2: 3, 2. → 4 − 2 = 2"
"1.OA.C.5","Adding & subtracting","Count on, count back","Start at 5. Count back 1. Where do you land?","","diagram","1 | 8 | 0 | 4","4","Put your finger on 5 and hop backward 1 times.","Start at 5. → Count back 1: 4. → You land on 4. Counting back 1 is the same as subtracting 1."
"1.OA.C.5","Adding & subtracting","Count on, count back","Start at 14. Count back 2. Where do you land?","","diagram","15 | 11 | 12 | 13","12","Put your finger on 14 and hop backward 2 times.","Start at 14. → Count back 2: 13, 12. → You land on 12. Counting back 2 is the same as subtracting 2."
"1.OA.C.5","Adding & subtracting","Count on, count back","Start at 4. Count back 3. Where do you land?","","diagram","2 | 3 | 1 | 0","1","Put your finger on 4 and hop backward 3 times.","Start at 4. → Count back 3: 3, 2, 1. → You land on 1. Counting back 3 is the same as subtracting 3."
"1.OA.C.5","Adding & subtracting","Count on, count back","Start at 15. Count back 3. Where do you land?","","diagram","12 | 15 | 8 | 14","12","Put your finger on 15 and hop backward 3 times.","Start at 15. → Count back 3: 14, 13, 12. → You land on 12. Counting back 3 is the same as subtracting 3."
"1.OA.C.5","Adding & subtracting","Count on, count back","Count back to subtract.","16 − 1 = ? (Count back 1 from 16.)","diagram","18 | 12 | 13 | 15","15","Start at 16 and count back.","Start at 16. → Count back 1: 15. → 16 − 1 = 15"
"1.OA.C.5","Adding & subtracting","Count on, count back","Count back to subtract.","3 − 1 = ? (Count back 1 from 3.)","diagram","4 | 2 | 0 | 5","2","Start at 3 and count back.","Start at 3. → Count back 1: 2. → 3 − 1 = 2"
"1.OA.C.5","Adding & subtracting","Count on, count back","Count on to add.","6 + 2 = ? (Count on 2 from 6.)","diagram","11 | 7 | 12 | 8","8","Start at the bigger number and count on.","Start at 6. → Count on 2: 7, 8. → 6 + 2 = 8"
"1.OA.C.5","Adding & subtracting","Count on, count back","Count on to add.","17 + 1 = ? (Count on 1 from 17.)","diagram","18 | 19 | 20 | 15","18","Start at the bigger number and count on.","Start at 17. → Count on 1: 18. → 17 + 1 = 18"
"1.OA.C.5","Adding & subtracting","Count on, count back","Start at 0. Count on 2. Where do you land?","","diagram","2 | 3 | 0 | 5","2","Put your finger on 0 and hop forward 2 times.","Start at 0. → Count on 2: 1, 2. → You land on 2. Counting on 2 is the same as adding 2."
"1.OA.C.5","Adding & subtracting","Count on, count back","Start at 9. Count back 3. Where do you land?","","diagram","7 | 6 | 2 | 5","6","Put your finger on 9 and hop backward 3 times.","Start at 9. → Count back 3: 8, 7, 6. → You land on 6. Counting back 3 is the same as subtracting 3."
"1.OA.C.5","Adding & subtracting","Count on, count back","Count back to subtract.","17 − 1 = ? (Count back 1 from 17.)","diagram","12 | 13 | 20 | 16","16","Start at 17 and count back.","Start at 17. → Count back 1: 16. → 17 − 1 = 16"
"1.OA.C.5","Adding & subtracting","Count on, count back","Count back to subtract.","4 − 3 = ? (Count back 3 from 4.)","diagram","5 | 0 | 3 | 1","1","Start at 4 and count back.","Start at 4. → Count back 3: 3, 2, 1. → 4 − 3 = 1"
"1.OA.C.5","Adding & subtracting","Count on, count back","Count on to add.","15 + 1 = ? (Count on 1 from 15.)","diagram","20 | 16 | 12 | 17","16","Start at the bigger number and count on.","Start at 15. → Count on 1: 16. → 15 + 1 = 16"
"1.OA.C.5","Adding & subtracting","Count on, count back","Start at 15. Count back 3. Where do you land?","","diagram","12 | 9 | 11 | 10","12","Put your finger on 15 and hop backward 3 times.","Start at 15. → Count back 3: 14, 13, 12. → You land on 12. Counting back 3 is the same as subtracting 3."
"1.OA.C.5","Adding & subtracting","Count on, count back","Count on to add.","3 + 3 = ? (Count on 3 from 3.)","diagram","3 | 6 | 8 | 10","6","Start at the bigger number and count on.","Start at 3. → Count on 3: 4, 5, 6. → 3 + 3 = 6"
"1.OA.C.5","Adding & subtracting","Count on, count back","Start at 20. Count back 1. Where do you land?","","diagram","19 | 20 | 16 | 17","19","Put your finger on 20 and hop backward 1 times.","Start at 20. → Count back 1: 19. → You land on 19. Counting back 1 is the same as subtracting 1."
"1.OA.C.5","Adding & subtracting","Count on, count back","Start at 1. Count on 1. Where do you land?","","diagram","0 | 3 | 2 | 6","2","Put your finger on 1 and hop forward 1 times.","Start at 1. → Count on 1: 2. → You land on 2. Counting on 1 is the same as adding 1."
"1.OA.C.5","Adding & subtracting","Count on, count back","Start at 13. Count back 2. Where do you land?","","diagram","13 | 8 | 11 | 10","11","Put your finger on 13 and hop backward 2 times.","Start at 13. → Count back 2: 12, 11. → You land on 11. Counting back 2 is the same as subtracting 2."
"1.OA.C.5","Adding & subtracting","Count on, count back","Start at 8. Count on 2. Where do you land?","","diagram","11 | 10 | 8 | 12","10","Put your finger on 8 and hop forward 2 times.","Start at 8. → Count on 2: 9, 10. → You land on 10. Counting on 2 is the same as adding 2."
"1.OA.C.5","Adding & subtracting","Count on, count back","Start at 8. Count back 2. Where do you land?","","diagram","6 | 9 | 4 | 5","6","Put your finger on 8 and hop backward 2 times.","Start at 8. → Count back 2: 7, 6. → You land on 6. Counting back 2 is the same as subtracting 2."
"1.OA.C.5","Adding & subtracting","Count on, count back","Count back to subtract.","16 − 2 = ? (Count back 2 from 16.)","diagram","12 | 15 | 14 | 11","14","Start at 16 and count back.","Start at 16. → Count back 2: 15, 14. → 16 − 2 = 14"
"1.OA.C.5","Adding & subtracting","Count on, count back","Start at 17. Count back 2. Where do you land?","","diagram","13 | 15 | 12 | 17","15","Put your finger on 17 and hop backward 2 times.","Start at 17. → Count back 2: 16, 15. → You land on 15. Counting back 2 is the same as subtracting 2."
"1.OA.C.5","Adding & subtracting","Count on, count back","Start at 6. Count back 2. Where do you land?","","diagram","0 | 6 | 4 | 3","4","Put your finger on 6 and hop backward 2 times.","Start at 6. → Count back 2: 5, 4. → You land on 4. Counting back 2 is the same as subtracting 2."
"1.OA.C.5","Adding & subtracting","Count on, count back","Start at 2. Count on 2. Where do you land?","","diagram","6 | 2 | 7 | 4","4","Put your finger on 2 and hop forward 2 times.","Start at 2. → Count on 2: 3, 4. → You land on 4. Counting on 2 is the same as adding 2."
"1.OA.C.5","Adding & subtracting","Count on, count back","Start at 3. Count back 2. Where do you land?","","diagram","4 | 5 | 1 | 3","1","Put your finger on 3 and hop backward 2 times.","Start at 3. → Count back 2: 2, 1. → You land on 1. Counting back 2 is the same as subtracting 2."
"1.OA.C.5","Adding & subtracting","Count on, count back","Start at 17. Count back 1. Where do you land?","","diagram","16 | 13 | 20 | 19","16","Put your finger on 17 and hop backward 1 times.","Start at 17. → Count back 1: 16. → You land on 16. Counting back 1 is the same as subtracting 1."
"1.OA.C.5","Adding & subtracting","Count on, count back","Count back to subtract.","15 − 1 = ? (Count back 1 from 15.)","diagram","18 | 14 | 17 | 12","14","Start at 15 and count back.","Start at 15. → Count back 1: 14. → 15 − 1 = 14"
"1.OA.C.5","Adding & subtracting","Count on, count back","Start at 11. Count back 2. Where do you land?","","diagram","9 | 5 | 6 | 7","9","Put your finger on 11 and hop backward 2 times.","Start at 11. → Count back 2: 10, 9. → You land on 9. Counting back 2 is the same as subtracting 2."
"1.OA.C.5","Adding & subtracting","Count on, count back","Start at 15. Count back 3. Where do you land?","","diagram","8 | 10 | 12 | 16","12","Put your finger on 15 and hop backward 3 times.","Start at 15. → Count back 3: 14, 13, 12. → You land on 12. Counting back 3 is the same as subtracting 3."
"1.OA.C.5","Adding & subtracting","Count on, count back","Start at 2. Count on 3. Where do you land?","","diagram","5 | 1 | 6 | 4","5","Put your finger on 2 and hop forward 3 times.","Start at 2. → Count on 3: 3, 4, 5. → You land on 5. Counting on 3 is the same as adding 3."
"1.OA.C.5","Adding & subtracting","Count on, count back","Count on to add.","13 + 2 = ? (Count on 2 from 13.)","diagram","14 | 13 | 11 | 15","15","Start at the bigger number and count on.","Start at 13. → Count on 2: 14, 15. → 13 + 2 = 15"
"1.OA.C.5","Adding & subtracting","Count on, count back","Start at 9. Count back 2. Where do you land?","","diagram","6 | 10 | 11 | 7","7","Put your finger on 9 and hop backward 2 times.","Start at 9. → Count back 2: 8, 7. → You land on 7. Counting back 2 is the same as subtracting 2."
"1.OA.C.5","Adding & subtracting","Count on, count back","Start at 4. Count back 1. Where do you land?","","diagram","5 | 2 | 7 | 3","3","Put your finger on 4 and hop backward 1 times.","Start at 4. → Count back 1: 3. → You land on 3. Counting back 1 is the same as subtracting 1."
"1.OA.C.5","Adding & subtracting","Count on, count back","Start at 8. Count on 1. Where do you land?","","diagram","9 | 8 | 5 | 13","9","Put your finger on 8 and hop forward 1 times.","Start at 8. → Count on 1: 9. → You land on 9. Counting on 1 is the same as adding 1."
"1.OA.C.5","Adding & subtracting","Count on, count back","Start at 4. Count on 1. Where do you land?","","diagram","8 | 5 | 1 | 6","5","Put your finger on 4 and hop forward 1 times.","Start at 4. → Count on 1: 5. → You land on 5. Counting on 1 is the same as adding 1."
"1.OA.C.5","Adding & subtracting","Count on, count back","Count back to subtract.","4 − 1 = ? (Count back 1 from 4.)","diagram","2 | 7 | 3 | 4","3","Start at 4 and count back.","Start at 4. → Count back 1: 3. → 4 − 1 = 3"
"1.OA.C.5","Adding & subtracting","Count on, count back","Count on to add.","17 + 2 = ? (Count on 2 from 17.)","diagram","17 | 18 | 15 | 19","19","Start at the bigger number and count on.","Start at 17. → Count on 2: 18, 19. → 17 + 2 = 19"
"1.OA.C.5","Adding & subtracting","Count on, count back","Count back to subtract.","6 − 2 = ? (Count back 2 from 6.)","diagram","7 | 0 | 4 | 5","4","Start at 6 and count back.","Start at 6. → Count back 2: 5, 4. → 6 − 2 = 4"
"1.OA.C.5","Adding & subtracting","Count on, count back","Start at 0. Count on 3. Where do you land?","","diagram","5 | 7 | 3 | 0","3","Put your finger on 0 and hop forward 3 times.","Start at 0. → Count on 3: 1, 2, 3. → You land on 3. Counting on 3 is the same as adding 3."
"1.OA.C.5","Adding & subtracting","Count on, count back","Start at 11. Count on 3. Where do you land?","","diagram","14 | 15 | 10 | 11","14","Put your finger on 11 and hop forward 3 times.","Start at 11. → Count on 3: 12, 13, 14. → You land on 14. Counting on 3 is the same as adding 3."
"1.OA.C.5","Adding & subtracting","Count on, count back","Count on to add.","12 + 1 = ? (Count on 1 from 12.)","diagram","16 | 13 | 17 | 10","13","Start at the bigger number and count on.","Start at 12. → Count on 1: 13. → 12 + 1 = 13"
"1.OA.C.5","Adding & subtracting","Count on, count back","Count on to add.","4 + 3 = ? (Count on 3 from 4.)","diagram","7 | 9 | 4 | 10","7","Start at the bigger number and count on.","Start at 4. → Count on 3: 5, 6, 7. → 4 + 3 = 7"
"1.OA.C.5","Adding & subtracting","Count on, count back","Start at 13. Count on 3. Where do you land?","","diagram","14 | 17 | 16 | 18","16","Put your finger on 13 and hop forward 3 times.","Start at 13. → Count on 3: 14, 15, 16. → You land on 16. Counting on 3 is the same as adding 3."
"1.OA.C.5","Adding & subtracting","Count on, count back","Start at 13. Count back 3. Where do you land?","","diagram","6 | 11 | 8 | 10","10","Put your finger on 13 and hop backward 3 times.","Start at 13. → Count back 3: 12, 11, 10. → You land on 10. Counting back 3 is the same as subtracting 3."
"1.OA.C.5","Adding & subtracting","Count on, count back","Start at 15. Count on 1. Where do you land?","","diagram","16 | 17 | 18 | 19","16","Put your finger on 15 and hop forward 1 times.","Start at 15. → Count on 1: 16. → You land on 16. Counting on 1 is the same as adding 1."
"1.OA.C.5","Adding & subtracting","Count on, count back","Count back to subtract.","14 − 1 = ? (Count back 1 from 14.)","diagram","9 | 16 | 15 | 13","13","Start at 14 and count back.","Start at 14. → Count back 1: 13. → 14 − 1 = 13"
"1.OA.C.5","Adding & subtracting","Count on, count back","Start at 7. Count back 2. Where do you land?","","diagram","5 | 9 | 7 | 3","5","Put your finger on 7 and hop backward 2 times.","Start at 7. → Count back 2: 6, 5. → You land on 5. Counting back 2 is the same as subtracting 2."
"1.OA.C.5","Adding & subtracting","Count on, count back","Count back to subtract.","14 − 1 = ? (Count back 1 from 14.)","diagram","14 | 15 | 11 | 13","13","Start at 14 and count back.","Start at 14. → Count back 1: 13. → 14 − 1 = 13"
"1.OA.C.5","Adding & subtracting","Count on, count back","Count on to add.","5 + 3 = ? (Count on 3 from 5.)","diagram","8 | 11 | 10 | 4","8","Start at the bigger number and count on.","Start at 5. → Count on 3: 6, 7, 8. → 5 + 3 = 8"
"1.OA.C.5","Adding & subtracting","Count on, count back","Start at 6. Count back 2. Where do you land?","","diagram","7 | 0 | 6 | 4","4","Put your finger on 6 and hop backward 2 times.","Start at 6. → Count back 2: 5, 4. → You land on 4. Counting back 2 is the same as subtracting 2."
"1.OA.C.5","Adding & subtracting","Count on, count back","Start at 11. Count on 2. Where do you land?","","diagram","12 | 13 | 15 | 14","13","Put your finger on 11 and hop forward 2 times.","Start at 11. → Count on 2: 12, 13. → You land on 13. Counting on 2 is the same as adding 2."
"1.OA.C.5","Adding & subtracting","Count on, count back","Count on to add.","12 + 3 = ? (Count on 3 from 12.)","diagram","17 | 16 | 11 | 15","15","Start at the bigger number and count on.","Start at 12. → Count on 3: 13, 14, 15. → 12 + 3 = 15"
"1.OA.C.5","Adding & subtracting","Count on, count back","Start at 8. Count on 1. Where do you land?","","diagram","9 | 10 | 8 | 7","9","Put your finger on 8 and hop forward 1 times.","Start at 8. → Count on 1: 9. → You land on 9. Counting on 1 is the same as adding 1."
"1.OA.C.5","Adding & subtracting","Count on, count back","Count back to subtract.","17 − 2 = ? (Count back 2 from 17.)","diagram","12 | 18 | 19 | 15","15","Start at 17 and count back.","Start at 17. → Count back 2: 16, 15. → 17 − 2 = 15"
"1.OA.C.5","Adding & subtracting","Count on, count back","Start at 13. Count on 2. Where do you land?","","diagram","18 | 13 | 15 | 19","15","Put your finger on 13 and hop forward 2 times.","Start at 13. → Count on 2: 14, 15. → You land on 15. Counting on 2 is the same as adding 2."
"1.OA.C.5","Adding & subtracting","Count on, count back","Start at 13. Count back 2. Where do you land?","","diagram","12 | 14 | 11 | 13","11","Put your finger on 13 and hop backward 2 times.","Start at 13. → Count back 2: 12, 11. → You land on 11. Counting back 2 is the same as subtracting 2."
"1.OA.C.5","Adding & subtracting","Count on, count back","Start at 9. Count on 1. Where do you land?","","diagram","7 | 10 | 12 | 14","10","Put your finger on 9 and hop forward 1 times.","Start at 9. → Count on 1: 10. → You land on 10. Counting on 1 is the same as adding 1."
"1.OA.C.6","Adding & subtracting","Fast facts to 20","Get to ten, then subtract the rest.","17 − 9 = ? (Take away 7 to get to 10 first.)","","7 | 8 | 9 | 11","8","Take away enough to land on 10, then take away the rest.","17 − 7 = 10. → You still need to take away 2 more. → 10 − 2 = 8 → So 17 − 9 = 8."
"1.OA.C.6","Adding & subtracting","Fast facts to 20","Fill in the missing number.","6 + 7 = 6 + 4 + ? (Make a ten first: 6 + 4 = 10.)","","4 | 7 | 2 | 3","3","Split 7 into 4 and something else.","6 needs 4 more to make 10. → Split 7 into 4 and 3. → So 6 + 7 = 6 + 4 + 3 = 10 + 3 = 13."
"1.OA.C.6","Adding & subtracting","Fast facts to 20","Get to ten, then subtract the rest.","19 − 10 = ? (Take away 9 to get to 10 first.)","","9 | 11 | 12 | 5","9","Take away enough to land on 10, then take away the rest.","19 − 9 = 10. → You still need to take away 1 more. → 10 − 1 = 9 → So 19 − 10 = 9."
"1.OA.C.6","Adding & subtracting","Fast facts to 20","Add.","7 + 1 = ?","","5 | 10 | 8 | 6","8","Start at the bigger number and count on.","Start at 7 and count on 1. → Count: 8. → 7 + 1 = 8"
"1.OA.C.6","Adding & subtracting","Fast facts to 20","Use a double to help.","9 + 10 = ? (You know 9 + 9 = 18. Add one more.)","","19 | 15 | 18 | 16","19","Start with the double 9 + 9.","The double: 9 + 9 = 18. → 9 + 10 is one more than the double. → 18 + 1 = 19"
"1.OA.C.6","Adding & subtracting","Fast facts to 20","Use the addition fact.","15 − 6 = ? (You know 6 + 9 = 15.)","","11 | 6 | 9 | 10","9","Addition and subtraction are a family. Use the fact you know.","6 + 9 = 15 is given. → Subtraction undoes addition: taking 6 away from 15 leaves 9. → 15 − 6 = 9"
"1.OA.C.6","Adding & subtracting","Fast facts to 20","Subtract.","14 − 5 = ?","","11 | 9 | 10 | 8","9","Think: 5 + ? = 14.","Think of it as a missing part: 5 + ? = 14. → Count on from 5: 6, 7, 8, 9, 10, 11, 12, 13, 14. → 14 − 5 = 9"
"1.OA.C.6","Adding & subtracting","Fast facts to 20","Use the addition fact.","16 − 9 = ? (You know 9 + 7 = 16.)","","8 | 9 | 3 | 7","7","Addition and subtraction are a family. Use the fact you know.","9 + 7 = 16 is given. → Subtraction undoes addition: taking 9 away from 16 leaves 7. → 16 − 9 = 7"
"1.OA.C.6","Adding & subtracting","Fast facts to 20","Use the addition fact.","12 − 5 = ? (You know 5 + 7 = 12.)","","7 | 6 | 9 | 8","7","Addition and subtraction are a family. Use the fact you know.","5 + 7 = 12 is given. → Subtraction undoes addition: taking 5 away from 12 leaves 7. → 12 − 5 = 7"
"1.OA.C.6","Adding & subtracting","Fast facts to 20","Get to ten, then subtract the rest.","17 − 8 = ? (Take away 7 to get to 10 first.)","","6 | 8 | 10 | 9","9","Take away enough to land on 10, then take away the rest.","17 − 7 = 10. → You still need to take away 1 more. → 10 − 1 = 9 → So 17 − 8 = 9."
"1.OA.C.6","Adding & subtracting","Fast facts to 20","Add.","1 + 14 = ?","","14 | 18 | 15 | 13","15","Try making a ten first.","Start at 14 and count on 1. → Count: 15. → 1 + 14 = 15"
"1.OA.C.6","Adding & subtracting","Fast facts to 20","Subtract.","8 − 3 = ?","","1 | 8 | 7 | 5","5","Think: 3 + ? = 8.","Think of it as a missing part: 3 + ? = 8. → Count on from 3: 4, 5, 6, 7, 8. → 8 − 3 = 5"
"1.OA.C.6","Adding & subtracting","Fast facts to 20","Get to ten, then subtract the rest.","19 − 10 = ? (Take away 9 to get to 10 first.)","","7 | 8 | 12 | 9","9","Take away enough to land on 10, then take away the rest.","19 − 9 = 10. → You still need to take away 1 more. → 10 − 1 = 9 → So 19 − 10 = 9."
"1.OA.C.6","Adding & subtracting","Fast facts to 20","Fill in the missing number.","5 + 7 = 5 + 5 + ? (Make a ten first: 5 + 5 = 10.)","","2 | 1 | 3 | 6","2","Split 7 into 5 and something else.","5 needs 5 more to make 10. → Split 7 into 5 and 2. → So 5 + 7 = 5 + 5 + 2 = 10 + 2 = 12."
"1.OA.C.6","Adding & subtracting","Fast facts to 20","Use the addition fact.","19 − 4 = ? (You know 4 + 15 = 19.)","","12 | 15 | 14 | 19","15","Addition and subtraction are a family. Use the fact you know.","4 + 15 = 19 is given. → Subtraction undoes addition: taking 4 away from 19 leaves 15. → 19 − 4 = 15"
"1.OA.C.6","Adding & subtracting","Fast facts to 20","Use a double to help.","4 + 5 = ? (You know 4 + 4 = 8. Add one more.)","","6 | 10 | 11 | 9","9","Start with the double 4 + 4.","The double: 4 + 4 = 8. → 4 + 5 is one more than the double. → 8 + 1 = 9"
"1.OA.C.6","Adding & subtracting","Fast facts to 20","Subtract.","5 − 5 = ?","","1 | 0 | 2 | 4","0","Think: 5 + ? = 5.","Think of it as a missing part: 5 + ? = 5. → 5 + 0 = 5. → 5 − 5 = 0"
"1.OA.C.6","Adding & subtracting","Fast facts to 20","Use the addition fact.","6 − 5 = ? (You know 5 + 1 = 6.)","","4 | 1 | 3 | 2","1","Addition and subtraction are a family. Use the fact you know.","5 + 1 = 6 is given. → Subtraction undoes addition: taking 5 away from 6 leaves 1. → 6 − 5 = 1"
"1.OA.C.6","Adding & subtracting","Fast facts to 20","Use the addition fact.","11 − 6 = ? (You know 6 + 5 = 11.)","","5 | 3 | 8 | 4","5","Addition and subtraction are a family. Use the fact you know.","6 + 5 = 11 is given. → Subtraction undoes addition: taking 6 away from 11 leaves 5. → 11 − 6 = 5"
"1.OA.C.6","Adding & subtracting","Fast facts to 20","Use a double to help.","2 + 3 = ? (You know 2 + 2 = 4. Add one more.)","","1 | 5 | 7 | 2","5","Start with the double 2 + 2.","The double: 2 + 2 = 4. → 2 + 3 is one more than the double. → 4 + 1 = 5"
"1.OA.C.6","Adding & subtracting","Fast facts to 20","Get to ten, then subtract the rest.","18 − 9 = ? (Take away 8 to get to 10 first.)","","9 | 7 | 8 | 10","9","Take away enough to land on 10, then take away the rest.","18 − 8 = 10. → You still need to take away 1 more. → 10 − 1 = 9 → So 18 − 9 = 9."
"1.OA.C.6","Adding & subtracting","Fast facts to 20","Add.","0 + 5 = ?","","7 | 5 | 3 | 8","5","Start at the bigger number and count on.","Start at 5 and count on 0. → 0 + 5 = 5"
"1.OA.C.6","Adding & subtracting","Fast facts to 20","Subtract.","16 − 8 = ?","","8 | 4 | 9 | 7","8","Think: 8 + ? = 16.","Think of it as a missing part: 8 + ? = 16. → Count on from 8: 9, 10, 11, 12, 13, 14, 15, 16. → 16 − 8 = 8"
"1.OA.C.6","Adding & subtracting","Fast facts to 20","Add.","11 + 9 = ?","","18 | 19 | 17 | 20","20","Try making a ten first.","Start at 11 and count on 9. → Count: 12, 13, 14, 15, 16, 17, 18, 19, 20. → 11 + 9 = 20"
"1.OA.C.6","Adding & subtracting","Fast facts to 20","Use a double to help.","3 + 4 = ? (You know 3 + 3 = 6. Add one more.)","","9 | 4 | 7 | 11","7","Start with the double 3 + 3.","The double: 3 + 3 = 6. → 3 + 4 is one more than the double. → 6 + 1 = 7"
"1.OA.C.6","Adding & subtracting","Fast facts to 20","Get to ten, then subtract the rest.","18 − 9 = ? (Take away 8 to get to 10 first.)","","11 | 12 | 8 | 9","9","Take away enough to land on 10, then take away the rest.","18 − 8 = 10. → You still need to take away 1 more. → 10 − 1 = 9 → So 18 − 9 = 9."
"1.OA.C.6","Adding & subtracting","Fast facts to 20","Add.","6 + 0 = ?","","6 | 7 | 3 | 10","6","Start at the bigger number and count on.","Start at 6 and count on 0. → 6 + 0 = 6"
"1.OA.C.6","Adding & subtracting","Fast facts to 20","Subtract.","17 − 16 = ?","","1 | 2 | 5 | 4","1","Think: 16 + ? = 17.","Think of it as a missing part: 16 + ? = 17. → Count on from 16: 17. → 17 − 16 = 1"
"1.OA.C.6","Adding & subtracting","Fast facts to 20","Use the addition fact.","13 − 2 = ? (You know 2 + 11 = 13.)","","11 | 9 | 7 | 10","11","Addition and subtraction are a family. Use the fact you know.","2 + 11 = 13 is given. → Subtraction undoes addition: taking 2 away from 13 leaves 11. → 13 − 2 = 11"
"1.OA.C.6","Adding & subtracting","Fast facts to 20","Fill in the missing number.","8 + 7 = 8 + 2 + ? (Make a ten first: 8 + 2 = 10.)","","6 | 5 | 1 | 9","5","Split 7 into 2 and something else.","8 needs 2 more to make 10. → Split 7 into 2 and 5. → So 8 + 7 = 8 + 2 + 5 = 10 + 5 = 15."
"1.OA.C.6","Adding & subtracting","Fast facts to 20","Subtract.","14 − 5 = ?","","9 | 12 | 5 | 13","9","Think: 5 + ? = 14.","Think of it as a missing part: 5 + ? = 14. → Count on from 5: 6, 7, 8, 9, 10, 11, 12, 13, 14. → 14 − 5 = 9"
"1.OA.C.6","Adding & subtracting","Fast facts to 20","Use the addition fact.","20 − 7 = ? (You know 7 + 13 = 20.)","","13 | 17 | 12 | 10","13","Addition and subtraction are a family. Use the fact you know.","7 + 13 = 20 is given. → Subtraction undoes addition: taking 7 away from 20 leaves 13. → 20 − 7 = 13"
"1.OA.C.6","Adding & subtracting","Fast facts to 20","Use the addition fact.","18 − 1 = ? (You know 1 + 17 = 18.)","","19 | 20 | 17 | 18","17","Addition and subtraction are a family. Use the fact you know.","1 + 17 = 18 is given. → Subtraction undoes addition: taking 1 away from 18 leaves 17. → 18 − 1 = 17"
"1.OA.C.6","Adding & subtracting","Fast facts to 20","Fill in the missing number.","9 + 8 = 9 + 1 + ? (Make a ten first: 9 + 1 = 10.)","","5 | 9 | 11 | 7","7","Split 8 into 1 and something else.","9 needs 1 more to make 10. → Split 8 into 1 and 7. → So 9 + 8 = 9 + 1 + 7 = 10 + 7 = 17."
"1.OA.C.6","Adding & subtracting","Fast facts to 20","Add.","0 + 18 = ?","","14 | 16 | 20 | 18","18","Try making a ten first.","Start at 18 and count on 0. → 0 + 18 = 18"
"1.OA.C.6","Adding & subtracting","Fast facts to 20","Use the addition fact.","10 − 6 = ? (You know 6 + 4 = 10.)","","6 | 2 | 7 | 4","4","Addition and subtraction are a family. Use the fact you know.","6 + 4 = 10 is given. → Subtraction undoes addition: taking 6 away from 10 leaves 4. → 10 − 6 = 4"
"1.OA.C.6","Adding & subtracting","Fast facts to 20","Use the addition fact.","19 − 9 = ? (You know 9 + 10 = 19.)","","8 | 11 | 12 | 10","10","Addition and subtraction are a family. Use the fact you know.","9 + 10 = 19 is given. → Subtraction undoes addition: taking 9 away from 19 leaves 10. → 19 − 9 = 10"
"1.OA.C.6","Adding & subtracting","Fast facts to 20","Use a double to help.","6 + 7 = ? (You know 6 + 6 = 12. Add one more.)","","9 | 13 | 17 | 12","13","Start with the double 6 + 6.","The double: 6 + 6 = 12. → 6 + 7 is one more than the double. → 12 + 1 = 13"
"1.OA.C.6","Adding & subtracting","Fast facts to 20","Fill in the missing number.","8 + 9 = 8 + 2 + ? (Make a ten first: 8 + 2 = 10.)","","7 | 10 | 11 | 8","7","Split 9 into 2 and something else.","8 needs 2 more to make 10. → Split 9 into 2 and 7. → So 8 + 9 = 8 + 2 + 7 = 10 + 7 = 17."
"1.OA.C.6","Adding & subtracting","Fast facts to 20","Use a double to help.","5 + 6 = ? (You know 5 + 5 = 10. Add one more.)","","15 | 12 | 11 | 9","11","Start with the double 5 + 5.","The double: 5 + 5 = 10. → 5 + 6 is one more than the double. → 10 + 1 = 11"
"1.OA.C.6","Adding & subtracting","Fast facts to 20","Use the addition fact.","20 − 6 = ? (You know 6 + 14 = 20.)","","12 | 14 | 15 | 18","14","Addition and subtraction are a family. Use the fact you know.","6 + 14 = 20 is given. → Subtraction undoes addition: taking 6 away from 20 leaves 14. → 20 − 6 = 14"
"1.OA.C.6","Adding & subtracting","Fast facts to 20","Subtract.","11 − 11 = ?","","0 | 4 | 2 | 3","0","Think: 11 + ? = 11.","Think of it as a missing part: 11 + ? = 11. → 11 + 0 = 11. → 11 − 11 = 0"
"1.OA.C.6","Adding & subtracting","Fast facts to 20","Fill in the missing number.","7 + 5 = 7 + 3 + ? (Make a ten first: 7 + 3 = 10.)","","5 | 3 | 2 | 0","2","Split 5 into 3 and something else.","7 needs 3 more to make 10. → Split 5 into 3 and 2. → So 7 + 5 = 7 + 3 + 2 = 10 + 2 = 12."
"1.OA.C.6","Adding & subtracting","Fast facts to 20","Fill in the missing number.","5 + 7 = 5 + 5 + ? (Make a ten first: 5 + 5 = 10.)","","5 | 0 | 2 | 1","2","Split 7 into 5 and something else.","5 needs 5 more to make 10. → Split 7 into 5 and 2. → So 5 + 7 = 5 + 5 + 2 = 10 + 2 = 12."
"1.OA.C.6","Adding & subtracting","Fast facts to 20","Use the addition fact.","6 − 1 = ? (You know 1 + 5 = 6.)","","7 | 5 | 6 | 2","5","Addition and subtraction are a family. Use the fact you know.","1 + 5 = 6 is given. → Subtraction undoes addition: taking 1 away from 6 leaves 5. → 6 − 1 = 5"
"1.OA.C.6","Adding & subtracting","Fast facts to 20","Fill in the missing number.","6 + 8 = 6 + 4 + ? (Make a ten first: 6 + 4 = 10.)","","4 | 5 | 0 | 1","4","Split 8 into 4 and something else.","6 needs 4 more to make 10. → Split 8 into 4 and 4. → So 6 + 8 = 6 + 4 + 4 = 10 + 4 = 14."
"1.OA.C.6","Adding & subtracting","Fast facts to 20","Subtract.","17 − 13 = ?","","2 | 5 | 6 | 4","4","Think: 13 + ? = 17.","Think of it as a missing part: 13 + ? = 17. → Count on from 13: 14, 15, 16, 17. → 17 − 13 = 4"
"1.OA.C.6","Adding & subtracting","Fast facts to 20","Use the addition fact.","11 − 9 = ? (You know 9 + 2 = 11.)","","0 | 1 | 2 | 3","2","Addition and subtraction are a family. Use the fact you know.","9 + 2 = 11 is given. → Subtraction undoes addition: taking 9 away from 11 leaves 2. → 11 − 9 = 2"
"1.OA.C.6","Adding & subtracting","Fast facts to 20","Subtract.","19 − 5 = ?","","14 | 13 | 15 | 11","14","Think: 5 + ? = 19.","Think of it as a missing part: 5 + ? = 19. → Count on from 5: 6, 7, 8, 9, 10, 11, 12, 13, 14, 15, 16, 17, 18, 19. → 19 − 5 = 14"
"1.OA.C.6","Adding & subtracting","Fast facts to 20","Get to ten, then subtract the rest.","19 − 10 = ? (Take away 9 to get to 10 first.)","","13 | 6 | 9 | 8","9","Take away enough to land on 10, then take away the rest.","19 − 9 = 10. → You still need to take away 1 more. → 10 − 1 = 9 → So 19 − 10 = 9."
"1.OA.C.6","Adding & subtracting","Fast facts to 20","Fill in the missing number.","7 + 8 = 7 + 3 + ? (Make a ten first: 7 + 3 = 10.)","","8 | 3 | 1 | 5","5","Split 8 into 3 and something else.","7 needs 3 more to make 10. → Split 8 into 3 and 5. → So 7 + 8 = 7 + 3 + 5 = 10 + 5 = 15."
"1.OA.C.6","Adding & subtracting","Fast facts to 20","Use the addition fact.","15 − 8 = ? (You know 8 + 7 = 15.)","","7 | 8 | 9 | 5","7","Addition and subtraction are a family. Use the fact you know.","8 + 7 = 15 is given. → Subtraction undoes addition: taking 8 away from 15 leaves 7. → 15 − 8 = 7"
"1.OA.C.6","Adding & subtracting","Fast facts to 20","Use a double to help.","8 + 9 = ? (You know 8 + 8 = 16. Add one more.)","","17 | 20 | 13 | 16","17","Start with the double 8 + 8.","The double: 8 + 8 = 16. → 8 + 9 is one more than the double. → 16 + 1 = 17"
"1.OA.C.6","Adding & subtracting","Fast facts to 20","Fill in the missing number.","6 + 6 = 6 + 4 + ? (Make a ten first: 6 + 4 = 10.)","","1 | 6 | 2 | 5","2","Split 6 into 4 and something else.","6 needs 4 more to make 10. → Split 6 into 4 and 2. → So 6 + 6 = 6 + 4 + 2 = 10 + 2 = 12."
"1.OA.C.6","Adding & subtracting","Fast facts to 20","Use a double to help.","7 + 8 = ? (You know 7 + 7 = 14. Add one more.)","","15 | 14 | 11 | 16","15","Start with the double 7 + 7.","The double: 7 + 7 = 14. → 7 + 8 is one more than the double. → 14 + 1 = 15"
"1.OA.C.6","Adding & subtracting","Fast facts to 20","Subtract.","6 − 0 = ?","","9 | 6 | 2 | 7","6","Think: 0 + ? = 6.","Think of it as a missing part: 0 + ? = 6. → Count on from 0: 1, 2, 3, 4, 5, 6. → 6 − 0 = 6"
"1.OA.C.6","Adding & subtracting","Fast facts to 20","Add.","12 + 8 = ?","","18 | 16 | 20 | 17","20","Try making a ten first.","Start at 12 and count on 8. → Count: 13, 14, 15, 16, 17, 18, 19, 20. → 12 + 8 = 20"
"1.OA.C.6","Adding & subtracting","Fast facts to 20","Fill in the missing number.","7 + 9 = 7 + 3 + ? (Make a ten first: 7 + 3 = 10.)","","4 | 10 | 6 | 2","6","Split 9 into 3 and something else.","7 needs 3 more to make 10. → Split 9 into 3 and 6. → So 7 + 9 = 7 + 3 + 6 = 10 + 6 = 16."
"1.OA.C.6","Adding & subtracting","Fast facts to 20","Get to ten, then subtract the rest.","13 − 7 = ? (Take away 3 to get to 10 first.)","","10 | 4 | 6 | 2","6","Take away enough to land on 10, then take away the rest.","13 − 3 = 10. → You still need to take away 4 more. → 10 − 4 = 6 → So 13 − 7 = 6."
"1.OA.C.6","Adding & subtracting","Fast facts to 20","Use the addition fact.","11 − 10 = ? (You know 10 + 1 = 11.)","","0 | 5 | 1 | 4","1","Addition and subtraction are a family. Use the fact you know.","10 + 1 = 11 is given. → Subtraction undoes addition: taking 10 away from 11 leaves 1. → 11 − 10 = 1"
"1.OA.C.6","Adding & subtracting","Fast facts to 20","Fill in the missing number.","8 + 5 = 8 + 2 + ? (Make a ten first: 8 + 2 = 10.)","","5 | 2 | 6 | 3","3","Split 5 into 2 and something else.","8 needs 2 more to make 10. → Split 5 into 2 and 3. → So 8 + 5 = 8 + 2 + 3 = 10 + 3 = 13."
"1.OA.C.6","Adding & subtracting","Fast facts to 20","Add.","5 + 4 = ?","","13 | 6 | 9 | 5","9","Start at the bigger number and count on.","Start at 5 and count on 4. → Count: 6, 7, 8, 9. → 5 + 4 = 9"
"1.OA.C.6","Adding & subtracting","Fast facts to 20","Fill in the missing number.","8 + 7 = 8 + 2 + ? (Make a ten first: 8 + 2 = 10.)","","6 | 8 | 1 | 5","5","Split 7 into 2 and something else.","8 needs 2 more to make 10. → Split 7 into 2 and 5. → So 8 + 7 = 8 + 2 + 5 = 10 + 5 = 15."
"1.OA.C.6","Adding & subtracting","Fast facts to 20","Add.","9 + 10 = ?","","20 | 18 | 19 | 16","19","Try making a ten first.","Start at 10 and count on 9. → Count: 11, 12, 13, 14, 15, 16, 17, 18, 19. → 9 + 10 = 19"
"1.OA.C.6","Adding & subtracting","Fast facts to 20","Fill in the missing number.","9 + 9 = 9 + 1 + ? (Make a ten first: 9 + 1 = 10.)","","8 | 4 | 6 | 12","8","Split 9 into 1 and something else.","9 needs 1 more to make 10. → Split 9 into 1 and 8. → So 9 + 9 = 9 + 1 + 8 = 10 + 8 = 18."
"1.OA.C.6","Adding & subtracting","Fast facts to 20","Subtract.","12 − 0 = ?","","14 | 12 | 13 | 11","12","Think: 0 + ? = 12.","Think of it as a missing part: 0 + ? = 12. → Count on from 0: 1, 2, 3, 4, 5, 6, 7, 8, 9, 10, 11, 12. → 12 − 0 = 12"
"1.OA.C.6","Adding & subtracting","Fast facts to 20","Use a double to help.","6 + 7 = ? (You know 6 + 6 = 12. Add one more.)","","9 | 11 | 17 | 13","13","Start with the double 6 + 6.","The double: 6 + 6 = 12. → 6 + 7 is one more than the double. → 12 + 1 = 13"
"1.OA.C.6","Adding & subtracting","Fast facts to 20","Subtract.","7 − 7 = ?","","2 | 0 | 1 | 4","0","Think: 7 + ? = 7.","Think of it as a missing part: 7 + ? = 7. → 7 + 0 = 7. → 7 − 7 = 0"
"1.OA.C.6","Adding & subtracting","Fast facts to 20","Subtract.","3 − 2 = ?","","3 | 2 | 0 | 1","1","Think: 2 + ? = 3.","Think of it as a missing part: 2 + ? = 3. → Count on from 2: 3. → 3 − 2 = 1"
"1.OA.C.6","Adding & subtracting","Fast facts to 20","Subtract.","11 − 7 = ?","","5 | 4 | 8 | 3","4","Think: 7 + ? = 11.","Think of it as a missing part: 7 + ? = 11. → Count on from 7: 8, 9, 10, 11. → 11 − 7 = 4"
"1.OA.C.6","Adding & subtracting","Fast facts to 20","Use the addition fact.","7 − 2 = ? (You know 2 + 5 = 7.)","","9 | 3 | 4 | 5","5","Addition and subtraction are a family. Use the fact you know.","2 + 5 = 7 is given. → Subtraction undoes addition: taking 2 away from 7 leaves 5. → 7 − 2 = 5"
"1.OA.C.6","Adding & subtracting","Fast facts to 20","Add.","6 + 3 = ?","","9 | 13 | 7 | 5","9","Start at the bigger number and count on.","Start at 6 and count on 3. → Count: 7, 8, 9. → 6 + 3 = 9"
"1.OA.C.6","Adding & subtracting","Fast facts to 20","Fill in the missing number.","9 + 3 = 9 + 1 + ? (Make a ten first: 9 + 1 = 10.)","","2 | 1 | 4 | 0","2","Split 3 into 1 and something else.","9 needs 1 more to make 10. → Split 3 into 1 and 2. → So 9 + 3 = 9 + 1 + 2 = 10 + 2 = 12."
"1.OA.C.6","Adding & subtracting","Fast facts to 20","Use the addition fact.","17 − 6 = ? (You know 6 + 11 = 17.)","","9 | 12 | 13 | 11","11","Addition and subtraction are a family. Use the fact you know.","6 + 11 = 17 is given. → Subtraction undoes addition: taking 6 away from 17 leaves 11. → 17 − 6 = 11"
"1.OA.C.6","Adding & subtracting","Fast facts to 20","Get to ten, then subtract the rest.","12 − 7 = ? (Take away 2 to get to 10 first.)","","1 | 5 | 8 | 9","5","Take away enough to land on 10, then take away the rest.","12 − 2 = 10. → You still need to take away 5 more. → 10 − 5 = 5 → So 12 − 7 = 5."
"1.OA.C.6","Adding & subtracting","Fast facts to 20","Fill in the missing number.","6 + 8 = 6 + 4 + ? (Make a ten first: 6 + 4 = 10.)","","6 | 2 | 5 | 4","4","Split 8 into 4 and something else.","6 needs 4 more to make 10. → Split 8 into 4 and 4. → So 6 + 8 = 6 + 4 + 4 = 10 + 4 = 14."
"1.OA.C.6","Adding & subtracting","Fast facts to 20","Add.","8 + 3 = ?","","14 | 9 | 13 | 11","11","Try making a ten first.","Make a ten: 8 + 2 = 10. → That leaves 1 more. → 10 + 1 = 11"
"1.OA.C.6","Adding & subtracting","Fast facts to 20","Get to ten, then subtract the rest.","12 − 8 = ? (Take away 2 to get to 10 first.)","","4 | 0 | 7 | 3","4","Take away enough to land on 10, then take away the rest.","12 − 2 = 10. → You still need to take away 6 more. → 10 − 6 = 4 → So 12 − 8 = 4."
"1.OA.C.6","Adding & subtracting","Fast facts to 20","Subtract.","13 − 12 = ?","","1 | 4 | 2 | 3","1","Think: 12 + ? = 13.","Think of it as a missing part: 12 + ? = 13. → Count on from 12: 13. → 13 − 12 = 1"
"1.OA.C.6","Adding & subtracting","Fast facts to 20","Subtract.","4 − 0 = ?","","7 | 0 | 4 | 5","4","Think: 0 + ? = 4.","Think of it as a missing part: 0 + ? = 4. → Count on from 0: 1, 2, 3, 4. → 4 − 0 = 4"
"1.OA.C.6","Adding & subtracting","Fast facts to 20","Add.","3 + 6 = ?","","13 | 7 | 6 | 9","9","Start at the bigger number and count on.","Start at 6 and count on 3. → Count: 7, 8, 9. → 3 + 6 = 9"
"1.OA.C.6","Adding & subtracting","Fast facts to 20","Use the addition fact.","20 − 2 = ? (You know 2 + 18 = 20.)","","17 | 18 | 14 | 16","18","Addition and subtraction are a family. Use the fact you know.","2 + 18 = 20 is given. → Subtraction undoes addition: taking 2 away from 20 leaves 18. → 20 − 2 = 18"
"1.OA.C.6","Adding & subtracting","Fast facts to 20","Use a double to help.","2 + 3 = ? (You know 2 + 2 = 4. Add one more.)","","6 | 5 | 7 | 3","5","Start with the double 2 + 2.","The double: 2 + 2 = 4. → 2 + 3 is one more than the double. → 4 + 1 = 5"
"1.OA.C.6","Adding & subtracting","Fast facts to 20","Get to ten, then subtract the rest.","18 − 9 = ? (Take away 8 to get to 10 first.)","","5 | 11 | 9 | 12","9","Take away enough to land on 10, then take away the rest.","18 − 8 = 10. → You still need to take away 1 more. → 10 − 1 = 9 → So 18 − 9 = 9."
"1.OA.C.6","Adding & subtracting","Fast facts to 20","Get to ten, then subtract the rest.","12 − 6 = ? (Take away 2 to get to 10 first.)","","4 | 10 | 6 | 5","6","Take away enough to land on 10, then take away the rest.","12 − 2 = 10. → You still need to take away 4 more. → 10 − 4 = 6 → So 12 − 6 = 6."
"1.OA.C.6","Adding & subtracting","Fast facts to 20","Use a double to help.","5 + 6 = ? (You know 5 + 5 = 10. Add one more.)","","12 | 13 | 11 | 14","11","Start with the double 5 + 5.","The double: 5 + 5 = 10. → 5 + 6 is one more than the double. → 10 + 1 = 11"
"1.OA.C.6","Adding & subtracting","Fast facts to 20","Get to ten, then subtract the rest.","14 − 7 = ? (Take away 4 to get to 10 first.)","","5 | 4 | 6 | 7","7","Take away enough to land on 10, then take away the rest.","14 − 4 = 10. → You still need to take away 3 more. → 10 − 3 = 7 → So 14 − 7 = 7."
"1.OA.C.6","Adding & subtracting","Fast facts to 20","Use the addition fact.","13 − 7 = ? (You know 7 + 6 = 13.)","","3 | 6 | 2 | 8","6","Addition and subtraction are a family. Use the fact you know.","7 + 6 = 13 is given. → Subtraction undoes addition: taking 7 away from 13 leaves 6. → 13 − 7 = 6"
"1.OA.C.6","Adding & subtracting","Fast facts to 20","Use the addition fact.","8 − 3 = ? (You know 3 + 5 = 8.)","","5 | 3 | 4 | 2","5","Addition and subtraction are a family. Use the fact you know.","3 + 5 = 8 is given. → Subtraction undoes addition: taking 3 away from 8 leaves 5. → 8 − 3 = 5"
"1.OA.C.6","Adding & subtracting","Fast facts to 20","Fill in the missing number.","8 + 9 = 8 + 2 + ? (Make a ten first: 8 + 2 = 10.)","","4 | 6 | 7 | 11","7","Split 9 into 2 and something else.","8 needs 2 more to make 10. → Split 9 into 2 and 7. → So 8 + 9 = 8 + 2 + 7 = 10 + 7 = 17."
"1.OA.C.6","Adding & subtracting","Fast facts to 20","Subtract.","12 − 12 = ?","","3 | 0 | 4 | 2","0","Think: 12 + ? = 12.","Think of it as a missing part: 12 + ? = 12. → 12 + 0 = 12. → 12 − 12 = 0"
"1.OA.C.6","Adding & subtracting","Fast facts to 20","Use a double to help.","9 + 10 = ? (You know 9 + 9 = 18. Add one more.)","","19 | 20 | 16 | 17","19","Start with the double 9 + 9.","The double: 9 + 9 = 18. → 9 + 10 is one more than the double. → 18 + 1 = 19"
"1.OA.C.6","Adding & subtracting","Fast facts to 20","Add.","2 + 11 = ?","","15 | 16 | 17 | 13","13","Try making a ten first.","Start at 11 and count on 2. → Count: 12, 13. → 2 + 11 = 13"
"1.OA.C.6","Adding & subtracting","Fast facts to 20","Use a double to help.","4 + 5 = ? (You know 4 + 4 = 8. Add one more.)","","9 | 6 | 7 | 12","9","Start with the double 4 + 4.","The double: 4 + 4 = 8. → 4 + 5 is one more than the double. → 8 + 1 = 9"
"1.OA.C.6","Adding & subtracting","Fast facts to 20","Fill in the missing number.","5 + 9 = 5 + 5 + ? (Make a ten first: 5 + 5 = 10.)","","8 | 3 | 4 | 2","4","Split 9 into 5 and something else.","5 needs 5 more to make 10. → Split 9 into 5 and 4. → So 5 + 9 = 5 + 5 + 4 = 10 + 4 = 14."
"1.OA.C.6","Adding & subtracting","Fast facts to 20","Fill in the missing number.","6 + 9 = 6 + 4 + ? (Make a ten first: 6 + 4 = 10.)","","6 | 7 | 5 | 2","5","Split 9 into 4 and something else.","6 needs 4 more to make 10. → Split 9 into 4 and 5. → So 6 + 9 = 6 + 4 + 5 = 10 + 5 = 15."
"1.OA.C.6","Adding & subtracting","Fast facts to 20","Use a double to help.","6 + 7 = ? (You know 6 + 6 = 12. Add one more.)","","13 | 9 | 10 | 15","13","Start with the double 6 + 6.","The double: 6 + 6 = 12. → 6 + 7 is one more than the double. → 12 + 1 = 13"
"1.OA.C.6","Adding & subtracting","Fast facts to 20","Use the addition fact.","16 − 3 = ? (You know 3 + 13 = 16.)","","13 | 15 | 10 | 16","13","Addition and subtraction are a family. Use the fact you know.","3 + 13 = 16 is given. → Subtraction undoes addition: taking 3 away from 16 leaves 13. → 16 − 3 = 13"
"1.OA.C.6","Adding & subtracting","Fast facts to 20","Add.","2 + 0 = ?","","0 | 4 | 2 | 3","2","Start at the bigger number and count on.","Start at 2 and count on 0. → 2 + 0 = 2"
"1.OA.C.6","Adding & subtracting","Fast facts to 20","Add.","11 + 6 = ?","","14 | 17 | 20 | 15","17","Try making a ten first.","Start at 11 and count on 6. → Count: 12, 13, 14, 15, 16, 17. → 11 + 6 = 17"
"1.OA.D.7","Adding & subtracting","True or false?","True or false?","19 = 17","","True | False","False","The equal sign means both sides are the same amount. Work out each side.","The left side is just 19. → The right side is just 17. → 19 is not the same as 17, so the equation is false."
"1.OA.D.7","Adding & subtracting","True or false?","True or false?","10 − 7 = 1","","True | False","False","The equal sign means both sides are the same amount. Work out each side.","Work out the left side: 10 − 7 = 3. → The right side is just 1. → 3 is not the same as 1, so the equation is false."
"1.OA.D.7","Adding & subtracting","True or false?","True or false?","8 + 9 = 9 + 8","","True | False","True","The equal sign means both sides are the same amount. Work out each side.","Work out the left side: 8 + 9 = 17. → Work out the right side: 9 + 8 = 17. → Both sides equal 17, so the equation is true."
"1.OA.D.7","Adding & subtracting","True or false?","True or false?","3 + 6 = 4 + 4","","True | False","False","The equal sign means both sides are the same amount. Work out each side.","Work out the left side: 3 + 6 = 9. → Work out the right side: 4 + 4 = 8. → 9 is not the same as 8, so the equation is false."
"1.OA.D.7","Adding & subtracting","True or false?","True or false?","7 + 5 = 0 + 14","","True | False","False","The equal sign means both sides are the same amount. Work out each side.","Work out the left side: 7 + 5 = 12. → Work out the right side: 0 + 14 = 14. → 12 is not the same as 14, so the equation is false."
"1.OA.D.7","Adding & subtracting","True or false?","True or false?","2 − 1 = 2","","True | False","False","The equal sign means both sides are the same amount. Work out each side.","Work out the left side: 2 − 1 = 1. → The right side is just 2. → 1 is not the same as 2, so the equation is false."
"1.OA.D.7","Adding & subtracting","True or false?","True or false?","10 = 10 − 1","","True | False","False","The equal sign means both sides are the same amount. Work out each side.","The left side is just 10. → Work out the right side: 10 − 1 = 9. → 10 is not the same as 9, so the equation is false."
"1.OA.D.7","Adding & subtracting","True or false?","True or false?","2 − 2 = 1","","True | False","False","The equal sign means both sides are the same amount. Work out each side.","Work out the left side: 2 − 2 = 0. → The right side is just 1. → 0 is not the same as 1, so the equation is false."
"1.OA.D.7","Adding & subtracting","True or false?","True or false?","2 = 10 − 6","","True | False","False","The equal sign means both sides are the same amount. Work out each side.","The left side is just 2. → Work out the right side: 10 − 6 = 4. → 2 is not the same as 4, so the equation is false."
"1.OA.D.7","Adding & subtracting","True or false?","True or false?","19 = 20","","True | False","False","The equal sign means both sides are the same amount. Work out each side.","The left side is just 19. → The right side is just 20. → 19 is not the same as 20, so the equation is false."
"1.OA.D.7","Adding & subtracting","True or false?","True or false?","2 = 6 − 6","","True | False","False","The equal sign means both sides are the same amount. Work out each side.","The left side is just 2. → Work out the right side: 6 − 6 = 0. → 2 is not the same as 0, so the equation is false."
"1.OA.D.7","Adding & subtracting","True or false?","True or false?","1 = 2 − 1","","True | False","True","The equal sign means both sides are the same amount. Work out each side.","The left side is just 1. → Work out the right side: 2 − 1 = 1. → Both sides equal 1, so the equation is true."
"1.OA.D.7","Adding & subtracting","True or false?","True or false?","3 − 2 = 0","","True | False","False","The equal sign means both sides are the same amount. Work out each side.","Work out the left side: 3 − 2 = 1. → The right side is just 0. → 1 is not the same as 0, so the equation is false."
"1.OA.D.7","Adding & subtracting","True or false?","True or false?","5 + 10 = 10 + 5","","True | False","True","The equal sign means both sides are the same amount. Work out each side.","Work out the left side: 5 + 10 = 15. → Work out the right side: 10 + 5 = 15. → Both sides equal 15, so the equation is true."
"1.OA.D.7","Adding & subtracting","True or false?","True or false?","7 − 4 = 3","","True | False","True","The equal sign means both sides are the same amount. Work out each side.","Work out the left side: 7 − 4 = 3. → The right side is just 3. → Both sides equal 3, so the equation is true."
"1.OA.D.7","Adding & subtracting","True or false?","True or false?","5 + 5 = 10 + 1","","True | False","False","The equal sign means both sides are the same amount. Work out each side.","Work out the left side: 5 + 5 = 10. → Work out the right side: 10 + 1 = 11. → 10 is not the same as 11, so the equation is false."
"1.OA.D.7","Adding & subtracting","True or false?","True or false?","7 + 7 = 9 + 4","","True | False","False","The equal sign means both sides are the same amount. Work out each side.","Work out the left side: 7 + 7 = 14. → Work out the right side: 9 + 4 = 13. → 14 is not the same as 13, so the equation is false."
"1.OA.D.7","Adding & subtracting","True or false?","True or false?","3 + 2 = 5 + 1","","True | False","False","The equal sign means both sides are the same amount. Work out each side.","Work out the left side: 3 + 2 = 5. → Work out the right side: 5 + 1 = 6. → 5 is not the same as 6, so the equation is false."
"1.OA.D.7","Adding & subtracting","True or false?","True or false?","18 = 20","","True | False","False","The equal sign means both sides are the same amount. Work out each side.","The left side is just 18. → The right side is just 20. → 18 is not the same as 20, so the equation is false."
"1.OA.D.7","Adding & subtracting","True or false?","True or false?","3 = 10 − 8","","True | False","False","The equal sign means both sides are the same amount. Work out each side.","The left side is just 3. → Work out the right side: 10 − 8 = 2. → 3 is not the same as 2, so the equation is false."
"1.OA.D.7","Adding & subtracting","True or false?","True or false?","7 + 5 = 8 + 3","","True | False","False","The equal sign means both sides are the same amount. Work out each side.","Work out the left side: 7 + 5 = 12. → Work out the right side: 8 + 3 = 11. → 12 is not the same as 11, so the equation is false."
"1.OA.D.7","Adding & subtracting","True or false?","True or false?","20 − 4 = 15","","True | False","False","The equal sign means both sides are the same amount. Work out each side.","Work out the left side: 20 − 4 = 16. → The right side is just 15. → 16 is not the same as 15, so the equation is false."
"1.OA.D.7","Adding & subtracting","True or false?","True or false?","3 = 5 − 2","","True | False","True","The equal sign means both sides are the same amount. Work out each side.","The left side is just 3. → Work out the right side: 5 − 2 = 3. → Both sides equal 3, so the equation is true."
"1.OA.D.7","Adding & subtracting","True or false?","True or false?","18 = 18","","True | False","True","The equal sign means both sides are the same amount. Work out each side.","The left side is just 18. → The right side is just 18. → Both sides equal 18, so the equation is true."
"1.OA.D.7","Adding & subtracting","True or false?","True or false?","0 = 1 − 0","","True | False","False","The equal sign means both sides are the same amount. Work out each side.","The left side is just 0. → Work out the right side: 1 − 0 = 1. → 0 is not the same as 1, so the equation is false."
"1.OA.D.7","Adding & subtracting","True or false?","True or false?","0 = 2 − 2","","True | False","True","The equal sign means both sides are the same amount. Work out each side.","The left side is just 0. → Work out the right side: 2 − 2 = 0. → Both sides equal 0, so the equation is true."
"1.OA.D.7","Adding & subtracting","True or false?","True or false?","6 − 2 = 4","","True | False","True","The equal sign means both sides are the same amount. Work out each side.","Work out the left side: 6 − 2 = 4. → The right side is just 4. → Both sides equal 4, so the equation is true."
"1.OA.D.7","Adding & subtracting","True or false?","True or false?","0 = 1","","True | False","False","The equal sign means both sides are the same amount. Work out each side.","The left side is just 0. → The right side is just 1. → 0 is not the same as 1, so the equation is false."
"1.OA.D.7","Adding & subtracting","True or false?","True or false?","9 + 10 = 0 + 17","","True | False","False","The equal sign means both sides are the same amount. Work out each side.","Work out the left side: 9 + 10 = 19. → Work out the right side: 0 + 17 = 17. → 19 is not the same as 17, so the equation is false."
"1.OA.D.7","Adding & subtracting","True or false?","True or false?","3 − 0 = 2","","True | False","False","The equal sign means both sides are the same amount. Work out each side.","Work out the left side: 3 − 0 = 3. → The right side is just 2. → 3 is not the same as 2, so the equation is false."
"1.OA.D.7","Adding & subtracting","True or false?","True or false?","7 = 7","","True | False","True","The equal sign means both sides are the same amount. Work out each side.","The left side is just 7. → The right side is just 7. → Both sides equal 7, so the equation is true."
"1.OA.D.7","Adding & subtracting","True or false?","True or false?","9 + 6 = 6 + 9","","True | False","True","The equal sign means both sides are the same amount. Work out each side.","Work out the left side: 9 + 6 = 15. → Work out the right side: 6 + 9 = 15. → Both sides equal 15, so the equation is true."
"1.OA.D.7","Adding & subtracting","True or false?","True or false?","9 = 9","","True | False","True","The equal sign means both sides are the same amount. Work out each side.","The left side is just 9. → The right side is just 9. → Both sides equal 9, so the equation is true."
"1.OA.D.7","Adding & subtracting","True or false?","True or false?","6 + 9 = 9 + 6","","True | False","True","The equal sign means both sides are the same amount. Work out each side.","Work out the left side: 6 + 9 = 15. → Work out the right side: 9 + 6 = 15. → Both sides equal 15, so the equation is true."
"1.OA.D.7","Adding & subtracting","True or false?","True or false?","9 + 5 = 5 + 7","","True | False","False","The equal sign means both sides are the same amount. Work out each side.","Work out the left side: 9 + 5 = 14. → Work out the right side: 5 + 7 = 12. → 14 is not the same as 12, so the equation is false."
"1.OA.D.7","Adding & subtracting","True or false?","True or false?","2 = 16 − 14","","True | False","True","The equal sign means both sides are the same amount. Work out each side.","The left side is just 2. → Work out the right side: 16 − 14 = 2. → Both sides equal 2, so the equation is true."
"1.OA.D.7","Adding & subtracting","True or false?","True or false?","17 = 17","","True | False","True","The equal sign means both sides are the same amount. Work out each side.","The left side is just 17. → The right side is just 17. → Both sides equal 17, so the equation is true."
"1.OA.D.7","Adding & subtracting","True or false?","True or false?","5 + 7 = 7 + 6","","True | False","False","The equal sign means both sides are the same amount. Work out each side.","Work out the left side: 5 + 7 = 12. → Work out the right side: 7 + 6 = 13. → 12 is not the same as 13, so the equation is false."
"1.OA.D.7","Adding & subtracting","True or false?","True or false?","7 + 6 = 6 + 5","","True | False","False","The equal sign means both sides are the same amount. Work out each side.","Work out the left side: 7 + 6 = 13. → Work out the right side: 6 + 5 = 11. → 13 is not the same as 11, so the equation is false."
"1.OA.D.7","Adding & subtracting","True or false?","True or false?","5 = 3","","True | False","False","The equal sign means both sides are the same amount. Work out each side.","The left side is just 5. → The right side is just 3. → 5 is not the same as 3, so the equation is false."
"1.OA.D.7","Adding & subtracting","True or false?","True or false?","3 − 3 = 1","","True | False","False","The equal sign means both sides are the same amount. Work out each side.","Work out the left side: 3 − 3 = 0. → The right side is just 1. → 0 is not the same as 1, so the equation is false."
"1.OA.D.7","Adding & subtracting","True or false?","True or false?","15 − 3 = 12","","True | False","True","The equal sign means both sides are the same amount. Work out each side.","Work out the left side: 15 − 3 = 12. → The right side is just 12. → Both sides equal 12, so the equation is true."
"1.OA.D.7","Adding & subtracting","True or false?","True or false?","8 − 0 = 8","","True | False","True","The equal sign means both sides are the same amount. Work out each side.","Work out the left side: 8 − 0 = 8. → The right side is just 8. → Both sides equal 8, so the equation is true."
"1.OA.D.7","Adding & subtracting","True or false?","True or false?","17 − 6 = 12","","True | False","False","The equal sign means both sides are the same amount. Work out each side.","Work out the left side: 17 − 6 = 11. → The right side is just 12. → 11 is not the same as 12, so the equation is false."
"1.OA.D.7","Adding & subtracting","True or false?","True or false?","1 = 11 − 10","","True | False","True","The equal sign means both sides are the same amount. Work out each side.","The left side is just 1. → Work out the right side: 11 − 10 = 1. → Both sides equal 1, so the equation is true."
"1.OA.D.7","Adding & subtracting","True or false?","True or false?","4 + 9 = 9 + 4","","True | False","True","The equal sign means both sides are the same amount. Work out each side.","Work out the left side: 4 + 9 = 13. → Work out the right side: 9 + 4 = 13. → Both sides equal 13, so the equation is true."
"1.OA.D.7","Adding & subtracting","True or false?","True or false?","11 = 17 − 5","","True | False","False","The equal sign means both sides are the same amount. Work out each side.","The left side is just 11. → Work out the right side: 17 − 5 = 12. → 11 is not the same as 12, so the equation is false."
"1.OA.D.7","Adding & subtracting","True or false?","True or false?","0 + 10 = 10 + 1","","True | False","False","The equal sign means both sides are the same amount. Work out each side.","Work out the left side: 0 + 10 = 10. → Work out the right side: 10 + 1 = 11. → 10 is not the same as 11, so the equation is false."
"1.OA.D.7","Adding & subtracting","True or false?","True or false?","6 + 0 = 4 + 2","","True | False","True","The equal sign means both sides are the same amount. Work out each side.","Work out the left side: 6 + 0 = 6. → Work out the right side: 4 + 2 = 6. → Both sides equal 6, so the equation is true."
"1.OA.D.7","Adding & subtracting","True or false?","True or false?","3 + 10 = 10 + 3","","True | False","True","The equal sign means both sides are the same amount. Work out each side.","Work out the left side: 3 + 10 = 13. → Work out the right side: 10 + 3 = 13. → Both sides equal 13, so the equation is true."
"1.OA.D.7","Adding & subtracting","True or false?","True or false?","2 = 6 − 5","","True | False","False","The equal sign means both sides are the same amount. Work out each side.","The left side is just 2. → Work out the right side: 6 − 5 = 1. → 2 is not the same as 1, so the equation is false."
"1.OA.D.7","Adding & subtracting","True or false?","True or false?","8 + 0 = 0 + 6","","True | False","False","The equal sign means both sides are the same amount. Work out each side.","Work out the left side: 8 + 0 = 8. → Work out the right side: 0 + 6 = 6. → 8 is not the same as 6, so the equation is false."
"1.OA.D.7","Adding & subtracting","True or false?","True or false?","2 + 6 = 6 + 2","","True | False","True","The equal sign means both sides are the same amount. Work out each side.","Work out the left side: 2 + 6 = 8. → Work out the right side: 6 + 2 = 8. → Both sides equal 8, so the equation is true."
"1.OA.D.7","Adding & subtracting","True or false?","True or false?","3 + 7 = 5 + 7","","True | False","False","The equal sign means both sides are the same amount. Work out each side.","Work out the left side: 3 + 7 = 10. → Work out the right side: 5 + 7 = 12. → 10 is not the same as 12, so the equation is false."
"1.OA.D.7","Adding & subtracting","True or false?","True or false?","4 + 8 = 8 + 4","","True | False","True","The equal sign means both sides are the same amount. Work out each side.","Work out the left side: 4 + 8 = 12. → Work out the right side: 8 + 4 = 12. → Both sides equal 12, so the equation is true."
"1.OA.D.7","Adding & subtracting","True or false?","True or false?","7 + 0 = 5 + 4","","True | False","False","The equal sign means both sides are the same amount. Work out each side.","Work out the left side: 7 + 0 = 7. → Work out the right side: 5 + 4 = 9. → 7 is not the same as 9, so the equation is false."
"1.OA.D.7","Adding & subtracting","True or false?","True or false?","9 = 12 − 3","","True | False","True","The equal sign means both sides are the same amount. Work out each side.","The left side is just 9. → Work out the right side: 12 − 3 = 9. → Both sides equal 9, so the equation is true."
"1.OA.D.7","Adding & subtracting","True or false?","True or false?","11 − 11 = 1","","True | False","False","The equal sign means both sides are the same amount. Work out each side.","Work out the left side: 11 − 11 = 0. → The right side is just 1. → 0 is not the same as 1, so the equation is false."
"1.OA.D.7","Adding & subtracting","True or false?","True or false?","3 + 2 = 2 + 3","","True | False","True","The equal sign means both sides are the same amount. Work out each side.","Work out the left side: 3 + 2 = 5. → Work out the right side: 2 + 3 = 5. → Both sides equal 5, so the equation is true."
"1.OA.D.7","Adding & subtracting","True or false?","True or false?","12 − 9 = 4","","True | False","False","The equal sign means both sides are the same amount. Work out each side.","Work out the left side: 12 − 9 = 3. → The right side is just 4. → 3 is not the same as 4, so the equation is false."
"1.OA.D.7","Adding & subtracting","True or false?","True or false?","6 + 5 = 5 + 6","","True | False","True","The equal sign means both sides are the same amount. Work out each side.","Work out the left side: 6 + 5 = 11. → Work out the right side: 5 + 6 = 11. → Both sides equal 11, so the equation is true."
"1.OA.D.7","Adding & subtracting","True or false?","True or false?","0 = 0","","True | False","True","The equal sign means both sides are the same amount. Work out each side.","The left side is just 0. → The right side is just 0. → Both sides equal 0, so the equation is true."
"1.OA.D.7","Adding & subtracting","True or false?","True or false?","12 − 5 = 9","","True | False","False","The equal sign means both sides are the same amount. Work out each side.","Work out the left side: 12 − 5 = 7. → The right side is just 9. → 7 is not the same as 9, so the equation is false."
"1.OA.D.7","Adding & subtracting","True or false?","True or false?","5 + 6 = 6 + 6","","True | False","False","The equal sign means both sides are the same amount. Work out each side.","Work out the left side: 5 + 6 = 11. → Work out the right side: 6 + 6 = 12. → 11 is not the same as 12, so the equation is false."
"1.OA.D.7","Adding & subtracting","True or false?","True or false?","3 + 7 = 1 + 7","","True | False","False","The equal sign means both sides are the same amount. Work out each side.","Work out the left side: 3 + 7 = 10. → Work out the right side: 1 + 7 = 8. → 10 is not the same as 8, so the equation is false."
"1.OA.D.7","Adding & subtracting","True or false?","True or false?","14 = 15","","True | False","False","The equal sign means both sides are the same amount. Work out each side.","The left side is just 14. → The right side is just 15. → 14 is not the same as 15, so the equation is false."
"1.OA.D.7","Adding & subtracting","True or false?","True or false?","16 = 15","","True | False","False","The equal sign means both sides are the same amount. Work out each side.","The left side is just 16. → The right side is just 15. → 16 is not the same as 15, so the equation is false."
"1.OA.D.7","Adding & subtracting","True or false?","True or false?","4 = 15 − 9","","True | False","False","The equal sign means both sides are the same amount. Work out each side.","The left side is just 4. → Work out the right side: 15 − 9 = 6. → 4 is not the same as 6, so the equation is false."
"1.OA.D.7","Adding & subtracting","True or false?","True or false?","9 + 0 = 6 + 3","","True | False","True","The equal sign means both sides are the same amount. Work out each side.","Work out the left side: 9 + 0 = 9. → Work out the right side: 6 + 3 = 9. → Both sides equal 9, so the equation is true."
"1.OA.D.7","Adding & subtracting","True or false?","True or false?","6 + 7 = 7 + 6","","True | False","True","The equal sign means both sides are the same amount. Work out each side.","Work out the left side: 6 + 7 = 13. → Work out the right side: 7 + 6 = 13. → Both sides equal 13, so the equation is true."
"1.OA.D.7","Adding & subtracting","True or false?","True or false?","20 − 19 = 2","","True | False","False","The equal sign means both sides are the same amount. Work out each side.","Work out the left side: 20 − 19 = 1. → The right side is just 2. → 1 is not the same as 2, so the equation is false."
"1.OA.D.7","Adding & subtracting","True or false?","True or false?","5 + 10 = 9 + 6","","True | False","True","The equal sign means both sides are the same amount. Work out each side.","Work out the left side: 5 + 10 = 15. → Work out the right side: 9 + 6 = 15. → Both sides equal 15, so the equation is true."
"1.OA.D.7","Adding & subtracting","True or false?","True or false?","4 + 4 = 4 + 5","","True | False","False","The equal sign means both sides are the same amount. Work out each side.","Work out the left side: 4 + 4 = 8. → Work out the right side: 4 + 5 = 9. → 8 is not the same as 9, so the equation is false."
"1.OA.D.7","Adding & subtracting","True or false?","True or false?","1 + 9 = 2 + 7","","True | False","False","The equal sign means both sides are the same amount. Work out each side.","Work out the left side: 1 + 9 = 10. → Work out the right side: 2 + 7 = 9. → 10 is not the same as 9, so the equation is false."
"1.OA.D.7","Adding & subtracting","True or false?","True or false?","7 = 8","","True | False","False","The equal sign means both sides are the same amount. Work out each side.","The left side is just 7. → The right side is just 8. → 7 is not the same as 8, so the equation is false."
"1.OA.D.7","Adding & subtracting","True or false?","True or false?","7 = 14 − 7","","True | False","True","The equal sign means both sides are the same amount. Work out each side.","The left side is just 7. → Work out the right side: 14 − 7 = 7. → Both sides equal 7, so the equation is true."
"1.OA.D.7","Adding & subtracting","True or false?","True or false?","5 = 11 − 7","","True | False","False","The equal sign means both sides are the same amount. Work out each side.","The left side is just 5. → Work out the right side: 11 − 7 = 4. → 5 is not the same as 4, so the equation is false."
"1.OA.D.7","Adding & subtracting","True or false?","True or false?","10 + 2 = 0 + 12","","True | False","True","The equal sign means both sides are the same amount. Work out each side.","Work out the left side: 10 + 2 = 12. → Work out the right side: 0 + 12 = 12. → Both sides equal 12, so the equation is true."
"1.OA.D.7","Adding & subtracting","True or false?","True or false?","0 + 9 = 9 + 0","","True | False","True","The equal sign means both sides are the same amount. Work out each side.","Work out the left side: 0 + 9 = 9. → Work out the right side: 9 + 0 = 9. → Both sides equal 9, so the equation is true."
"1.OA.D.7","Adding & subtracting","True or false?","True or false?","6 = 20 − 16","","True | False","False","The equal sign means both sides are the same amount. Work out each side.","The left side is just 6. → Work out the right side: 20 − 16 = 4. → 6 is not the same as 4, so the equation is false."
"1.OA.D.7","Adding & subtracting","True or false?","True or false?","9 = 18 − 11","","True | False","False","The equal sign means both sides are the same amount. Work out each side.","The left side is just 9. → Work out the right side: 18 − 11 = 7. → 9 is not the same as 7, so the equation is false."
"1.OA.D.7","Adding & subtracting","True or false?","True or false?","20 − 7 = 13","","True | False","True","The equal sign means both sides are the same amount. Work out each side.","Work out the left side: 20 − 7 = 13. → The right side is just 13. → Both sides equal 13, so the equation is true."
"1.OA.D.7","Adding & subtracting","True or false?","True or false?","3 = 3 − 2","","True | False","False","The equal sign means both sides are the same amount. Work out each side.","The left side is just 3. → Work out the right side: 3 − 2 = 1. → 3 is not the same as 1, so the equation is false."
"1.OA.D.7","Adding & subtracting","True or false?","True or false?","14 = 12","","True | False","False","The equal sign means both sides are the same amount. Work out each side.","The left side is just 14. → The right side is just 12. → 14 is not the same as 12, so the equation is false."
"1.OA.D.7","Adding & subtracting","True or false?","True or false?","13 = 20 − 7","","True | False","True","The equal sign means both sides are the same amount. Work out each side.","The left side is just 13. → Work out the right side: 20 − 7 = 13. → Both sides equal 13, so the equation is true."
"1.OA.D.7","Adding & subtracting","True or false?","True or false?","8 + 7 = 7 + 7","","True | False","False","The equal sign means both sides are the same amount. Work out each side.","Work out the left side: 8 + 7 = 15. → Work out the right side: 7 + 7 = 14. → 15 is not the same as 14, so the equation is false."
"1.OA.D.7","Adding & subtracting","True or false?","True or false?","19 = 19","","True | False","True","The equal sign means both sides are the same amount. Work out each side.","The left side is just 19. → The right side is just 19. → Both sides equal 19, so the equation is true."
"1.OA.D.7","Adding & subtracting","True or false?","True or false?","0 + 1 = 1 + 0","","True | False","True","The equal sign means both sides are the same amount. Work out each side.","Work out the left side: 0 + 1 = 1. → Work out the right side: 1 + 0 = 1. → Both sides equal 1, so the equation is true."
"1.OA.D.7","Adding & subtracting","True or false?","True or false?","4 = 10 − 7","","True | False","False","The equal sign means both sides are the same amount. Work out each side.","The left side is just 4. → Work out the right side: 10 − 7 = 3. → 4 is not the same as 3, so the equation is false."
"1.OA.D.7","Adding & subtracting","True or false?","True or false?","10 + 4 = 4 + 10","","True | False","True","The equal sign means both sides are the same amount. Work out each side.","Work out the left side: 10 + 4 = 14. → Work out the right side: 4 + 10 = 14. → Both sides equal 14, so the equation is true."
"1.OA.D.7","Adding & subtracting","True or false?","True or false?","1 = 5 − 4","","True | False","True","The equal sign means both sides are the same amount. Work out each side.","The left side is just 1. → Work out the right side: 5 − 4 = 1. → Both sides equal 1, so the equation is true."
"1.OA.D.7","Adding & subtracting","True or false?","True or false?","0 + 2 = 1 + 1","","True | False","True","The equal sign means both sides are the same amount. Work out each side.","Work out the left side: 0 + 2 = 2. → Work out the right side: 1 + 1 = 2. → Both sides equal 2, so the equation is true."
"1.OA.D.7","Adding & subtracting","True or false?","True or false?","11 = 9 − 0","","True | False","False","The equal sign means both sides are the same amount. Work out each side.","The left side is just 11. → Work out the right side: 9 − 0 = 9. → 11 is not the same as 9, so the equation is false."
"1.OA.D.7","Adding & subtracting","True or false?","True or false?","4 = 4","","True | False","True","The equal sign means both sides are the same amount. Work out each side.","The left side is just 4. → The right side is just 4. → Both sides equal 4, so the equation is true."
"1.OA.D.7","Adding & subtracting","True or false?","True or false?","6 = 8","","True | False","False","The equal sign means both sides are the same amount. Work out each side.","The left side is just 6. → The right side is just 8. → 6 is not the same as 8, so the equation is false."
"1.OA.D.7","Adding & subtracting","True or false?","True or false?","4 + 8 = 9 + 1","","True | False","False","The equal sign means both sides are the same amount. Work out each side.","Work out the left side: 4 + 8 = 12. → Work out the right side: 9 + 1 = 10. → 12 is not the same as 10, so the equation is false."
"1.OA.D.7","Adding & subtracting","True or false?","True or false?","12 − 2 = 8","","True | False","False","The equal sign means both sides are the same amount. Work out each side.","Work out the left side: 12 − 2 = 10. → The right side is just 8. → 10 is not the same as 8, so the equation is false."
"1.OA.D.7","Adding & subtracting","True or false?","True or false?","14 = 15 − 0","","True | False","False","The equal sign means both sides are the same amount. Work out each side.","The left side is just 14. → Work out the right side: 15 − 0 = 15. → 14 is not the same as 15, so the equation is false."
"1.OA.D.7","Adding & subtracting","True or false?","True or false?","2 = 8 − 7","","True | False","False","The equal sign means both sides are the same amount. Work out each side.","The left side is just 2. → Work out the right side: 8 − 7 = 1. → 2 is not the same as 1, so the equation is false."
"1.OA.D.7","Adding & subtracting","True or false?","True or false?","10 = 11","","True | False","False","The equal sign means both sides are the same amount. Work out each side.","The left side is just 10. → The right side is just 11. → 10 is not the same as 11, so the equation is false."
"1.OA.D.8","Adding & subtracting","Mystery number","What number makes this true?","13 = 19 − ?","","8 | 6 | 5 | 7","6","13 is what is left after taking something from 19.","13 is what is left when you take something from 19. → The difference between 19 and 13 is 6. → 19 − 6 = 13"
"1.OA.D.8","Adding & subtracting","Mystery number","What number makes this true?","10 = ? − 7","","18 | 17 | 14 | 16","17","The equal sign can go first. Something minus 7 is 10.","10 is the same as something take away 7. → Add them back: 10 + 7 = 17. → 17 − 7 = 10"
"1.OA.D.8","Adding & subtracting","Mystery number","What number makes this true?","? + 0 = 19","","18 | 16 | 17 | 19","19","What do you add to 0 to get 19?","Something plus 0 makes 19. → Take 0 away from 19: 19 − 0 = 19. → 19 + 0 = 19"
"1.OA.D.8","Adding & subtracting","Mystery number","What number makes this true?","? = 6 + 6","","12 | 15 | 8 | 11","12","The missing number is the total of 6 and 6.","The missing number is the same as 6 + 6. → 6 + 6 = 12"
"1.OA.D.8","Adding & subtracting","Mystery number","What number makes this true?","10 − 0 = ?","","9 | 10 | 14 | 7","10","Think: 0 + ? = 10.","Take 0 away from 10. → Count on from 0 to 10: 10. → 10 − 0 = 10"
"1.OA.D.8","Adding & subtracting","Mystery number","What number makes this true?","2 + ? = 18","","17 | 16 | 20 | 15","16","Count on from 2 up to 18.","2 plus something makes 18. → Count on from 2 to 18: that is 16. → 2 + 16 = 18"
"1.OA.D.8","Adding & subtracting","Mystery number","What number makes this true?","5 = ? − 11","","18 | 19 | 12 | 16","16","The equal sign can go first. Something minus 11 is 5.","5 is the same as something take away 11. → Add them back: 5 + 11 = 16. → 16 − 11 = 5"
"1.OA.D.8","Adding & subtracting","Mystery number","What number makes this true?","4 − ? = 4","","2 | 4 | 1 | 0","0","How much do you take from 4 to leave 4?","4 take away something leaves 4. → The difference between 4 and 4 is 0. → 4 − 0 = 4"
"1.OA.D.8","Adding & subtracting","Mystery number","What number makes this true?","? + 13 = 16","","0 | 1 | 4 | 3","3","What do you add to 13 to get 16?","Something plus 13 makes 16. → Take 13 away from 16: 16 − 13 = 3. → 3 + 13 = 16"
"1.OA.D.8","Adding & subtracting","Mystery number","What number makes this true?","3 − 3 = ?","","4 | 3 | 2 | 0","0","Think: 3 + ? = 3.","Take 3 away from 3. → 3 + 0 = 3. → 3 − 3 = 0"
"1.OA.D.8","Adding & subtracting","Mystery number","What number makes this true?","17 + ? = 18","","4 | 3 | 0 | 1","1","Count on from 17 up to 18.","17 plus something makes 18. → Count on from 17 to 18: that is 1. → 17 + 1 = 18"
"1.OA.D.8","Adding & subtracting","Mystery number","What number makes this true?","? − 3 = 0","","4 | 3 | 2 | 1","3","Put 3 back with 0 to find the start.","Something take away 3 leaves 0. → Add them back together: 0 + 3 = 3. → 3 − 3 = 0"
"1.OA.D.8","Adding & subtracting","Mystery number","What number makes this true?","17 + ? = 18","","0 | 2 | 1 | 5","1","Count on from 17 up to 18.","17 plus something makes 18. → Count on from 17 to 18: that is 1. → 17 + 1 = 18"
"1.OA.D.8","Adding & subtracting","Mystery number","What number makes this true?","? = 12 + 6","","20 | 18 | 15 | 19","18","The missing number is the total of 12 and 6.","The missing number is the same as 12 + 6. → 12 + 6 = 18"
"1.OA.D.8","Adding & subtracting","Mystery number","What number makes this true?","? + 6 = 19","","12 | 17 | 13 | 11","13","What do you add to 6 to get 19?","Something plus 6 makes 19. → Take 6 away from 19: 19 − 6 = 13. → 13 + 6 = 19"
"1.OA.D.8","Adding & subtracting","Mystery number","What number makes this true?","6 = ? − 10","","17 | 14 | 20 | 16","16","The equal sign can go first. Something minus 10 is 6.","6 is the same as something take away 10. → Add them back: 6 + 10 = 16. → 16 − 10 = 6"
"1.OA.D.8","Adding & subtracting","Mystery number","What number makes this true?","19 = 17 + ?","","1 | 2 | 5 | 6","2","19 must equal 17 plus the missing number.","19 equals 17 plus something. → Count on from 17 to 19: 2. → 17 + 2 = 19"
"1.OA.D.8","Adding & subtracting","Mystery number","What number makes this true?","6 − 5 = ?","","1 | 4 | 5 | 0","1","Think: 5 + ? = 6.","Take 5 away from 6. → Count on from 5 to 6: 1. → 6 − 5 = 1"
"1.OA.D.8","Adding & subtracting","Mystery number","What number makes this true?","11 = 11 + ?","","2 | 4 | 0 | 3","0","11 must equal 11 plus the missing number.","11 equals 11 plus something. → Count on from 11 to 11: 0. → 11 + 0 = 11"
"1.OA.D.8","Adding & subtracting","Mystery number","What number makes this true?","11 − ? = 6","","6 | 3 | 9 | 5","5","How much do you take from 11 to leave 6?","11 take away something leaves 6. → The difference between 11 and 6 is 5. → 11 − 5 = 6"
"1.OA.D.8","Adding & subtracting","Mystery number","What number makes this true?","19 + ? = 20","","3 | 4 | 1 | 0","1","Count on from 19 up to 20.","19 plus something makes 20. → Count on from 19 to 20: that is 1. → 19 + 1 = 20"
"1.OA.D.8","Adding & subtracting","Mystery number","What number makes this true?","? − 0 = 18","","14 | 19 | 18 | 16","18","Put 0 back with 18 to find the start.","Something take away 0 leaves 18. → Add them back together: 18 + 0 = 18. → 18 − 0 = 18"
"1.OA.D.8","Adding & subtracting","Mystery number","What number makes this true?","7 − 4 = ?","","6 | 7 | 3 | 5","3","Think: 4 + ? = 7.","Take 4 away from 7. → Count on from 4 to 7: 3. → 7 − 4 = 3"
"1.OA.D.8","Adding & subtracting","Mystery number","What number makes this true?","1 = 8 − ?","","3 | 5 | 7 | 10","7","1 is what is left after taking something from 8.","1 is what is left when you take something from 8. → The difference between 8 and 1 is 7. → 8 − 7 = 1"
"1.OA.D.8","Adding & subtracting","Mystery number","What number makes this true?","19 = 18 + ?","","3 | 0 | 5 | 1","1","19 must equal 18 plus the missing number.","19 equals 18 plus something. → Count on from 18 to 19: 1. → 18 + 1 = 19"
"1.OA.D.8","Adding & subtracting","Mystery number","What number makes this true?","3 = ? − 9","","14 | 12 | 16 | 15","12","The equal sign can go first. Something minus 9 is 3.","3 is the same as something take away 9. → Add them back: 3 + 9 = 12. → 12 − 9 = 3"
"1.OA.D.8","Adding & subtracting","Mystery number","What number makes this true?","? + 0 = 7","","8 | 11 | 7 | 4","7","What do you add to 0 to get 7?","Something plus 0 makes 7. → Take 0 away from 7: 7 − 0 = 7. → 7 + 0 = 7"
"1.OA.D.8","Adding & subtracting","Mystery number","What number makes this true?","5 − 2 = ?","","7 | 4 | 1 | 3","3","Think: 2 + ? = 5.","Take 2 away from 5. → Count on from 2 to 5: 3. → 5 − 2 = 3"
"1.OA.D.8","Adding & subtracting","Mystery number","What number makes this true?","13 + 0 = ?","","12 | 13 | 10 | 14","13","Just add the two numbers.","Add 13 and 0. → 13 + 0 = 13"
"1.OA.D.8","Adding & subtracting","Mystery number","What number makes this true?","14 − ? = 5","","6 | 7 | 9 | 5","9","How much do you take from 14 to leave 5?","14 take away something leaves 5. → The difference between 14 and 5 is 9. → 14 − 9 = 5"
"1.OA.D.8","Adding & subtracting","Mystery number","What number makes this true?","20 = 16 + ?","","4 | 7 | 8 | 1","4","20 must equal 16 plus the missing number.","20 equals 16 plus something. → Count on from 16 to 20: 4. → 16 + 4 = 20"
"1.OA.D.8","Adding & subtracting","Mystery number","What number makes this true?","? = 4 + 3","","7 | 10 | 5 | 3","7","The missing number is the total of 4 and 3.","The missing number is the same as 4 + 3. → 4 + 3 = 7"
"1.OA.D.8","Adding & subtracting","Mystery number","What number makes this true?","2 = ? − 1","","0 | 3 | 2 | 4","3","The equal sign can go first. Something minus 1 is 2.","2 is the same as something take away 1. → Add them back: 2 + 1 = 3. → 3 − 1 = 2"
"1.OA.D.8","Adding & subtracting","Mystery number","What number makes this true?","? + 3 = 6","","1 | 4 | 3 | 2","3","What do you add to 3 to get 6?","Something plus 3 makes 6. → Take 3 away from 6: 6 − 3 = 3. → 3 + 3 = 6"
"1.OA.D.8","Adding & subtracting","Mystery number","What number makes this true?","? + 3 = 18","","15 | 17 | 16 | 19","15","What do you add to 3 to get 18?","Something plus 3 makes 18. → Take 3 away from 18: 18 − 3 = 15. → 15 + 3 = 18"
"1.OA.D.8","Adding & subtracting","Mystery number","What number makes this true?","? = 4 + 16","","17 | 19 | 20 | 16","20","The missing number is the total of 4 and 16.","The missing number is the same as 4 + 16. → 4 + 16 = 20"
"1.OA.D.8","Adding & subtracting","Mystery number","What number makes this true?","? = 11 + 2","","14 | 17 | 15 | 13","13","The missing number is the total of 11 and 2.","The missing number is the same as 11 + 2. → 11 + 2 = 13"
"1.OA.D.8","Adding & subtracting","Mystery number","What number makes this true?","7 + 7 = ?","","12 | 15 | 14 | 17","14","Just add the two numbers.","Add 7 and 7. → 7 + 7 = 14"
"1.OA.D.8","Adding & subtracting","Mystery number","What number makes this true?","? − 9 = 9","","20 | 15 | 16 | 18","18","Put 9 back with 9 to find the start.","Something take away 9 leaves 9. → Add them back together: 9 + 9 = 18. → 18 − 9 = 9"
"1.OA.D.8","Adding & subtracting","Mystery number","What number makes this true?","7 = ? − 4","","13 | 15 | 11 | 7","11","The equal sign can go first. Something minus 4 is 7.","7 is the same as something take away 4. → Add them back: 7 + 4 = 11. → 11 − 4 = 7"
"1.OA.D.8","Adding & subtracting","Mystery number","What number makes this true?","13 + 7 = ?","","18 | 20 | 17 | 16","20","Just add the two numbers.","Add 13 and 7. → 13 + 7 = 20"
"1.OA.D.8","Adding & subtracting","Mystery number","What number makes this true?","7 + 0 = ?","","7 | 9 | 6 | 4","7","Just add the two numbers.","Add 7 and 0. → 7 + 0 = 7"
"1.OA.D.8","Adding & subtracting","Mystery number","What number makes this true?","? + 3 = 16","","14 | 13 | 9 | 12","13","What do you add to 3 to get 16?","Something plus 3 makes 16. → Take 3 away from 16: 16 − 3 = 13. → 13 + 3 = 16"
"1.OA.D.8","Adding & subtracting","Mystery number","What number makes this true?","10 + 6 = ?","","16 | 18 | 20 | 14","16","Just add the two numbers.","Add 10 and 6. → 10 + 6 = 16"
"1.OA.D.8","Adding & subtracting","Mystery number","What number makes this true?","7 + ? = 12","","5 | 9 | 7 | 4","5","Count on from 7 up to 12.","7 plus something makes 12. → Count on from 7 to 12: that is 5. → 7 + 5 = 12"
"1.OA.D.8","Adding & subtracting","Mystery number","What number makes this true?","20 = 20 + ?","","1 | 3 | 0 | 2","0","20 must equal 20 plus the missing number.","20 equals 20 plus something. → Count on from 20 to 20: 0. → 20 + 0 = 20"
"1.OA.D.8","Adding & subtracting","Mystery number","What number makes this true?","13 − ? = 8","","7 | 3 | 5 | 4","5","How much do you take from 13 to leave 8?","13 take away something leaves 8. → The difference between 13 and 8 is 5. → 13 − 5 = 8"
"1.OA.D.8","Adding & subtracting","Mystery number","What number makes this true?","3 + 1 = ?","","5 | 4 | 0 | 3","4","Just add the two numbers.","Add 3 and 1. → 3 + 1 = 4"
"1.OA.D.8","Adding & subtracting","Mystery number","What number makes this true?","? − 10 = 2","","13 | 15 | 12 | 16","12","Put 10 back with 2 to find the start.","Something take away 10 leaves 2. → Add them back together: 2 + 10 = 12. → 12 − 10 = 2"
"1.OA.D.8","Adding & subtracting","Mystery number","What number makes this true?","18 − ? = 7","","13 | 15 | 9 | 11","11","How much do you take from 18 to leave 7?","18 take away something leaves 7. → The difference between 18 and 7 is 11. → 18 − 11 = 7"
"1.OA.D.8","Adding & subtracting","Mystery number","What number makes this true?","20 = 19 + ?","","0 | 3 | 1 | 5","1","20 must equal 19 plus the missing number.","20 equals 19 plus something. → Count on from 19 to 20: 1. → 19 + 1 = 20"
"1.OA.D.8","Adding & subtracting","Mystery number","What number makes this true?","? − 7 = 3","","8 | 10 | 7 | 11","10","Put 7 back with 3 to find the start.","Something take away 7 leaves 3. → Add them back together: 3 + 7 = 10. → 10 − 7 = 3"
"1.OA.D.8","Adding & subtracting","Mystery number","What number makes this true?","13 = 8 + ?","","5 | 9 | 8 | 6","5","13 must equal 8 plus the missing number.","13 equals 8 plus something. → Count on from 8 to 13: 5. → 8 + 5 = 13"
"1.OA.D.8","Adding & subtracting","Mystery number","What number makes this true?","0 = 14 − ?","","17 | 11 | 15 | 14","14","0 is what is left after taking something from 14.","0 is what is left when you take something from 14. → The difference between 14 and 0 is 14. → 14 − 14 = 0"
"1.OA.D.8","Adding & subtracting","Mystery number","What number makes this true?","? = 6 + 0","","6 | 5 | 2 | 4","6","The missing number is the total of 6 and 0.","The missing number is the same as 6 + 0. → 6 + 0 = 6"
"1.OA.D.8","Adding & subtracting","Mystery number","What number makes this true?","4 = 14 − ?","","10 | 12 | 11 | 6","10","4 is what is left after taking something from 14.","4 is what is left when you take something from 14. → The difference between 14 and 4 is 10. → 14 − 10 = 4"
"1.OA.D.8","Adding & subtracting","Mystery number","What number makes this true?","0 = 2 − ?","","6 | 1 | 3 | 2","2","0 is what is left after taking something from 2.","0 is what is left when you take something from 2. → The difference between 2 and 0 is 2. → 2 − 2 = 0"
"1.OA.D.8","Adding & subtracting","Mystery number","What number makes this true?","7 + 6 = ?","","13 | 14 | 11 | 16","13","Just add the two numbers.","Add 7 and 6. → 7 + 6 = 13"
"1.OA.D.8","Adding & subtracting","Mystery number","What number makes this true?","10 − ? = 1","","12 | 9 | 5 | 10","9","How much do you take from 10 to leave 1?","10 take away something leaves 1. → The difference between 10 and 1 is 9. → 10 − 9 = 1"
"1.OA.D.8","Adding & subtracting","Mystery number","What number makes this true?","? + 14 = 20","","10 | 7 | 6 | 9","6","What do you add to 14 to get 20?","Something plus 14 makes 20. → Take 14 away from 20: 20 − 14 = 6. → 6 + 14 = 20"
"1.OA.D.8","Adding & subtracting","Mystery number","What number makes this true?","? = 0 + 3","","0 | 3 | 1 | 6","3","The missing number is the total of 0 and 3.","The missing number is the same as 0 + 3. → 0 + 3 = 3"
"1.OA.D.8","Adding & subtracting","Mystery number","What number makes this true?","5 = 7 − ?","","3 | 2 | 6 | 0","2","5 is what is left after taking something from 7.","5 is what is left when you take something from 7. → The difference between 7 and 5 is 2. → 7 − 2 = 5"
"1.OA.D.8","Adding & subtracting","Mystery number","What number makes this true?","? = 6 + 7","","10 | 13 | 17 | 9","13","The missing number is the total of 6 and 7.","The missing number is the same as 6 + 7. → 6 + 7 = 13"
"1.OA.D.8","Adding & subtracting","Mystery number","What number makes this true?","9 + 5 = ?","","17 | 16 | 14 | 15","14","Just add the two numbers.","Add 9 and 5. → 9 + 5 = 14"
"1.OA.D.8","Adding & subtracting","Mystery number","What number makes this true?","13 + ? = 18","","5 | 4 | 3 | 6","5","Count on from 13 up to 18.","13 plus something makes 18. → Count on from 13 to 18: that is 5. → 13 + 5 = 18"
"1.OA.D.8","Adding & subtracting","Mystery number","What number makes this true?","? − 16 = 1","","17 | 14 | 19 | 20","17","Put 16 back with 1 to find the start.","Something take away 16 leaves 1. → Add them back together: 1 + 16 = 17. → 17 − 16 = 1"
"1.OA.D.8","Adding & subtracting","Mystery number","What number makes this true?","19 = 19 + ?","","0 | 1 | 2 | 4","0","19 must equal 19 plus the missing number.","19 equals 19 plus something. → Count on from 19 to 19: 0. → 19 + 0 = 19"
"1.OA.D.8","Adding & subtracting","Mystery number","What number makes this true?","1 = ? − 16","","17 | 14 | 13 | 15","17","The equal sign can go first. Something minus 16 is 1.","1 is the same as something take away 16. → Add them back: 1 + 16 = 17. → 17 − 16 = 1"
"1.OA.D.8","Adding & subtracting","Mystery number","What number makes this true?","? = 17 + 2","","15 | 19 | 16 | 17","19","The missing number is the total of 17 and 2.","The missing number is the same as 17 + 2. → 17 + 2 = 19"
"1.OA.D.8","Adding & subtracting","Mystery number","What number makes this true?","? = 0 + 6","","6 | 5 | 7 | 3","6","The missing number is the total of 0 and 6.","The missing number is the same as 0 + 6. → 0 + 6 = 6"
"1.OA.D.8","Adding & subtracting","Mystery number","What number makes this true?","4 = 8 − ?","","4 | 5 | 1 | 2","4","4 is what is left after taking something from 8.","4 is what is left when you take something from 8. → The difference between 8 and 4 is 4. → 8 − 4 = 4"
"1.OA.D.8","Adding & subtracting","Mystery number","What number makes this true?","12 − 6 = ?","","8 | 6 | 3 | 7","6","Think: 6 + ? = 12.","Take 6 away from 12. → Count on from 6 to 12: 6. → 12 − 6 = 6"
"1.OA.D.8","Adding & subtracting","Mystery number","What number makes this true?","? = 19 + 0","","19 | 16 | 20 | 18","19","The missing number is the total of 19 and 0.","The missing number is the same as 19 + 0. → 19 + 0 = 19"
"1.OA.D.8","Adding & subtracting","Mystery number","What number makes this true?","9 − ? = 0","","9 | 12 | 10 | 5","9","How much do you take from 9 to leave 0?","9 take away something leaves 0. → The difference between 9 and 0 is 9. → 9 − 9 = 0"
"1.OA.D.8","Adding & subtracting","Mystery number","What number makes this true?","? = 5 + 2","","10 | 4 | 5 | 7","7","The missing number is the total of 5 and 2.","The missing number is the same as 5 + 2. → 5 + 2 = 7"
"1.OA.D.8","Adding & subtracting","Mystery number","What number makes this true?","? − 0 = 3","","3 | 1 | 0 | 4","3","Put 0 back with 3 to find the start.","Something take away 0 leaves 3. → Add them back together: 3 + 0 = 3. → 3 − 0 = 3"
"1.OA.D.8","Adding & subtracting","Mystery number","What number makes this true?","6 = 0 + ?","","5 | 9 | 4 | 6","6","6 must equal 0 plus the missing number.","6 equals 0 plus something. → Count on from 0 to 6: 6. → 0 + 6 = 6"
"1.OA.D.8","Adding & subtracting","Mystery number","What number makes this true?","3 − ? = 0","","6 | 4 | 7 | 3","3","How much do you take from 3 to leave 0?","3 take away something leaves 0. → The difference between 3 and 0 is 3. → 3 − 3 = 0"
"1.OA.D.8","Adding & subtracting","Mystery number","What number makes this true?","19 + ? = 19","","3 | 1 | 4 | 0","0","Count on from 19 up to 19.","19 plus something makes 19. → Count on from 19 to 19: that is 0. → 19 + 0 = 19"
"1.OA.D.8","Adding & subtracting","Mystery number","What number makes this true?","4 = 5 − ?","","4 | 5 | 1 | 0","1","4 is what is left after taking something from 5.","4 is what is left when you take something from 5. → The difference between 5 and 4 is 1. → 5 − 1 = 4"
"1.OA.D.8","Adding & subtracting","Mystery number","What number makes this true?","7 + 11 = ?","","14 | 18 | 16 | 15","18","Just add the two numbers.","Add 7 and 11. → 7 + 11 = 18"
"1.OA.D.8","Adding & subtracting","Mystery number","What number makes this true?","? + 1 = 12","","11 | 7 | 14 | 12","11","What do you add to 1 to get 12?","Something plus 1 makes 12. → Take 1 away from 12: 12 − 1 = 11. → 11 + 1 = 12"
"1.OA.D.8","Adding & subtracting","Mystery number","What number makes this true?","8 = ? − 4","","12 | 15 | 8 | 9","12","The equal sign can go first. Something minus 4 is 8.","8 is the same as something take away 4. → Add them back: 8 + 4 = 12. → 12 − 4 = 8"
"1.OA.D.8","Adding & subtracting","Mystery number","What number makes this true?","15 + 4 = ?","","17 | 20 | 19 | 16","19","Just add the two numbers.","Add 15 and 4. → 15 + 4 = 19"
"1.OA.D.8","Adding & subtracting","Mystery number","What number makes this true?","4 = 13 − ?","","7 | 9 | 6 | 5","9","4 is what is left after taking something from 13.","4 is what is left when you take something from 13. → The difference between 13 and 4 is 9. → 13 − 9 = 4"
"1.OA.D.8","Adding & subtracting","Mystery number","What number makes this true?","16 = ? − 4","","20 | 19 | 18 | 16","20","The equal sign can go first. Something minus 4 is 16.","16 is the same as something take away 4. → Add them back: 16 + 4 = 20. → 20 − 4 = 16"
"1.OA.D.8","Adding & subtracting","Mystery number","What number makes this true?","5 = ? − 2","","8 | 7 | 11 | 6","7","The equal sign can go first. Something minus 2 is 5.","5 is the same as something take away 2. → Add them back: 5 + 2 = 7. → 7 − 2 = 5"
"1.OA.D.8","Adding & subtracting","Mystery number","What number makes this true?","9 = ? − 1","","10 | 7 | 11 | 13","10","The equal sign can go first. Something minus 1 is 9.","9 is the same as something take away 1. → Add them back: 9 + 1 = 10. → 10 − 1 = 9"
"1.OA.D.8","Adding & subtracting","Mystery number","What number makes this true?","? + 0 = 20","","20 | 18 | 16 | 17","20","What do you add to 0 to get 20?","Something plus 0 makes 20. → Take 0 away from 20: 20 − 0 = 20. → 20 + 0 = 20"
"1.OA.D.8","Adding & subtracting","Mystery number","What number makes this true?","9 = 18 − ?","","11 | 9 | 13 | 12","9","9 is what is left after taking something from 18.","9 is what is left when you take something from 18. → The difference between 18 and 9 is 9. → 18 − 9 = 9"
"1.OA.D.8","Adding & subtracting","Mystery number","What number makes this true?","14 + 3 = ?","","17 | 18 | 19 | 15","17","Just add the two numbers.","Add 14 and 3. → 14 + 3 = 17"
"1.OA.D.8","Adding & subtracting","Mystery number","What number makes this true?","2 = ? − 12","","11 | 16 | 15 | 14","14","The equal sign can go first. Something minus 12 is 2.","2 is the same as something take away 12. → Add them back: 2 + 12 = 14. → 14 − 12 = 2"
"1.OA.D.8","Adding & subtracting","Mystery number","What number makes this true?","2 = ? − 1","","2 | 7 | 3 | 1","3","The equal sign can go first. Something minus 1 is 2.","2 is the same as something take away 1. → Add them back: 2 + 1 = 3. → 3 − 1 = 2"
"1.OA.D.8","Adding & subtracting","Mystery number","What number makes this true?","1 − ? = 0","","1 | 4 | 2 | 3","1","How much do you take from 1 to leave 0?","1 take away something leaves 0. → The difference between 1 and 0 is 1. → 1 − 1 = 0"
"1.OA.D.8","Adding & subtracting","Mystery number","What number makes this true?","? − 3 = 10","","14 | 9 | 15 | 13","13","Put 3 back with 10 to find the start.","Something take away 3 leaves 10. → Add them back together: 10 + 3 = 13. → 13 − 3 = 10"
"1.OA.D.8","Adding & subtracting","Mystery number","What number makes this true?","? − 1 = 13","","16 | 14 | 12 | 11","14","Put 1 back with 13 to find the start.","Something take away 1 leaves 13. → Add them back together: 13 + 1 = 14. → 14 − 1 = 13"
"1.OA.D.8","Adding & subtracting","Mystery number","What number makes this true?","8 + ? = 15","","7 | 11 | 3 | 9","7","Count on from 8 up to 15.","8 plus something makes 15. → Count on from 8 to 15: that is 7. → 8 + 7 = 15"
"1.OA.D.8","Adding & subtracting","Mystery number","What number makes this true?","18 = 10 + ?","","11 | 9 | 8 | 12","8","18 must equal 10 plus the missing number.","18 equals 10 plus something. → Count on from 10 to 18: 8. → 10 + 8 = 18"
"1.OA.D.8","Adding & subtracting","Mystery number","What number makes this true?","12 − ? = 12","","1 | 0 | 4 | 2","0","How much do you take from 12 to leave 12?","12 take away something leaves 12. → The difference between 12 and 12 is 0. → 12 − 0 = 12"
"1.OA.D.8","Adding & subtracting","Mystery number","What number makes this true?","5 = 7 − ?","","3 | 2 | 1 | 0","2","5 is what is left after taking something from 7.","5 is what is left when you take something from 7. → The difference between 7 and 5 is 2. → 7 − 2 = 5"
"1.NBT.A.1","Numbers & place value","Count to 120","What number comes next?","27 , 28 , 29 , ?","","29 | 40 | 30 | 31","30","Say the numbers out loud and keep counting.","Count on by ones: 27, 28, 29… → After a number ending in 9, the tens go up by one: 29 then 30. → The next number is 30."
"1.NBT.A.1","Numbers & place value","Count to 120","What number comes next?","34 , 35 , 36 , ?","","38 | 36 | 47 | 37","37","Say the numbers out loud and keep counting.","Count on by ones: 34, 35, 36… → The next number is one more than 36. → The next number is 37."
"1.NBT.A.1","Numbers & place value","Count to 120","What number comes next?","67 , 68 , 69 , ?","","69 | 80 | 71 | 70","70","Say the numbers out loud and keep counting.","Count on by ones: 67, 68, 69… → After a number ending in 9, the tens go up by one: 69 then 70. → The next number is 70."
"1.NBT.A.1","Numbers & place value","Count to 120","Which number is missing?","75 , ? , 77 , 78","","75 | 86 | 76 | 77","76","The missing number is one more than 75.","The numbers go up by one each time. → One more than 75 is 76. → Check: 75, 76, 77, 78."
"1.NBT.A.1","Numbers & place value","Count to 120","What number comes next?","117 , 118 , 119 , ?","","119 | 118 | 117 | 120","120","Say the numbers out loud and keep counting.","Count on by ones: 117, 118, 119… → After a number ending in 9, the tens go up by one: 119 then 120. → The next number is 120."
"1.NBT.A.1","Numbers & place value","Count to 120","Which number is missing?","17 , ? , 19 , 20","","28 | 18 | 19 | 17","18","The missing number is one more than 17.","The numbers go up by one each time. → One more than 17 is 18. → Check: 17, 18, 19, 20."
"1.NBT.A.1","Numbers & place value","Count to 120","Which number is missing?","107 , ? , 109 , 110","","108 | 118 | 109 | 107","108","The missing number is one more than 107.","The numbers go up by one each time. → One more than 107 is 108. → Check: 107, 108, 109, 110."
"1.NBT.A.1","Numbers & place value","Count to 120","How many dots?","","diagram","7 | 27 | 18 | 17","17","Each full frame holds 10. Count by tens, then add the extra dots.","There are 1 full frames. Count by tens: 10. → Then count the extra dots: 7. → 10 + 7 = 17 → There are 17 dots."
"1.NBT.A.1","Numbers & place value","Count to 120","Which number is missing?","117 , ? , 119 , 120","","119 | 120 | 118 | 117","118","The missing number is one more than 117.","The numbers go up by one each time. → One more than 117 is 118. → Check: 117, 118, 119, 120."
"1.NBT.A.1","Numbers & place value","Count to 120","What number comes next?","97 , 98 , 99 , ?","","100 | 99 | 101 | 110","100","Say the numbers out loud and keep counting.","Count on by ones: 97, 98, 99… → After a number ending in 9, the tens go up by one: 99 then 100. → The next number is 100."
"1.NBT.A.1","Numbers & place value","Count to 120","How many dots?","","diagram","79 | 88 | 78 | 68","78","Each full frame holds 10. Count by tens, then add the extra dots.","There are 7 full frames. Count by tens: 10, 20, 30, 40, 50, 60, 70. → Then count the extra dots: 8. → 70 + 8 = 78 → There are 78 dots."
"1.NBT.A.1","Numbers & place value","Count to 120","What number comes right after 112?","112 , ?","","111 | 114 | 115 | 113","113","Right after means one more.","One more than 112 is 113."
"1.NBT.A.1","Numbers & place value","Count to 120","What number comes right after 15?","15 , ?","","14 | 16 | 25 | 17","16","Right after means one more.","One more than 15 is 16."
"1.NBT.A.1","Numbers & place value","Count to 120","Which number is missing?","107 , ? , 109 , 110","","108 | 107 | 109 | 118","108","The missing number is one more than 107.","The numbers go up by one each time. → One more than 107 is 108. → Check: 107, 108, 109, 110."
"1.NBT.A.1","Numbers & place value","Count to 120","What number comes next?","57 , 58 , 59 , ?","","61 | 60 | 59 | 70","60","Say the numbers out loud and keep counting.","Count on by ones: 57, 58, 59… → After a number ending in 9, the tens go up by one: 59 then 60. → The next number is 60."
"1.NBT.A.1","Numbers & place value","Count to 120","What number comes right after 68?","68 , ?","","70 | 69 | 67 | 78","69","Right after means one more.","One more than 68 is 69."
"1.NBT.A.1","Numbers & place value","Count to 120","What number comes right before 15?","? , 15","","14 | 16 | 13 | 5","14","Right before means one less.","One less than 15 is 14."
"1.NBT.A.1","Numbers & place value","Count to 120","How many dots?","","diagram","14 | 4 | 24 | 15","14","Each full frame holds 10. Count by tens, then add the extra dots.","There are 1 full frames. Count by tens: 10. → Then count the extra dots: 4. → 10 + 4 = 14 → There are 14 dots."
"1.NBT.A.1","Numbers & place value","Count to 120","What number comes right after 95?","95 , ?","","105 | 94 | 96 | 97","96","Right after means one more.","One more than 95 is 96."
"1.NBT.A.1","Numbers & place value","Count to 120","What number comes right before 45?","? , 45","","46 | 43 | 35 | 44","44","Right before means one less.","One less than 45 is 44."
"1.NBT.A.1","Numbers & place value","Count to 120","What number comes next?","51 , 52 , 53 , ?","","54 | 53 | 55 | 64","54","Say the numbers out loud and keep counting.","Count on by ones: 51, 52, 53… → The next number is one more than 53. → The next number is 54."
"1.NBT.A.1","Numbers & place value","Count to 120","What number comes next?","1 , 2 , 3 , ?","","3 | 4 | 14 | 5","4","Say the numbers out loud and keep counting.","Count on by ones: 1, 2, 3… → The next number is one more than 3. → The next number is 4."
"1.NBT.A.1","Numbers & place value","Count to 120","What number comes right after 70?","70 , ?","","72 | 69 | 80 | 71","71","Right after means one more.","One more than 70 is 71."
"1.NBT.A.1","Numbers & place value","Count to 120","What number comes right after 40?","40 , ?","","39 | 50 | 42 | 41","41","Right after means one more.","One more than 40 is 41."
"1.NBT.A.1","Numbers & place value","Count to 120","Which number is missing?","17 , ? , 19 , 20","","18 | 19 | 28 | 17","18","The missing number is one more than 17.","The numbers go up by one each time. → One more than 17 is 18. → Check: 17, 18, 19, 20."
"1.NBT.A.1","Numbers & place value","Count to 120","What number comes next?","19 , 20 , 21 , ?","","21 | 23 | 32 | 22","22","Say the numbers out loud and keep counting.","Count on by ones: 19, 20, 21… → After a number ending in 9, the tens go up by one: 21 then 22. → The next number is 22."
"1.NBT.A.1","Numbers & place value","Count to 120","What number comes right before 103?","? , 103","","102 | 101 | 93 | 104","102","Right before means one less.","One less than 103 is 102."
"1.NBT.A.1","Numbers & place value","Count to 120","Which number is missing?","48 , ? , 50 , 51","","49 | 59 | 50 | 48","49","The missing number is one more than 48.","The numbers go up by one each time. → One more than 48 is 49. → Check: 48, 49, 50, 51."
"1.NBT.A.1","Numbers & place value","Count to 120","What number comes right before 64?","? , 64","","63 | 65 | 62 | 54","63","Right before means one less.","One less than 64 is 63."
"1.NBT.A.1","Numbers & place value","Count to 120","How many dots?","","diagram","20 | 9 | 29 | 19","19","Each full frame holds 10. Count by tens, then add the extra dots.","There are 1 full frames. Count by tens: 10. → Then count the extra dots: 9. → 10 + 9 = 19 → There are 19 dots."
"1.NBT.A.1","Numbers & place value","Count to 120","Which number is missing?","0 , ? , 2 , 3","","0 | 2 | 1 | 11","1","The missing number is one more than 0.","The numbers go up by one each time. → One more than 0 is 1. → Check: 0, 1, 2, 3."
"1.NBT.A.1","Numbers & place value","Count to 120","How many dots?","","diagram","96 | 106 | 116 | 107","106","Each full frame holds 10. Count by tens, then add the extra dots.","There are 10 full frames. Count by tens: 10, 20, 30, 40, 50, 60, 70, 80, 90, 100. → Then count the extra dots: 6. → 100 + 6 = 106 → There are 106 dots."
"1.NBT.A.1","Numbers & place value","Count to 120","What number comes next?","7 , 8 , 9 , ?","","20 | 9 | 11 | 10","10","Say the numbers out loud and keep counting.","Count on by ones: 7, 8, 9… → After a number ending in 9, the tens go up by one: 9 then 10. → The next number is 10."
"1.NBT.A.1","Numbers & place value","Count to 120","What number comes right before 106?","? , 106","","105 | 104 | 107 | 96","105","Right before means one less.","One less than 106 is 105."
"1.NBT.A.1","Numbers & place value","Count to 120","Which number is missing?","97 , ? , 99 , 100","","97 | 108 | 99 | 98","98","The missing number is one more than 97.","The numbers go up by one each time. → One more than 97 is 98. → Check: 97, 98, 99, 100."
"1.NBT.A.1","Numbers & place value","Count to 120","What number comes right after 86?","86 , ?","","88 | 87 | 85 | 96","87","Right after means one more.","One more than 86 is 87."
"1.NBT.A.1","Numbers & place value","Count to 120","Which number is missing?","107 , ? , 109 , 110","","108 | 109 | 107 | 118","108","The missing number is one more than 107.","The numbers go up by one each time. → One more than 107 is 108. → Check: 107, 108, 109, 110."
"1.NBT.A.1","Numbers & place value","Count to 120","What number comes right after 65?","65 , ?","","67 | 75 | 64 | 66","66","Right after means one more.","One more than 65 is 66."
"1.NBT.A.1","Numbers & place value","Count to 120","What number comes next?","87 , 88 , 89 , ?","","89 | 100 | 91 | 90","90","Say the numbers out loud and keep counting.","Count on by ones: 87, 88, 89… → After a number ending in 9, the tens go up by one: 89 then 90. → The next number is 90."
"1.NBT.A.1","Numbers & place value","Count to 120","What number comes next?","87 , 88 , 89 , ?","","100 | 90 | 89 | 91","90","Say the numbers out loud and keep counting.","Count on by ones: 87, 88, 89… → After a number ending in 9, the tens go up by one: 89 then 90. → The next number is 90."
"1.NBT.A.1","Numbers & place value","Count to 120","Which number is missing?","14 , ? , 16 , 17","","14 | 25 | 16 | 15","15","The missing number is one more than 14.","The numbers go up by one each time. → One more than 14 is 15. → Check: 14, 15, 16, 17."
"1.NBT.A.1","Numbers & place value","Count to 120","How many dots?","","diagram","116 | 106 | 117 | 115","116","Each full frame holds 10. Count by tens, then add the extra dots.","There are 11 full frames. Count by tens: 10, 20, 30, 40, 50, 60, 70, 80, 90, 100, 110. → Then count the extra dots: 6. → 110 + 6 = 116 → There are 116 dots."
"1.NBT.A.1","Numbers & place value","Count to 120","What number comes right after 7?","7 , ?","","17 | 9 | 6 | 8","8","Right after means one more.","One more than 7 is 8."
"1.NBT.A.1","Numbers & place value","Count to 120","Which number is missing?","17 , ? , 19 , 20","","18 | 28 | 19 | 17","18","The missing number is one more than 17.","The numbers go up by one each time. → One more than 17 is 18. → Check: 17, 18, 19, 20."
"1.NBT.A.1","Numbers & place value","Count to 120","What number comes next?","27 , 28 , 29 , ?","","30 | 29 | 40 | 31","30","Say the numbers out loud and keep counting.","Count on by ones: 27, 28, 29… → After a number ending in 9, the tens go up by one: 29 then 30. → The next number is 30."
"1.NBT.A.1","Numbers & place value","Count to 120","What number comes next?","42 , 43 , 44 , ?","","55 | 46 | 45 | 44","45","Say the numbers out loud and keep counting.","Count on by ones: 42, 43, 44… → The next number is one more than 44. → The next number is 45."
"1.NBT.A.1","Numbers & place value","Count to 120","What number comes right before 23?","? , 23","","21 | 24 | 22 | 13","22","Right before means one less.","One less than 23 is 22."
"1.NBT.A.1","Numbers & place value","Count to 120","What number comes right after 75?","75 , ?","","85 | 77 | 76 | 74","76","Right after means one more.","One more than 75 is 76."
"1.NBT.A.1","Numbers & place value","Count to 120","Which number is missing?","7 , ? , 9 , 10","","7 | 18 | 8 | 9","8","The missing number is one more than 7.","The numbers go up by one each time. → One more than 7 is 8. → Check: 7, 8, 9, 10."
"1.NBT.A.1","Numbers & place value","Count to 120","How many dots?","","diagram","112 | 102 | 113 | 111","112","Each full frame holds 10. Count by tens, then add the extra dots.","There are 11 full frames. Count by tens: 10, 20, 30, 40, 50, 60, 70, 80, 90, 100, 110. → Then count the extra dots: 2. → 110 + 2 = 112 → There are 112 dots."
"1.NBT.A.1","Numbers & place value","Count to 120","What number comes next?","104 , 105 , 106 , ?","","107 | 106 | 108 | 117","107","Say the numbers out loud and keep counting.","Count on by ones: 104, 105, 106… → The next number is one more than 106. → The next number is 107."
"1.NBT.A.1","Numbers & place value","Count to 120","What number comes right after 25?","25 , ?","","24 | 35 | 26 | 27","26","Right after means one more.","One more than 25 is 26."
"1.NBT.A.1","Numbers & place value","Count to 120","What number comes next?","6 , 7 , 8 , ?","","8 | 9 | 10 | 19","9","Say the numbers out loud and keep counting.","Count on by ones: 6, 7, 8… → The next number is one more than 8. → The next number is 9."
"1.NBT.A.1","Numbers & place value","Count to 120","What number comes right before 14?","? , 14","","13 | 15 | 12 | 4","13","Right before means one less.","One less than 14 is 13."
"1.NBT.A.1","Numbers & place value","Count to 120","Which number is missing?","37 , ? , 39 , 40","","39 | 38 | 37 | 48","38","The missing number is one more than 37.","The numbers go up by one each time. → One more than 37 is 38. → Check: 37, 38, 39, 40."
"1.NBT.A.1","Numbers & place value","Count to 120","What number comes right before 8?","? , 8","","7 | 6 | 5 | 9","7","Right before means one less.","One less than 8 is 7."
"1.NBT.A.1","Numbers & place value","Count to 120","What number comes next?","47 , 48 , 49 , ?","","50 | 51 | 49 | 60","50","Say the numbers out loud and keep counting.","Count on by ones: 47, 48, 49… → After a number ending in 9, the tens go up by one: 49 then 50. → The next number is 50."
"1.NBT.A.1","Numbers & place value","Count to 120","What number comes right before 76?","? , 76","","74 | 77 | 75 | 66","75","Right before means one less.","One less than 76 is 75."
"1.NBT.A.1","Numbers & place value","Count to 120","How many dots?","","diagram","1 | 0 | 11 | 2","1","Each full frame holds 10. Count by tens, then add the extra dots.","No frame is full. → Then count the extra dots: 1. → That makes 1. → There are 1 dots."
"1.NBT.A.1","Numbers & place value","Count to 120","How many dots?","","diagram","76 | 77 | 86 | 66","76","Each full frame holds 10. Count by tens, then add the extra dots.","There are 7 full frames. Count by tens: 10, 20, 30, 40, 50, 60, 70. → Then count the extra dots: 6. → 70 + 6 = 76 → There are 76 dots."
"1.NBT.A.1","Numbers & place value","Count to 120","What number comes right before 75?","? , 75","","65 | 76 | 74 | 73","74","Right before means one less.","One less than 75 is 74."
"1.NBT.A.1","Numbers & place value","Count to 120","How many dots?","","diagram","10 | 30 | 20 | 21","20","Each full frame holds 10. Count by tens, then add the extra dots.","There are 2 full frames. Count by tens: 10, 20. → There are no extra dots. → That makes 20. → There are 20 dots."
"1.NBT.A.1","Numbers & place value","Count to 120","Which number is missing?","27 , ? , 29 , 30","","28 | 38 | 27 | 29","28","The missing number is one more than 27.","The numbers go up by one each time. → One more than 27 is 28. → Check: 27, 28, 29, 30."
"1.NBT.A.1","Numbers & place value","Count to 120","How many dots?","","diagram","8 | 6 | 17 | 7","7","Each full frame holds 10. Count by tens, then add the extra dots.","No frame is full. → Then count the extra dots: 7. → That makes 7. → There are 7 dots."
"1.NBT.A.1","Numbers & place value","Count to 120","What number comes next?","22 , 23 , 24 , ?","","26 | 24 | 25 | 35","25","Say the numbers out loud and keep counting.","Count on by ones: 22, 23, 24… → The next number is one more than 24. → The next number is 25."
"1.NBT.A.1","Numbers & place value","Count to 120","How many dots?","","diagram","24 | 4 | 14 | 15","14","Each full frame holds 10. Count by tens, then add the extra dots.","There are 1 full frames. Count by tens: 10. → Then count the extra dots: 4. → 10 + 4 = 14 → There are 14 dots."
"1.NBT.A.1","Numbers & place value","Count to 120","What number comes right after 102?","102 , ?","","112 | 104 | 101 | 103","103","Right after means one more.","One more than 102 is 103."
"1.NBT.A.1","Numbers & place value","Count to 120","What number comes right before 13?","? , 13","","11 | 12 | 14 | 3","12","Right before means one less.","One less than 13 is 12."
"1.NBT.A.1","Numbers & place value","Count to 120","What number comes next?","38 , 39 , 40 , ?","","41 | 51 | 40 | 42","41","Say the numbers out loud and keep counting.","Count on by ones: 38, 39, 40… → After a number ending in 9, the tens go up by one: 40 then 41. → The next number is 41."
"1.NBT.A.1","Numbers & place value","Count to 120","Which number is missing?","17 , ? , 19 , 20","","19 | 17 | 18 | 28","18","The missing number is one more than 17.","The numbers go up by one each time. → One more than 17 is 18. → Check: 17, 18, 19, 20."
"1.NBT.A.1","Numbers & place value","Count to 120","How many dots?","","diagram","12 | 3 | 2 | 1","2","Each full frame holds 10. Count by tens, then add the extra dots.","No frame is full. → Then count the extra dots: 2. → That makes 2. → There are 2 dots."
"1.NBT.A.1","Numbers & place value","Count to 120","What number comes right before 22?","? , 22","","21 | 12 | 20 | 23","21","Right before means one less.","One less than 22 is 21."
"1.NBT.A.1","Numbers & place value","Count to 120","What number comes right after 2?","2 , ?","","3 | 12 | 1 | 4","3","Right after means one more.","One more than 2 is 3."
"1.NBT.A.1","Numbers & place value","Count to 120","What number comes next?","27 , 28 , 29 , ?","","30 | 29 | 31 | 40","30","Say the numbers out loud and keep counting.","Count on by ones: 27, 28, 29… → After a number ending in 9, the tens go up by one: 29 then 30. → The next number is 30."
"1.NBT.A.1","Numbers & place value","Count to 120","What number comes next?","24 , 25 , 26 , ?","","28 | 37 | 27 | 26","27","Say the numbers out loud and keep counting.","Count on by ones: 24, 25, 26… → The next number is one more than 26. → The next number is 27."
"1.NBT.A.1","Numbers & place value","Count to 120","Which number is missing?","67 , ? , 69 , 70","","67 | 69 | 68 | 78","68","The missing number is one more than 67.","The numbers go up by one each time. → One more than 67 is 68. → Check: 67, 68, 69, 70."
"1.NBT.A.1","Numbers & place value","Count to 120","What number comes next?","41 , 42 , 43 , ?","","43 | 44 | 45 | 54","44","Say the numbers out loud and keep counting.","Count on by ones: 41, 42, 43… → The next number is one more than 43. → The next number is 44."
"1.NBT.A.1","Numbers & place value","Count to 120","Which number is missing?","7 , ? , 9 , 10","","9 | 8 | 18 | 7","8","The missing number is one more than 7.","The numbers go up by one each time. → One more than 7 is 8. → Check: 7, 8, 9, 10."
"1.NBT.A.1","Numbers & place value","Count to 120","What number comes right before 85?","? , 85","","75 | 86 | 84 | 83","84","Right before means one less.","One less than 85 is 84."
"1.NBT.A.1","Numbers & place value","Count to 120","What number comes right after 63?","63 , ?","","64 | 73 | 65 | 62","64","Right after means one more.","One more than 63 is 64."
"1.NBT.A.1","Numbers & place value","Count to 120","What number comes right after 109?","109 , ?","","108 | 119 | 110 | 111","110","Right after means one more.","One more than 109 is 110. → After 109 the tens change: 110."
"1.NBT.A.1","Numbers & place value","Count to 120","Which number is missing?","74 , ? , 76 , 77","","76 | 75 | 85 | 74","75","The missing number is one more than 74.","The numbers go up by one each time. → One more than 74 is 75. → Check: 74, 75, 76, 77."
"1.NBT.A.1","Numbers & place value","Count to 120","Which number is missing?","72 , ? , 74 , 75","","83 | 72 | 73 | 74","73","The missing number is one more than 72.","The numbers go up by one each time. → One more than 72 is 73. → Check: 72, 73, 74, 75."
"1.NBT.A.1","Numbers & place value","Count to 120","What number comes right before 16?","? , 16","","17 | 14 | 15 | 6","15","Right before means one less.","One less than 16 is 15."
"1.NBT.A.1","Numbers & place value","Count to 120","How many dots?","","diagram","108 | 88 | 98 | 99","98","Each full frame holds 10. Count by tens, then add the extra dots.","There are 9 full frames. Count by tens: 10, 20, 30, 40, 50, 60, 70, 80, 90. → Then count the extra dots: 8. → 90 + 8 = 98 → There are 98 dots."
"1.NBT.A.1","Numbers & place value","Count to 120","What number comes next?","116 , 117 , 118 , ?","","119 | 118 | 120 | 116","119","Say the numbers out loud and keep counting.","Count on by ones: 116, 117, 118… → The next number is one more than 118. → The next number is 119."
"1.NBT.A.1","Numbers & place value","Count to 120","Which number is missing?","37 , ? , 39 , 40","","37 | 39 | 38 | 48","38","The missing number is one more than 37.","The numbers go up by one each time. → One more than 37 is 38. → Check: 37, 38, 39, 40."
"1.NBT.A.1","Numbers & place value","Count to 120","What number comes right before 96?","? , 96","","94 | 95 | 97 | 86","95","Right before means one less.","One less than 96 is 95."
"1.NBT.A.1","Numbers & place value","Count to 120","What number comes next?","7 , 8 , 9 , ?","","11 | 10 | 20 | 9","10","Say the numbers out loud and keep counting.","Count on by ones: 7, 8, 9… → After a number ending in 9, the tens go up by one: 9 then 10. → The next number is 10."
"1.NBT.A.1","Numbers & place value","Count to 120","What number comes right after 43?","43 , ?","","44 | 53 | 45 | 42","44","Right after means one more.","One more than 43 is 44."
"1.NBT.A.1","Numbers & place value","Count to 120","How many dots?","","diagram","49 | 48 | 38 | 58","48","Each full frame holds 10. Count by tens, then add the extra dots.","There are 4 full frames. Count by tens: 10, 20, 30, 40. → Then count the extra dots: 8. → 40 + 8 = 48 → There are 48 dots."
"1.NBT.A.1","Numbers & place value","Count to 120","What number comes next?","82 , 83 , 84 , ?","","84 | 85 | 86 | 95","85","Say the numbers out loud and keep counting.","Count on by ones: 82, 83, 84… → The next number is one more than 84. → The next number is 85."
"1.NBT.A.1","Numbers & place value","Count to 120","How many dots?","","diagram","68 | 48 | 58 | 59","58","Each full frame holds 10. Count by tens, then add the extra dots.","There are 5 full frames. Count by tens: 10, 20, 30, 40, 50. → Then count the extra dots: 8. → 50 + 8 = 58 → There are 58 dots."
"1.NBT.A.1","Numbers & place value","Count to 120","Which number is missing?","99 , ? , 101 , 102","","101 | 100 | 110 | 99","100","The missing number is one more than 99.","The numbers go up by one each time. → One more than 99 is 100. → Check: 99, 100, 101, 102."
"1.NBT.A.1","Numbers & place value","Count to 120","What number comes right after 65?","65 , ?","","66 | 75 | 64 | 67","66","Right after means one more.","One more than 65 is 66."
"1.NBT.A.1","Numbers & place value","Count to 120","What number comes right after 68?","68 , ?","","67 | 78 | 69 | 70","69","Right after means one more.","One more than 68 is 69."
"1.NBT.A.1","Numbers & place value","Count to 120","What number comes right before 7?","? , 7","","6 | 8 | 5 | 4","6","Right before means one less.","One less than 7 is 6."
"1.NBT.A.1","Numbers & place value","Count to 120","What number comes next?","17 , 18 , 19 , ?","","21 | 20 | 30 | 19","20","Say the numbers out loud and keep counting.","Count on by ones: 17, 18, 19… → After a number ending in 9, the tens go up by one: 19 then 20. → The next number is 20."
"1.NBT.A.1","Numbers & place value","Count to 120","What number comes next?","80 , 81 , 82 , ?","","84 | 83 | 82 | 93","83","Say the numbers out loud and keep counting.","Count on by ones: 80, 81, 82… → The next number is one more than 82. → The next number is 83."
"1.NBT.A.1","Numbers & place value","Count to 120","What number comes right before 34?","? , 34","","35 | 33 | 32 | 24","33","Right before means one less.","One less than 34 is 33."
"1.NBT.B.2","Numbers & place value","Tens and ones","How many is that?","4 tens = ?","","4 | 50 | 40 | 30","40","Each ten is 10. Count by tens 4 times.","Count by tens 4 times: 10, 20, 30, 40. → 4 tens = 40"
"1.NBT.B.2","Numbers & place value","Tens and ones","What number is a ten and 7 more?","1 ten and 7 ones = ?","","16 | 7 | 17 | 18","17","Start at 10 and count on 7.","A ten is 10. → 10 and 7 more: 10 + 7 = 17."
"1.NBT.B.2","Numbers & place value","Tens and ones","How many tens?","40 = ? tens","","6 | 5 | 3 | 4","4","Count by tens up to 40.","Count by tens: 10, 20, 30, 40. → That is 4 tens. → 40 has 4 tens and 0 ones."
"1.NBT.B.2","Numbers & place value","Tens and ones","Fill in the ones.","17 = 1 ten and ? ones","","7 | 9 | 8 | 5","7","Take the ten away. What is left?","17 is a ten and some ones. → 17 − 10 = 7 → So 17 = 1 ten and 7 ones."
"1.NBT.B.2","Numbers & place value","Tens and ones","What number is a ten and 6 more?","1 ten and 6 ones = ?","","17 | 18 | 6 | 16","16","Start at 10 and count on 6.","A ten is 10. → 10 and 6 more: 10 + 6 = 16."
"1.NBT.B.2","Numbers & place value","Tens and ones","What number do the blocks show?","","diagram","43 | 53 | 35 | 63","53","Each tall rod is one ten. Each small cube is one.","5 rods = 5 tens = 50. → 3 cubes = 3 ones. → 50 + 3 = 53"
"1.NBT.B.2","Numbers & place value","Tens and ones","How many is that?","4 tens = ?","","30 | 50 | 4 | 40","40","Each ten is 10. Count by tens 4 times.","Count by tens 4 times: 10, 20, 30, 40. → 4 tens = 40"
"1.NBT.B.2","Numbers & place value","Tens and ones","What number is a ten and 4 more?","1 ten and 4 ones = ?","","14 | 15 | 16 | 4","14","Start at 10 and count on 4.","A ten is 10. → 10 and 4 more: 10 + 4 = 14."
"1.NBT.B.2","Numbers & place value","Tens and ones","Fill in the ones.","19 = 1 ten and ? ones","","9 | 8 | 7 | 6","9","Take the ten away. What is left?","19 is a ten and some ones. → 19 − 10 = 9 → So 19 = 1 ten and 9 ones."
"1.NBT.B.2","Numbers & place value","Tens and ones","How many is that?","8 tens = ?","","90 | 80 | 8 | 70","80","Each ten is 10. Count by tens 8 times.","Count by tens 8 times: 10, 20, 30, 40, 50, 60, 70, 80. → 8 tens = 80"
"1.NBT.B.2","Numbers & place value","Tens and ones","Fill in the ones.","12 = 1 ten and ? ones","","4 | 2 | 0 | 3","2","Take the ten away. What is left?","12 is a ten and some ones. → 12 − 10 = 2 → So 12 = 1 ten and 2 ones."
"1.NBT.B.2","Numbers & place value","Tens and ones","How many tens?","50 = ? tens","","7 | 3 | 5 | 4","5","Count by tens up to 50.","Count by tens: 10, 20, 30, 40, 50. → That is 5 tens. → 50 has 5 tens and 0 ones."
"1.NBT.B.2","Numbers & place value","Tens and ones","What number do the blocks show?","","diagram","75 | 65 | 56 | 55","65","Each tall rod is one ten. Each small cube is one.","6 rods = 6 tens = 60. → 5 cubes = 5 ones. → 60 + 5 = 65"
"1.NBT.B.2","Numbers & place value","Tens and ones","What number do the blocks show?","","diagram","31 | 23 | 13 | 3","13","Each tall rod is one ten. Each small cube is one.","1 rods = 1 tens = 10. → 3 cubes = 3 ones. → 10 + 3 = 13"
"1.NBT.B.2","Numbers & place value","Tens and ones","What number is a ten and 6 more?","1 ten and 6 ones = ?","","16 | 15 | 6 | 17","16","Start at 10 and count on 6.","A ten is 10. → 10 and 6 more: 10 + 6 = 16."
"1.NBT.B.2","Numbers & place value","Tens and ones","How many tens?","60 = ? tens","","4 | 7 | 5 | 6","6","Count by tens up to 60.","Count by tens: 10, 20, 30, 40, 50, 60. → That is 6 tens. → 60 has 6 tens and 0 ones."
"1.NBT.B.2","Numbers & place value","Tens and ones","How many tens?","30 = ? tens","","3 | 1 | 4 | 5","3","Count by tens up to 30.","Count by tens: 10, 20, 30. → That is 3 tens. → 30 has 3 tens and 0 ones."
"1.NBT.B.2","Numbers & place value","Tens and ones","What number do the blocks show?","","diagram","50 | 40 | 60 | 5","50","Each tall rod is one ten. Each small cube is one.","5 rods = 5 tens = 50. → 0 cubes = 0 ones. → 50 + 0 = 50"
"1.NBT.B.2","Numbers & place value","Tens and ones","What number do the blocks show?","","diagram","81 | 8 | 18 | 28","18","Each tall rod is one ten. Each small cube is one.","1 rods = 1 tens = 10. → 8 cubes = 8 ones. → 10 + 8 = 18"
"1.NBT.B.2","Numbers & place value","Tens and ones","How many is that?","4 tens = ?","","50 | 40 | 4 | 30","40","Each ten is 10. Count by tens 4 times.","Count by tens 4 times: 10, 20, 30, 40. → 4 tens = 40"
"1.NBT.B.2","Numbers & place value","Tens and ones","What number is a ten and 2 more?","1 ten and 2 ones = ?","","2 | 13 | 12 | 10","12","Start at 10 and count on 2.","A ten is 10. → 10 and 2 more: 10 + 2 = 12."
"1.NBT.B.2","Numbers & place value","Tens and ones","What number do the blocks show?","","diagram","38 | 93 | 73 | 83","83","Each tall rod is one ten. Each small cube is one.","8 rods = 8 tens = 80. → 3 cubes = 3 ones. → 80 + 3 = 83"
"1.NBT.B.2","Numbers & place value","Tens and ones","How many is that?","5 tens = ?","","5 | 60 | 40 | 50","50","Each ten is 10. Count by tens 5 times.","Count by tens 5 times: 10, 20, 30, 40, 50. → 5 tens = 50"
"1.NBT.B.2","Numbers & place value","Tens and ones","What number do the blocks show?","","diagram","77 | 97 | 78 | 87","87","Each tall rod is one ten. Each small cube is one.","8 rods = 8 tens = 80. → 7 cubes = 7 ones. → 80 + 7 = 87"
"1.NBT.B.2","Numbers & place value","Tens and ones","How many tens?","90 = ? tens","","8 | 6 | 9 | 7","9","Count by tens up to 90.","Count by tens: 10, 20, 30, 40, 50, 60, 70, 80, 90. → That is 9 tens. → 90 has 9 tens and 0 ones."
"1.NBT.B.2","Numbers & place value","Tens and ones","Fill in the ones.","18 = 1 ten and ? ones","","8 | 7 | 6 | 9","8","Take the ten away. What is left?","18 is a ten and some ones. → 18 − 10 = 8 → So 18 = 1 ten and 8 ones."
"1.NBT.B.2","Numbers & place value","Tens and ones","What number is a ten and 3 more?","1 ten and 3 ones = ?","","3 | 12 | 13 | 14","13","Start at 10 and count on 3.","A ten is 10. → 10 and 3 more: 10 + 3 = 13."
"1.NBT.B.2","Numbers & place value","Tens and ones","How many tens and ones make 14?","14","","2 tens and 4 ones | 1 ten and 5 ones | 1 ten and 4 ones | 4 tens and 1 one","1 ten and 4 ones","The first digit counts tens. The second digit counts ones.","The first digit of 14 is 1: that is 1 ten, or 10. → The second digit is 4: that is 4 ones. → 10 + 4 = 14 → So 14 is 1 ten and 4 ones."
"1.NBT.B.2","Numbers & place value","Tens and ones","Fill in the ones.","17 = 1 ten and ? ones","","5 | 7 | 9 | 8","7","Take the ten away. What is left?","17 is a ten and some ones. → 17 − 10 = 7 → So 17 = 1 ten and 7 ones."
"1.NBT.B.2","Numbers & place value","Tens and ones","How many tens?","70 = ? tens","","7 | 6 | 5 | 9","7","Count by tens up to 70.","Count by tens: 10, 20, 30, 40, 50, 60, 70. → That is 7 tens. → 70 has 7 tens and 0 ones."
"1.NBT.B.2","Numbers & place value","Tens and ones","Fill in the ones.","19 = 1 ten and ? ones","","8 | 6 | 9 | 7","9","Take the ten away. What is left?","19 is a ten and some ones. → 19 − 10 = 9 → So 19 = 1 ten and 9 ones."
"1.NBT.B.2","Numbers & place value","Tens and ones","What number do the blocks show?","","diagram","98 | 99 | 89 | 18","99","Each tall rod is one ten. Each small cube is one.","9 rods = 9 tens = 90. → 9 cubes = 9 ones. → 90 + 9 = 99"
"1.NBT.B.2","Numbers & place value","Tens and ones","What number is a ten and 1 more?","1 ten and 1 ones = ?","","13 | 1 | 11 | 12","11","Start at 10 and count on 1.","A ten is 10. → 10 and 1 more: 10 + 1 = 11."
"1.NBT.B.2","Numbers & place value","Tens and ones","Fill in the ones.","18 = 1 ten and ? ones","","6 | 8 | 9 | 7","8","Take the ten away. What is left?","18 is a ten and some ones. → 18 − 10 = 8 → So 18 = 1 ten and 8 ones."
"1.NBT.B.2","Numbers & place value","Tens and ones","How many tens?","50 = ? tens","","3 | 4 | 6 | 5","5","Count by tens up to 50.","Count by tens: 10, 20, 30, 40, 50. → That is 5 tens. → 50 has 5 tens and 0 ones."
"1.NBT.B.2","Numbers & place value","Tens and ones","Fill in the ones.","19 = 1 ten and ? ones","","8 | 6 | 7 | 9","9","Take the ten away. What is left?","19 is a ten and some ones. → 19 − 10 = 9 → So 19 = 1 ten and 9 ones."
"1.NBT.B.2","Numbers & place value","Tens and ones","What number is a ten and 7 more?","1 ten and 7 ones = ?","","17 | 7 | 15 | 18","17","Start at 10 and count on 7.","A ten is 10. → 10 and 7 more: 10 + 7 = 17."
"1.NBT.B.2","Numbers & place value","Tens and ones","What number is a ten and 5 more?","1 ten and 5 ones = ?","","5 | 16 | 15 | 14","15","Start at 10 and count on 5.","A ten is 10. → 10 and 5 more: 10 + 5 = 15."
"1.NBT.B.2","Numbers & place value","Tens and ones","How many tens and ones make 84?","84","","4 tens and 8 ones | 8 tens and 5 ones | 8 tens and 4 ones | 9 tens and 4 ones","8 tens and 4 ones","The first digit counts tens. The second digit counts ones.","The first digit of 84 is 8: that is 8 tens, or 80. → The second digit is 4: that is 4 ones. → 80 + 4 = 84 → So 84 is 8 tens and 4 ones."
"1.NBT.B.2","Numbers & place value","Tens and ones","How many tens?","80 = ? tens","","7 | 8 | 6 | 9","8","Count by tens up to 80.","Count by tens: 10, 20, 30, 40, 50, 60, 70, 80. → That is 8 tens. → 80 has 8 tens and 0 ones."
"1.NBT.B.2","Numbers & place value","Tens and ones","What number do the blocks show?","","diagram","91 | 9 | 90 | 80","90","Each tall rod is one ten. Each small cube is one.","9 rods = 9 tens = 90. → 0 cubes = 0 ones. → 90 + 0 = 90"
"1.NBT.B.2","Numbers & place value","Tens and ones","How many tens?","20 = ? tens","","4 | 3 | 2 | 1","2","Count by tens up to 20.","Count by tens: 10, 20. → That is 2 tens. → 20 has 2 tens and 0 ones."
"1.NBT.B.2","Numbers & place value","Tens and ones","What number is a ten and 2 more?","1 ten and 2 ones = ?","","13 | 2 | 14 | 12","12","Start at 10 and count on 2.","A ten is 10. → 10 and 2 more: 10 + 2 = 12."
"1.NBT.B.2","Numbers & place value","Tens and ones","What number is a ten and 5 more?","1 ten and 5 ones = ?","","5 | 15 | 16 | 13","15","Start at 10 and count on 5.","A ten is 10. → 10 and 5 more: 10 + 5 = 15."
"1.NBT.B.2","Numbers & place value","Tens and ones","What number is a ten and 6 more?","1 ten and 6 ones = ?","","17 | 6 | 16 | 15","16","Start at 10 and count on 6.","A ten is 10. → 10 and 6 more: 10 + 6 = 16."
"1.NBT.B.2","Numbers & place value","Tens and ones","What number do the blocks show?","","diagram","54 | 35 | 45 | 55","45","Each tall rod is one ten. Each small cube is one.","4 rods = 4 tens = 40. → 5 cubes = 5 ones. → 40 + 5 = 45"
"1.NBT.B.2","Numbers & place value","Tens and ones","How many tens and ones make 45?","45","","9 ones | 5 tens and 5 ones | 4 tens and 5 ones | 5 tens and 4 ones","4 tens and 5 ones","The first digit counts tens. The second digit counts ones.","The first digit of 45 is 4: that is 4 tens, or 40. → The second digit is 5: that is 5 ones. → 40 + 5 = 45 → So 45 is 4 tens and 5 ones."
"1.NBT.B.2","Numbers & place value","Tens and ones","How many tens and ones make 35?","35","","4 tens and 5 ones | 3 tens and 5 ones | 5 tens and 3 ones | 3 tens and 6 ones","3 tens and 5 ones","The first digit counts tens. The second digit counts ones.","The first digit of 35 is 3: that is 3 tens, or 30. → The second digit is 5: that is 5 ones. → 30 + 5 = 35 → So 35 is 3 tens and 5 ones."
"1.NBT.B.2","Numbers & place value","Tens and ones","What number do the blocks show?","","diagram","35 | 45 | 54 | 55","45","Each tall rod is one ten. Each small cube is one.","4 rods = 4 tens = 40. → 5 cubes = 5 ones. → 40 + 5 = 45"
"1.NBT.B.2","Numbers & place value","Tens and ones","What number is a ten and 8 more?","1 ten and 8 ones = ?","","8 | 18 | 20 | 19","18","Start at 10 and count on 8.","A ten is 10. → 10 and 8 more: 10 + 8 = 18."
"1.NBT.B.2","Numbers & place value","Tens and ones","Fill in the ones.","17 = 1 ten and ? ones","","7 | 5 | 8 | 6","7","Take the ten away. What is left?","17 is a ten and some ones. → 17 − 10 = 7 → So 17 = 1 ten and 7 ones."
"1.NBT.B.2","Numbers & place value","Tens and ones","What number is a ten and 8 more?","1 ten and 8 ones = ?","","8 | 18 | 17 | 19","18","Start at 10 and count on 8.","A ten is 10. → 10 and 8 more: 10 + 8 = 18."
"1.NBT.B.2","Numbers & place value","Tens and ones","How many is that?","7 tens = ?","","80 | 60 | 70 | 7","70","Each ten is 10. Count by tens 7 times.","Count by tens 7 times: 10, 20, 30, 40, 50, 60, 70. → 7 tens = 70"
"1.NBT.B.2","Numbers & place value","Tens and ones","What number do the blocks show?","","diagram","36 | 46 | 26 | 63","36","Each tall rod is one ten. Each small cube is one.","3 rods = 3 tens = 30. → 6 cubes = 6 ones. → 30 + 6 = 36"
"1.NBT.B.2","Numbers & place value","Tens and ones","What number is a ten and 5 more?","1 ten and 5 ones = ?","","16 | 5 | 17 | 15","15","Start at 10 and count on 5.","A ten is 10. → 10 and 5 more: 10 + 5 = 15."
"1.NBT.B.2","Numbers & place value","Tens and ones","Fill in the ones.","16 = 1 ten and ? ones","","8 | 4 | 5 | 6","6","Take the ten away. What is left?","16 is a ten and some ones. → 16 − 10 = 6 → So 16 = 1 ten and 6 ones."
"1.NBT.B.2","Numbers & place value","Tens and ones","How many is that?","3 tens = ?","","40 | 3 | 30 | 20","30","Each ten is 10. Count by tens 3 times.","Count by tens 3 times: 10, 20, 30. → 3 tens = 30"
"1.NBT.B.2","Numbers & place value","Tens and ones","How many tens and ones make 79?","79","","7 tens and 8 ones | 16 ones | 8 tens and 9 ones | 7 tens and 9 ones","7 tens and 9 ones","The first digit counts tens. The second digit counts ones.","The first digit of 79 is 7: that is 7 tens, or 70. → The second digit is 9: that is 9 ones. → 70 + 9 = 79 → So 79 is 7 tens and 9 ones."
"1.NBT.B.2","Numbers & place value","Tens and ones","How many tens?","30 = ? tens","","1 | 4 | 3 | 2","3","Count by tens up to 30.","Count by tens: 10, 20, 30. → That is 3 tens. → 30 has 3 tens and 0 ones."
"1.NBT.B.2","Numbers & place value","Tens and ones","How many tens?","20 = ? tens","","2 | 1 | 4 | 3","2","Count by tens up to 20.","Count by tens: 10, 20. → That is 2 tens. → 20 has 2 tens and 0 ones."
"1.NBT.B.2","Numbers & place value","Tens and ones","How many tens and ones make 60?","60","","0 tens and 6 ones | 6 ones | 7 tens and 0 ones | 6 tens and 0 ones","6 tens and 0 ones","The first digit counts tens. The second digit counts ones.","The first digit of 60 is 6: that is 6 tens, or 60. → The second digit is 0: that is 0 ones. → 60 + 0 = 60 → So 60 is 6 tens and 0 ones."
"1.NBT.B.2","Numbers & place value","Tens and ones","What number is a ten and 5 more?","1 ten and 5 ones = ?","","13 | 5 | 15 | 16","15","Start at 10 and count on 5.","A ten is 10. → 10 and 5 more: 10 + 5 = 15."
"1.NBT.B.2","Numbers & place value","Tens and ones","How many tens?","30 = ? tens","","3 | 1 | 4 | 2","3","Count by tens up to 30.","Count by tens: 10, 20, 30. → That is 3 tens. → 30 has 3 tens and 0 ones."
"1.NBT.B.2","Numbers & place value","Tens and ones","How many is that?","7 tens = ?","","70 | 7 | 60 | 80","70","Each ten is 10. Count by tens 7 times.","Count by tens 7 times: 10, 20, 30, 40, 50, 60, 70. → 7 tens = 70"
"1.NBT.B.2","Numbers & place value","Tens and ones","What number is a ten and 7 more?","1 ten and 7 ones = ?","","18 | 17 | 16 | 7","17","Start at 10 and count on 7.","A ten is 10. → 10 and 7 more: 10 + 7 = 17."
"1.NBT.B.2","Numbers & place value","Tens and ones","What number do the blocks show?","","diagram","57 | 76 | 77 | 67","67","Each tall rod is one ten. Each small cube is one.","6 rods = 6 tens = 60. → 7 cubes = 7 ones. → 60 + 7 = 67"
"1.NBT.B.2","Numbers & place value","Tens and ones","Fill in the ones.","12 = 1 ten and ? ones","","3 | 2 | 4 | 1","2","Take the ten away. What is left?","12 is a ten and some ones. → 12 − 10 = 2 → So 12 = 1 ten and 2 ones."
"1.NBT.B.2","Numbers & place value","Tens and ones","How many tens and ones make 87?","87","","8 tens and 8 ones | 8 tens and 7 ones | 7 tens and 8 ones | 15 ones","8 tens and 7 ones","The first digit counts tens. The second digit counts ones.","The first digit of 87 is 8: that is 8 tens, or 80. → The second digit is 7: that is 7 ones. → 80 + 7 = 87 → So 87 is 8 tens and 7 ones."
"1.NBT.B.2","Numbers & place value","Tens and ones","How many is that?","9 tens = ?","","9 | 19 | 80 | 90","90","Each ten is 10. Count by tens 9 times.","Count by tens 9 times: 10, 20, 30, 40, 50, 60, 70, 80, 90. → 9 tens = 90"
"1.NBT.B.2","Numbers & place value","Tens and ones","What number is a ten and 9 more?","1 ten and 9 ones = ?","","9 | 18 | 19 | 20","19","Start at 10 and count on 9.","A ten is 10. → 10 and 9 more: 10 + 9 = 19."
"1.NBT.B.2","Numbers & place value","Tens and ones","How many is that?","3 tens = ?","","3 | 40 | 20 | 30","30","Each ten is 10. Count by tens 3 times.","Count by tens 3 times: 10, 20, 30. → 3 tens = 30"
"1.NBT.B.2","Numbers & place value","Tens and ones","How many is that?","8 tens = ?","","80 | 70 | 90 | 8","80","Each ten is 10. Count by tens 8 times.","Count by tens 8 times: 10, 20, 30, 40, 50, 60, 70, 80. → 8 tens = 80"
"1.NBT.B.2","Numbers & place value","Tens and ones","What number is a ten and 7 more?","1 ten and 7 ones = ?","","15 | 18 | 17 | 7","17","Start at 10 and count on 7.","A ten is 10. → 10 and 7 more: 10 + 7 = 17."
"1.NBT.B.2","Numbers & place value","Tens and ones","How many tens and ones make 69?","69","","6 tens and 8 ones | 7 tens and 9 ones | 9 tens and 6 ones | 6 tens and 9 ones","6 tens and 9 ones","The first digit counts tens. The second digit counts ones.","The first digit of 69 is 6: that is 6 tens, or 60. → The second digit is 9: that is 9 ones. → 60 + 9 = 69 → So 69 is 6 tens and 9 ones."
"1.NBT.B.2","Numbers & place value","Tens and ones","What number do the blocks show?","","diagram","86 | 58 | 78 | 68","68","Each tall rod is one ten. Each small cube is one.","6 rods = 6 tens = 60. → 8 cubes = 8 ones. → 60 + 8 = 68"
"1.NBT.B.2","Numbers & place value","Tens and ones","What number do the blocks show?","","diagram","85 | 75 | 57 | 65","75","Each tall rod is one ten. Each small cube is one.","7 rods = 7 tens = 70. → 5 cubes = 5 ones. → 70 + 5 = 75"
"1.NBT.B.2","Numbers & place value","Tens and ones","How many tens?","70 = ? tens","","8 | 5 | 7 | 9","7","Count by tens up to 70.","Count by tens: 10, 20, 30, 40, 50, 60, 70. → That is 7 tens. → 70 has 7 tens and 0 ones."
"1.NBT.B.2","Numbers & place value","Tens and ones","What number do the blocks show?","","diagram","34 | 33 | 43 | 53","43","Each tall rod is one ten. Each small cube is one.","4 rods = 4 tens = 40. → 3 cubes = 3 ones. → 40 + 3 = 43"
"1.NBT.B.2","Numbers & place value","Tens and ones","How many tens?","80 = ? tens","","8 | 7 | 9 | 6","8","Count by tens up to 80.","Count by tens: 10, 20, 30, 40, 50, 60, 70, 80. → That is 8 tens. → 80 has 8 tens and 0 ones."
"1.NBT.B.2","Numbers & place value","Tens and ones","What number is a ten and 6 more?","1 ten and 6 ones = ?","","16 | 17 | 6 | 14","16","Start at 10 and count on 6.","A ten is 10. → 10 and 6 more: 10 + 6 = 16."
"1.NBT.B.2","Numbers & place value","Tens and ones","How many tens and ones make 96?","96","","6 tens and 9 ones | 9 tens and 7 ones | 8 tens and 6 ones | 9 tens and 6 ones","9 tens and 6 ones","The first digit counts tens. The second digit counts ones.","The first digit of 96 is 9: that is 9 tens, or 90. → The second digit is 6: that is 6 ones. → 90 + 6 = 96 → So 96 is 9 tens and 6 ones."
"1.NBT.B.2","Numbers & place value","Tens and ones","How many tens?","20 = ? tens","","1 | 2 | 3 | 4","2","Count by tens up to 20.","Count by tens: 10, 20. → That is 2 tens. → 20 has 2 tens and 0 ones."
"1.NBT.B.2","Numbers & place value","Tens and ones","How many tens?","30 = ? tens","","1 | 3 | 5 | 4","3","Count by tens up to 30.","Count by tens: 10, 20, 30. → That is 3 tens. → 30 has 3 tens and 0 ones."
"1.NBT.B.2","Numbers & place value","Tens and ones","Fill in the ones.","14 = 1 ten and ? ones","","4 | 6 | 2 | 5","4","Take the ten away. What is left?","14 is a ten and some ones. → 14 − 10 = 4 → So 14 = 1 ten and 4 ones."
"1.NBT.B.2","Numbers & place value","Tens and ones","How many tens and ones make 34?","34","","4 tens and 4 ones | 7 ones | 3 tens and 4 ones | 3 tens and 5 ones","3 tens and 4 ones","The first digit counts tens. The second digit counts ones.","The first digit of 34 is 3: that is 3 tens, or 30. → The second digit is 4: that is 4 ones. → 30 + 4 = 34 → So 34 is 3 tens and 4 ones."
"1.NBT.B.2","Numbers & place value","Tens and ones","How many is that?","6 tens = ?","","70 | 50 | 60 | 6","60","Each ten is 10. Count by tens 6 times.","Count by tens 6 times: 10, 20, 30, 40, 50, 60. → 6 tens = 60"
"1.NBT.B.2","Numbers & place value","Tens and ones","What number do the blocks show?","","diagram","36 | 53 | 73 | 63","63","Each tall rod is one ten. Each small cube is one.","6 rods = 6 tens = 60. → 3 cubes = 3 ones. → 60 + 3 = 63"
"1.NBT.B.2","Numbers & place value","Tens and ones","How many is that?","9 tens = ?","","80 | 9 | 90 | 19","90","Each ten is 10. Count by tens 9 times.","Count by tens 9 times: 10, 20, 30, 40, 50, 60, 70, 80, 90. → 9 tens = 90"
"1.NBT.B.2","Numbers & place value","Tens and ones","How many tens?","90 = ? tens","","8 | 7 | 6 | 9","9","Count by tens up to 90.","Count by tens: 10, 20, 30, 40, 50, 60, 70, 80, 90. → That is 9 tens. → 90 has 9 tens and 0 ones."
"1.NBT.B.2","Numbers & place value","Tens and ones","What number is a ten and 6 more?","1 ten and 6 ones = ?","","17 | 16 | 6 | 18","16","Start at 10 and count on 6.","A ten is 10. → 10 and 6 more: 10 + 6 = 16."
"1.NBT.B.2","Numbers & place value","Tens and ones","What number do the blocks show?","","diagram","35 | 54 | 45 | 55","45","Each tall rod is one ten. Each small cube is one.","4 rods = 4 tens = 40. → 5 cubes = 5 ones. → 40 + 5 = 45"
"1.NBT.B.2","Numbers & place value","Tens and ones","Fill in the ones.","17 = 1 ten and ? ones","","7 | 6 | 8 | 5","7","Take the ten away. What is left?","17 is a ten and some ones. → 17 − 10 = 7 → So 17 = 1 ten and 7 ones."
"1.NBT.B.2","Numbers & place value","Tens and ones","How many tens?","90 = ? tens","","8 | 9 | 6 | 7","9","Count by tens up to 90.","Count by tens: 10, 20, 30, 40, 50, 60, 70, 80, 90. → That is 9 tens. → 90 has 9 tens and 0 ones."
"1.NBT.B.2","Numbers & place value","Tens and ones","What number is a ten and 4 more?","1 ten and 4 ones = ?","","15 | 16 | 14 | 4","14","Start at 10 and count on 4.","A ten is 10. → 10 and 4 more: 10 + 4 = 14."
"1.NBT.B.2","Numbers & place value","Tens and ones","What number is a ten and 1 more?","1 ten and 1 ones = ?","","12 | 1 | 11 | 10","11","Start at 10 and count on 1.","A ten is 10. → 10 and 1 more: 10 + 1 = 11."
"1.NBT.B.2","Numbers & place value","Tens and ones","How many tens and ones make 96?","96","","9 tens and 6 ones | 6 tens and 9 ones | 15 ones | 9 tens and 7 ones","9 tens and 6 ones","The first digit counts tens. The second digit counts ones.","The first digit of 96 is 9: that is 9 tens, or 90. → The second digit is 6: that is 6 ones. → 90 + 6 = 96 → So 96 is 9 tens and 6 ones."
"1.NBT.B.2","Numbers & place value","Tens and ones","How many tens and ones make 79?","79","","7 tens and 9 ones | 8 tens and 9 ones | 16 ones | 7 tens and 8 ones","7 tens and 9 ones","The first digit counts tens. The second digit counts ones.","The first digit of 79 is 7: that is 7 tens, or 70. → The second digit is 9: that is 9 ones. → 70 + 9 = 79 → So 79 is 7 tens and 9 ones."
"1.NBT.B.2","Numbers & place value","Tens and ones","How many tens and ones make 14?","14","","1 ten and 5 ones | 2 tens and 4 ones | 5 ones | 1 ten and 4 ones","1 ten and 4 ones","The first digit counts tens. The second digit counts ones.","The first digit of 14 is 1: that is 1 ten, or 10. → The second digit is 4: that is 4 ones. → 10 + 4 = 14 → So 14 is 1 ten and 4 ones."
"1.NBT.B.2","Numbers & place value","Tens and ones","How many tens and ones make 69?","69","","9 tens and 6 ones | 15 ones | 7 tens and 9 ones | 6 tens and 9 ones","6 tens and 9 ones","The first digit counts tens. The second digit counts ones.","The first digit of 69 is 6: that is 6 tens, or 60. → The second digit is 9: that is 9 ones. → 60 + 9 = 69 → So 69 is 6 tens and 9 ones."
"1.NBT.B.2","Numbers & place value","Tens and ones","How many tens?","50 = ? tens","","5 | 4 | 3 | 6","5","Count by tens up to 50.","Count by tens: 10, 20, 30, 40, 50. → That is 5 tens. → 50 has 5 tens and 0 ones."
"1.NBT.B.3","Numbers & place value","Which is bigger?","Which sign makes this true?","96 ? 85","","< | = | >",">","Compare the tens first. If they match, compare the ones. The open side of the sign faces the bigger number.","Compare the tens first: 96 has 9 tens and 85 has 8 tens. → 96 has more tens, so it is the bigger number. → 96 > 85"
"1.NBT.B.3","Numbers & place value","Which is bigger?","Which sign makes this true?","57 ? 56","","< | = | >",">","Compare the tens first. If they match, compare the ones. The open side of the sign faces the bigger number.","Both have 5 tens, so compare the ones: 7 and 6. → 57 has more ones, so it is bigger. → 57 > 56"
"1.NBT.B.3","Numbers & place value","Which is bigger?","Which sign makes this true?","87 ? 89","","< | = | >","<","Compare the tens first. If they match, compare the ones. The open side of the sign faces the bigger number.","Both have 8 tens, so compare the ones: 7 and 9. → 89 has more ones, so it is bigger. → 87 < 89"
"1.NBT.B.3","Numbers & place value","Which is bigger?","Which sign makes this true?","74 ? 71","","< | = | >",">","Compare the tens first. If they match, compare the ones. The open side of the sign faces the bigger number.","Both have 7 tens, so compare the ones: 4 and 1. → 74 has more ones, so it is bigger. → 74 > 71"
"1.NBT.B.3","Numbers & place value","Which is bigger?","Which sign makes this true?","41 ? 40","","< | = | >",">","Compare the tens first. If they match, compare the ones. The open side of the sign faces the bigger number.","Both have 4 tens, so compare the ones: 1 and 0. → 41 has more ones, so it is bigger. → 41 > 40"
"1.NBT.B.3","Numbers & place value","Which is bigger?","Which sign makes this true?","13 ? 16","","< | = | >","<","Compare the tens first. If they match, compare the ones. The open side of the sign faces the bigger number.","Both have 1 tens, so compare the ones: 3 and 6. → 16 has more ones, so it is bigger. → 13 < 16"
"1.NBT.B.3","Numbers & place value","Which is bigger?","Which sign makes this true?","41 ? 18","","< | = | >",">","Compare the tens first. If they match, compare the ones. The open side of the sign faces the bigger number.","Compare the tens first: 41 has 4 tens and 18 has 1 tens. → 41 has more tens, so it is the bigger number. → 41 > 18"
"1.NBT.B.3","Numbers & place value","Which is bigger?","Which sign makes this true?","64 ? 19","","< | = | >",">","Compare the tens first. If they match, compare the ones. The open side of the sign faces the bigger number.","Compare the tens first: 64 has 6 tens and 19 has 1 tens. → 64 has more tens, so it is the bigger number. → 64 > 19"
"1.NBT.B.3","Numbers & place value","Which is bigger?","Which sign makes this true?","29 ? 20","","< | = | >",">","Compare the tens first. If they match, compare the ones. The open side of the sign faces the bigger number.","Both have 2 tens, so compare the ones: 9 and 0. → 29 has more ones, so it is bigger. → 29 > 20"
"1.NBT.B.3","Numbers & place value","Which is bigger?","Which sign makes this true?","60 ? 88","","< | = | >","<","Compare the tens first. If they match, compare the ones. The open side of the sign faces the bigger number.","Compare the tens first: 60 has 6 tens and 88 has 8 tens. → 88 has more tens, so it is the bigger number. → 60 < 88"
"1.NBT.B.3","Numbers & place value","Which is bigger?","Which sign makes this true?","71 ? 74","","< | = | >","<","Compare the tens first. If they match, compare the ones. The open side of the sign faces the bigger number.","Both have 7 tens, so compare the ones: 1 and 4. → 74 has more ones, so it is bigger. → 71 < 74"
"1.NBT.B.3","Numbers & place value","Which is bigger?","Which sign makes this true?","31 ? 35","","< | = | >","<","Compare the tens first. If they match, compare the ones. The open side of the sign faces the bigger number.","Both have 3 tens, so compare the ones: 1 and 5. → 35 has more ones, so it is bigger. → 31 < 35"
"1.NBT.B.3","Numbers & place value","Which is bigger?","Which sign makes this true?","32 ? 30","","< | = | >",">","Compare the tens first. If they match, compare the ones. The open side of the sign faces the bigger number.","Both have 3 tens, so compare the ones: 2 and 0. → 32 has more ones, so it is bigger. → 32 > 30"
"1.NBT.B.3","Numbers & place value","Which is bigger?","Which sign makes this true?","83 ? 80","","< | = | >",">","Compare the tens first. If they match, compare the ones. The open side of the sign faces the bigger number.","Both have 8 tens, so compare the ones: 3 and 0. → 83 has more ones, so it is bigger. → 83 > 80"
"1.NBT.B.3","Numbers & place value","Which is bigger?","Which sign makes this true?","54 ? 54","","< | = | >","=","Compare the tens first. If they match, compare the ones. The open side of the sign faces the bigger number.","Both numbers have 5 tens and 4 ones. → They are exactly the same, so use =. → 54 = 54"
"1.NBT.B.3","Numbers & place value","Which is bigger?","Which sign makes this true?","80 ? 80","","< | = | >","=","Compare the tens first. If they match, compare the ones. The open side of the sign faces the bigger number.","Both numbers have 8 tens and 0 ones. → They are exactly the same, so use =. → 80 = 80"
"1.NBT.B.3","Numbers & place value","Which is bigger?","Which sign makes this true?","27 ? 72","","< | = | >","<","Compare the tens first. If they match, compare the ones. The open side of the sign faces the bigger number.","Compare the tens first: 27 has 2 tens and 72 has 7 tens. → 72 has more tens, so it is the bigger number. → 27 < 72"
"1.NBT.B.3","Numbers & place value","Which is bigger?","Which sign makes this true?","66 ? 14","","< | = | >",">","Compare the tens first. If they match, compare the ones. The open side of the sign faces the bigger number.","Compare the tens first: 66 has 6 tens and 14 has 1 tens. → 66 has more tens, so it is the bigger number. → 66 > 14"
"1.NBT.B.3","Numbers & place value","Which is bigger?","Which sign makes this true?","43 ? 38","","< | = | >",">","Compare the tens first. If they match, compare the ones. The open side of the sign faces the bigger number.","Compare the tens first: 43 has 4 tens and 38 has 3 tens. → 43 has more tens, so it is the bigger number. → 43 > 38"
"1.NBT.B.3","Numbers & place value","Which is bigger?","Which sign makes this true?","92 ? 95","","< | = | >","<","Compare the tens first. If they match, compare the ones. The open side of the sign faces the bigger number.","Both have 9 tens, so compare the ones: 2 and 5. → 95 has more ones, so it is bigger. → 92 < 95"
"1.NBT.B.3","Numbers & place value","Which is bigger?","Which sign makes this true?","32 ? 32","","< | = | >","=","Compare the tens first. If they match, compare the ones. The open side of the sign faces the bigger number.","Both numbers have 3 tens and 2 ones. → They are exactly the same, so use =. → 32 = 32"
"1.NBT.B.3","Numbers & place value","Which is bigger?","Which sign makes this true?","42 ? 46","","< | = | >","<","Compare the tens first. If they match, compare the ones. The open side of the sign faces the bigger number.","Both have 4 tens, so compare the ones: 2 and 6. → 46 has more ones, so it is bigger. → 42 < 46"
"1.NBT.B.3","Numbers & place value","Which is bigger?","Which sign makes this true?","92 ? 24","","< | = | >",">","Compare the tens first. If they match, compare the ones. The open side of the sign faces the bigger number.","Compare the tens first: 92 has 9 tens and 24 has 2 tens. → 92 has more tens, so it is the bigger number. → 92 > 24"
"1.NBT.B.3","Numbers & place value","Which is bigger?","Which sign makes this true?","36 ? 36","","< | = | >","=","Compare the tens first. If they match, compare the ones. The open side of the sign faces the bigger number.","Both numbers have 3 tens and 6 ones. → They are exactly the same, so use =. → 36 = 36"
"1.NBT.B.3","Numbers & place value","Which is bigger?","Which sign makes this true?","97 ? 97","","< | = | >","=","Compare the tens first. If they match, compare the ones. The open side of the sign faces the bigger number.","Both numbers have 9 tens and 7 ones. → They are exactly the same, so use =. → 97 = 97"
"1.NBT.B.3","Numbers & place value","Which is bigger?","Which sign makes this true?","47 ? 49","","< | = | >","<","Compare the tens first. If they match, compare the ones. The open side of the sign faces the bigger number.","Both have 4 tens, so compare the ones: 7 and 9. → 49 has more ones, so it is bigger. → 47 < 49"
"1.NBT.B.3","Numbers & place value","Which is bigger?","Which sign makes this true?","32 ? 33","","< | = | >","<","Compare the tens first. If they match, compare the ones. The open side of the sign faces the bigger number.","Both have 3 tens, so compare the ones: 2 and 3. → 33 has more ones, so it is bigger. → 32 < 33"
"1.NBT.B.3","Numbers & place value","Which is bigger?","Which sign makes this true?","93 ? 91","","< | = | >",">","Compare the tens first. If they match, compare the ones. The open side of the sign faces the bigger number.","Both have 9 tens, so compare the ones: 3 and 1. → 93 has more ones, so it is bigger. → 93 > 91"
"1.NBT.B.3","Numbers & place value","Which is bigger?","Which sign makes this true?","12 ? 76","","< | = | >","<","Compare the tens first. If they match, compare the ones. The open side of the sign faces the bigger number.","Compare the tens first: 12 has 1 tens and 76 has 7 tens. → 76 has more tens, so it is the bigger number. → 12 < 76"
"1.NBT.B.3","Numbers & place value","Which is bigger?","Which sign makes this true?","44 ? 46","","< | = | >","<","Compare the tens first. If they match, compare the ones. The open side of the sign faces the bigger number.","Both have 4 tens, so compare the ones: 4 and 6. → 46 has more ones, so it is bigger. → 44 < 46"
"1.NBT.B.3","Numbers & place value","Which is bigger?","Which sign makes this true?","81 ? 49","","< | = | >",">","Compare the tens first. If they match, compare the ones. The open side of the sign faces the bigger number.","Compare the tens first: 81 has 8 tens and 49 has 4 tens. → 81 has more tens, so it is the bigger number. → 81 > 49"
"1.NBT.B.3","Numbers & place value","Which is bigger?","Which sign makes this true?","14 ? 72","","< | = | >","<","Compare the tens first. If they match, compare the ones. The open side of the sign faces the bigger number.","Compare the tens first: 14 has 1 tens and 72 has 7 tens. → 72 has more tens, so it is the bigger number. → 14 < 72"
"1.NBT.B.3","Numbers & place value","Which is bigger?","Which sign makes this true?","96 ? 88","","< | = | >",">","Compare the tens first. If they match, compare the ones. The open side of the sign faces the bigger number.","Compare the tens first: 96 has 9 tens and 88 has 8 tens. → 96 has more tens, so it is the bigger number. → 96 > 88"
"1.NBT.B.3","Numbers & place value","Which is bigger?","Which sign makes this true?","93 ? 95","","< | = | >","<","Compare the tens first. If they match, compare the ones. The open side of the sign faces the bigger number.","Both have 9 tens, so compare the ones: 3 and 5. → 95 has more ones, so it is bigger. → 93 < 95"
"1.NBT.B.3","Numbers & place value","Which is bigger?","Which sign makes this true?","52 ? 92","","< | = | >","<","Compare the tens first. If they match, compare the ones. The open side of the sign faces the bigger number.","Compare the tens first: 52 has 5 tens and 92 has 9 tens. → 92 has more tens, so it is the bigger number. → 52 < 92"
"1.NBT.B.3","Numbers & place value","Which is bigger?","Which sign makes this true?","28 ? 27","","< | = | >",">","Compare the tens first. If they match, compare the ones. The open side of the sign faces the bigger number.","Both have 2 tens, so compare the ones: 8 and 7. → 28 has more ones, so it is bigger. → 28 > 27"
"1.NBT.B.3","Numbers & place value","Which is bigger?","Which sign makes this true?","68 ? 67","","< | = | >",">","Compare the tens first. If they match, compare the ones. The open side of the sign faces the bigger number.","Both have 6 tens, so compare the ones: 8 and 7. → 68 has more ones, so it is bigger. → 68 > 67"
"1.NBT.B.3","Numbers & place value","Which is bigger?","Which sign makes this true?","33 ? 30","","< | = | >",">","Compare the tens first. If they match, compare the ones. The open side of the sign faces the bigger number.","Both have 3 tens, so compare the ones: 3 and 0. → 33 has more ones, so it is bigger. → 33 > 30"
"1.NBT.B.3","Numbers & place value","Which is bigger?","Which sign makes this true?","46 ? 47","","< | = | >","<","Compare the tens first. If they match, compare the ones. The open side of the sign faces the bigger number.","Both have 4 tens, so compare the ones: 6 and 7. → 47 has more ones, so it is bigger. → 46 < 47"
"1.NBT.B.3","Numbers & place value","Which is bigger?","Which sign makes this true?","83 ? 82","","< | = | >",">","Compare the tens first. If they match, compare the ones. The open side of the sign faces the bigger number.","Both have 8 tens, so compare the ones: 3 and 2. → 83 has more ones, so it is bigger. → 83 > 82"
"1.NBT.B.3","Numbers & place value","Which is bigger?","Which sign makes this true?","79 ? 84","","< | = | >","<","Compare the tens first. If they match, compare the ones. The open side of the sign faces the bigger number.","Compare the tens first: 79 has 7 tens and 84 has 8 tens. → 84 has more tens, so it is the bigger number. → 79 < 84"
"1.NBT.B.3","Numbers & place value","Which is bigger?","Which sign makes this true?","29 ? 68","","< | = | >","<","Compare the tens first. If they match, compare the ones. The open side of the sign faces the bigger number.","Compare the tens first: 29 has 2 tens and 68 has 6 tens. → 68 has more tens, so it is the bigger number. → 29 < 68"
"1.NBT.B.3","Numbers & place value","Which is bigger?","Which sign makes this true?","96 ? 94","","< | = | >",">","Compare the tens first. If they match, compare the ones. The open side of the sign faces the bigger number.","Both have 9 tens, so compare the ones: 6 and 4. → 96 has more ones, so it is bigger. → 96 > 94"
"1.NBT.B.3","Numbers & place value","Which is bigger?","Which sign makes this true?","95 ? 92","","< | = | >",">","Compare the tens first. If they match, compare the ones. The open side of the sign faces the bigger number.","Both have 9 tens, so compare the ones: 5 and 2. → 95 has more ones, so it is bigger. → 95 > 92"
"1.NBT.B.3","Numbers & place value","Which is bigger?","Which sign makes this true?","84 ? 84","","< | = | >","=","Compare the tens first. If they match, compare the ones. The open side of the sign faces the bigger number.","Both numbers have 8 tens and 4 ones. → They are exactly the same, so use =. → 84 = 84"
"1.NBT.B.3","Numbers & place value","Which is bigger?","Which sign makes this true?","91 ? 90","","< | = | >",">","Compare the tens first. If they match, compare the ones. The open side of the sign faces the bigger number.","Both have 9 tens, so compare the ones: 1 and 0. → 91 has more ones, so it is bigger. → 91 > 90"
"1.NBT.B.3","Numbers & place value","Which is bigger?","Which sign makes this true?","51 ? 50","","< | = | >",">","Compare the tens first. If they match, compare the ones. The open side of the sign faces the bigger number.","Both have 5 tens, so compare the ones: 1 and 0. → 51 has more ones, so it is bigger. → 51 > 50"
"1.NBT.B.3","Numbers & place value","Which is bigger?","Which sign makes this true?","11 ? 87","","< | = | >","<","Compare the tens first. If they match, compare the ones. The open side of the sign faces the bigger number.","Compare the tens first: 11 has 1 tens and 87 has 8 tens. → 87 has more tens, so it is the bigger number. → 11 < 87"
"1.NBT.B.3","Numbers & place value","Which is bigger?","Which sign makes this true?","83 ? 60","","< | = | >",">","Compare the tens first. If they match, compare the ones. The open side of the sign faces the bigger number.","Compare the tens first: 83 has 8 tens and 60 has 6 tens. → 83 has more tens, so it is the bigger number. → 83 > 60"
"1.NBT.B.3","Numbers & place value","Which is bigger?","Which sign makes this true?","25 ? 63","","< | = | >","<","Compare the tens first. If they match, compare the ones. The open side of the sign faces the bigger number.","Compare the tens first: 25 has 2 tens and 63 has 6 tens. → 63 has more tens, so it is the bigger number. → 25 < 63"
"1.NBT.B.3","Numbers & place value","Which is bigger?","Which sign makes this true?","87 ? 87","","< | = | >","=","Compare the tens first. If they match, compare the ones. The open side of the sign faces the bigger number.","Both numbers have 8 tens and 7 ones. → They are exactly the same, so use =. → 87 = 87"
"1.NBT.B.3","Numbers & place value","Which is bigger?","Which sign makes this true?","71 ? 54","","< | = | >",">","Compare the tens first. If they match, compare the ones. The open side of the sign faces the bigger number.","Compare the tens first: 71 has 7 tens and 54 has 5 tens. → 71 has more tens, so it is the bigger number. → 71 > 54"
"1.NBT.B.3","Numbers & place value","Which is bigger?","Which sign makes this true?","11 ? 79","","< | = | >","<","Compare the tens first. If they match, compare the ones. The open side of the sign faces the bigger number.","Compare the tens first: 11 has 1 tens and 79 has 7 tens. → 79 has more tens, so it is the bigger number. → 11 < 79"
"1.NBT.B.3","Numbers & place value","Which is bigger?","Which sign makes this true?","34 ? 33","","< | = | >",">","Compare the tens first. If they match, compare the ones. The open side of the sign faces the bigger number.","Both have 3 tens, so compare the ones: 4 and 3. → 34 has more ones, so it is bigger. → 34 > 33"
"1.NBT.B.3","Numbers & place value","Which is bigger?","Which sign makes this true?","23 ? 28","","< | = | >","<","Compare the tens first. If they match, compare the ones. The open side of the sign faces the bigger number.","Both have 2 tens, so compare the ones: 3 and 8. → 28 has more ones, so it is bigger. → 23 < 28"
"1.NBT.B.3","Numbers & place value","Which is bigger?","Which sign makes this true?","21 ? 22","","< | = | >","<","Compare the tens first. If they match, compare the ones. The open side of the sign faces the bigger number.","Both have 2 tens, so compare the ones: 1 and 2. → 22 has more ones, so it is bigger. → 21 < 22"
"1.NBT.B.3","Numbers & place value","Which is bigger?","Which sign makes this true?","21 ? 23","","< | = | >","<","Compare the tens first. If they match, compare the ones. The open side of the sign faces the bigger number.","Both have 2 tens, so compare the ones: 1 and 3. → 23 has more ones, so it is bigger. → 21 < 23"
"1.NBT.B.3","Numbers & place value","Which is bigger?","Which sign makes this true?","47 ? 44","","< | = | >",">","Compare the tens first. If they match, compare the ones. The open side of the sign faces the bigger number.","Both have 4 tens, so compare the ones: 7 and 4. → 47 has more ones, so it is bigger. → 47 > 44"
"1.NBT.B.3","Numbers & place value","Which is bigger?","Which sign makes this true?","88 ? 84","","< | = | >",">","Compare the tens first. If they match, compare the ones. The open side of the sign faces the bigger number.","Both have 8 tens, so compare the ones: 8 and 4. → 88 has more ones, so it is bigger. → 88 > 84"
"1.NBT.B.3","Numbers & place value","Which is bigger?","Which sign makes this true?","56 ? 51","","< | = | >",">","Compare the tens first. If they match, compare the ones. The open side of the sign faces the bigger number.","Both have 5 tens, so compare the ones: 6 and 1. → 56 has more ones, so it is bigger. → 56 > 51"
"1.NBT.B.3","Numbers & place value","Which is bigger?","Which sign makes this true?","84 ? 82","","< | = | >",">","Compare the tens first. If they match, compare the ones. The open side of the sign faces the bigger number.","Both have 8 tens, so compare the ones: 4 and 2. → 84 has more ones, so it is bigger. → 84 > 82"
"1.NBT.B.3","Numbers & place value","Which is bigger?","Which sign makes this true?","30 ? 35","","< | = | >","<","Compare the tens first. If they match, compare the ones. The open side of the sign faces the bigger number.","Both have 3 tens, so compare the ones: 0 and 5. → 35 has more ones, so it is bigger. → 30 < 35"
"1.NBT.B.3","Numbers & place value","Which is bigger?","Which sign makes this true?","53 ? 55","","< | = | >","<","Compare the tens first. If they match, compare the ones. The open side of the sign faces the bigger number.","Both have 5 tens, so compare the ones: 3 and 5. → 55 has more ones, so it is bigger. → 53 < 55"
"1.NBT.B.3","Numbers & place value","Which is bigger?","Which sign makes this true?","17 ? 17","","< | = | >","=","Compare the tens first. If they match, compare the ones. The open side of the sign faces the bigger number.","Both numbers have 1 tens and 7 ones. → They are exactly the same, so use =. → 17 = 17"
"1.NBT.B.3","Numbers & place value","Which is bigger?","Which sign makes this true?","69 ? 10","","< | = | >",">","Compare the tens first. If they match, compare the ones. The open side of the sign faces the bigger number.","Compare the tens first: 69 has 6 tens and 10 has 1 tens. → 69 has more tens, so it is the bigger number. → 69 > 10"
"1.NBT.B.3","Numbers & place value","Which is bigger?","Which sign makes this true?","28 ? 24","","< | = | >",">","Compare the tens first. If they match, compare the ones. The open side of the sign faces the bigger number.","Both have 2 tens, so compare the ones: 8 and 4. → 28 has more ones, so it is bigger. → 28 > 24"
"1.NBT.B.3","Numbers & place value","Which is bigger?","Which sign makes this true?","79 ? 72","","< | = | >",">","Compare the tens first. If they match, compare the ones. The open side of the sign faces the bigger number.","Both have 7 tens, so compare the ones: 9 and 2. → 79 has more ones, so it is bigger. → 79 > 72"
"1.NBT.B.3","Numbers & place value","Which is bigger?","Which sign makes this true?","99 ? 92","","< | = | >",">","Compare the tens first. If they match, compare the ones. The open side of the sign faces the bigger number.","Both have 9 tens, so compare the ones: 9 and 2. → 99 has more ones, so it is bigger. → 99 > 92"
"1.NBT.B.3","Numbers & place value","Which is bigger?","Which sign makes this true?","24 ? 24","","< | = | >","=","Compare the tens first. If they match, compare the ones. The open side of the sign faces the bigger number.","Both numbers have 2 tens and 4 ones. → They are exactly the same, so use =. → 24 = 24"
"1.NBT.B.3","Numbers & place value","Which is bigger?","Which sign makes this true?","50 ? 33","","< | = | >",">","Compare the tens first. If they match, compare the ones. The open side of the sign faces the bigger number.","Compare the tens first: 50 has 5 tens and 33 has 3 tens. → 50 has more tens, so it is the bigger number. → 50 > 33"
"1.NBT.B.3","Numbers & place value","Which is bigger?","Which sign makes this true?","36 ? 30","","< | = | >",">","Compare the tens first. If they match, compare the ones. The open side of the sign faces the bigger number.","Both have 3 tens, so compare the ones: 6 and 0. → 36 has more ones, so it is bigger. → 36 > 30"
"1.NBT.B.3","Numbers & place value","Which is bigger?","Which sign makes this true?","82 ? 86","","< | = | >","<","Compare the tens first. If they match, compare the ones. The open side of the sign faces the bigger number.","Both have 8 tens, so compare the ones: 2 and 6. → 86 has more ones, so it is bigger. → 82 < 86"
"1.NBT.B.3","Numbers & place value","Which is bigger?","Which sign makes this true?","96 ? 76","","< | = | >",">","Compare the tens first. If they match, compare the ones. The open side of the sign faces the bigger number.","Compare the tens first: 96 has 9 tens and 76 has 7 tens. → 96 has more tens, so it is the bigger number. → 96 > 76"
"1.NBT.B.3","Numbers & place value","Which is bigger?","Which sign makes this true?","45 ? 46","","< | = | >","<","Compare the tens first. If they match, compare the ones. The open side of the sign faces the bigger number.","Both have 4 tens, so compare the ones: 5 and 6. → 46 has more ones, so it is bigger. → 45 < 46"
"1.NBT.B.3","Numbers & place value","Which is bigger?","Which sign makes this true?","44 ? 36","","< | = | >",">","Compare the tens first. If they match, compare the ones. The open side of the sign faces the bigger number.","Compare the tens first: 44 has 4 tens and 36 has 3 tens. → 44 has more tens, so it is the bigger number. → 44 > 36"
"1.NBT.B.3","Numbers & place value","Which is bigger?","Which sign makes this true?","21 ? 24","","< | = | >","<","Compare the tens first. If they match, compare the ones. The open side of the sign faces the bigger number.","Both have 2 tens, so compare the ones: 1 and 4. → 24 has more ones, so it is bigger. → 21 < 24"
"1.NBT.B.3","Numbers & place value","Which is bigger?","Which sign makes this true?","98 ? 96","","< | = | >",">","Compare the tens first. If they match, compare the ones. The open side of the sign faces the bigger number.","Both have 9 tens, so compare the ones: 8 and 6. → 98 has more ones, so it is bigger. → 98 > 96"
"1.NBT.B.3","Numbers & place value","Which is bigger?","Which sign makes this true?","15 ? 18","","< | = | >","<","Compare the tens first. If they match, compare the ones. The open side of the sign faces the bigger number.","Both have 1 tens, so compare the ones: 5 and 8. → 18 has more ones, so it is bigger. → 15 < 18"
"1.NBT.B.3","Numbers & place value","Which is bigger?","Which sign makes this true?","62 ? 60","","< | = | >",">","Compare the tens first. If they match, compare the ones. The open side of the sign faces the bigger number.","Both have 6 tens, so compare the ones: 2 and 0. → 62 has more ones, so it is bigger. → 62 > 60"
"1.NBT.B.3","Numbers & place value","Which is bigger?","Which sign makes this true?","19 ? 15","","< | = | >",">","Compare the tens first. If they match, compare the ones. The open side of the sign faces the bigger number.","Both have 1 tens, so compare the ones: 9 and 5. → 19 has more ones, so it is bigger. → 19 > 15"
"1.NBT.B.3","Numbers & place value","Which is bigger?","Which sign makes this true?","90 ? 93","","< | = | >","<","Compare the tens first. If they match, compare the ones. The open side of the sign faces the bigger number.","Both have 9 tens, so compare the ones: 0 and 3. → 93 has more ones, so it is bigger. → 90 < 93"
"1.NBT.B.3","Numbers & place value","Which is bigger?","Which sign makes this true?","95 ? 49","","< | = | >",">","Compare the tens first. If they match, compare the ones. The open side of the sign faces the bigger number.","Compare the tens first: 95 has 9 tens and 49 has 4 tens. → 95 has more tens, so it is the bigger number. → 95 > 49"
"1.NBT.B.3","Numbers & place value","Which is bigger?","Which sign makes this true?","43 ? 86","","< | = | >","<","Compare the tens first. If they match, compare the ones. The open side of the sign faces the bigger number.","Compare the tens first: 43 has 4 tens and 86 has 8 tens. → 86 has more tens, so it is the bigger number. → 43 < 86"
"1.NBT.B.3","Numbers & place value","Which is bigger?","Which sign makes this true?","74 ? 14","","< | = | >",">","Compare the tens first. If they match, compare the ones. The open side of the sign faces the bigger number.","Compare the tens first: 74 has 7 tens and 14 has 1 tens. → 74 has more tens, so it is the bigger number. → 74 > 14"
"1.NBT.B.3","Numbers & place value","Which is bigger?","Which sign makes this true?","76 ? 72","","< | = | >",">","Compare the tens first. If they match, compare the ones. The open side of the sign faces the bigger number.","Both have 7 tens, so compare the ones: 6 and 2. → 76 has more ones, so it is bigger. → 76 > 72"
"1.NBT.B.3","Numbers & place value","Which is bigger?","Which sign makes this true?","60 ? 69","","< | = | >","<","Compare the tens first. If they match, compare the ones. The open side of the sign faces the bigger number.","Both have 6 tens, so compare the ones: 0 and 9. → 69 has more ones, so it is bigger. → 60 < 69"
"1.NBT.B.3","Numbers & place value","Which is bigger?","Which sign makes this true?","10 ? 41","","< | = | >","<","Compare the tens first. If they match, compare the ones. The open side of the sign faces the bigger number.","Compare the tens first: 10 has 1 tens and 41 has 4 tens. → 41 has more tens, so it is the bigger number. → 10 < 41"
"1.NBT.B.3","Numbers & place value","Which is bigger?","Which sign makes this true?","75 ? 62","","< | = | >",">","Compare the tens first. If they match, compare the ones. The open side of the sign faces the bigger number.","Compare the tens first: 75 has 7 tens and 62 has 6 tens. → 75 has more tens, so it is the bigger number. → 75 > 62"
"1.NBT.B.3","Numbers & place value","Which is bigger?","Which sign makes this true?","74 ? 28","","< | = | >",">","Compare the tens first. If they match, compare the ones. The open side of the sign faces the bigger number.","Compare the tens first: 74 has 7 tens and 28 has 2 tens. → 74 has more tens, so it is the bigger number. → 74 > 28"
"1.NBT.B.3","Numbers & place value","Which is bigger?","Which sign makes this true?","23 ? 32","","< | = | >","<","Compare the tens first. If they match, compare the ones. The open side of the sign faces the bigger number.","Compare the tens first: 23 has 2 tens and 32 has 3 tens. → 32 has more tens, so it is the bigger number. → 23 < 32"
"1.NBT.B.3","Numbers & place value","Which is bigger?","Which sign makes this true?","30 ? 14","","< | = | >",">","Compare the tens first. If they match, compare the ones. The open side of the sign faces the bigger number.","Compare the tens first: 30 has 3 tens and 14 has 1 tens. → 30 has more tens, so it is the bigger number. → 30 > 14"
"1.NBT.B.3","Numbers & place value","Which is bigger?","Which sign makes this true?","43 ? 47","","< | = | >","<","Compare the tens first. If they match, compare the ones. The open side of the sign faces the bigger number.","Both have 4 tens, so compare the ones: 3 and 7. → 47 has more ones, so it is bigger. → 43 < 47"
"1.NBT.B.3","Numbers & place value","Which is bigger?","Which sign makes this true?","55 ? 76","","< | = | >","<","Compare the tens first. If they match, compare the ones. The open side of the sign faces the bigger number.","Compare the tens first: 55 has 5 tens and 76 has 7 tens. → 76 has more tens, so it is the bigger number. → 55 < 76"
"1.NBT.B.3","Numbers & place value","Which is bigger?","Which sign makes this true?","69 ? 69","","< | = | >","=","Compare the tens first. If they match, compare the ones. The open side of the sign faces the bigger number.","Both numbers have 6 tens and 9 ones. → They are exactly the same, so use =. → 69 = 69"
"1.NBT.B.3","Numbers & place value","Which is bigger?","Which sign makes this true?","43 ? 40","","< | = | >",">","Compare the tens first. If they match, compare the ones. The open side of the sign faces the bigger number.","Both have 4 tens, so compare the ones: 3 and 0. → 43 has more ones, so it is bigger. → 43 > 40"
"1.NBT.B.3","Numbers & place value","Which is bigger?","Which sign makes this true?","37 ? 38","","< | = | >","<","Compare the tens first. If they match, compare the ones. The open side of the sign faces the bigger number.","Both have 3 tens, so compare the ones: 7 and 8. → 38 has more ones, so it is bigger. → 37 < 38"
"1.NBT.B.3","Numbers & place value","Which is bigger?","Which sign makes this true?","90 ? 98","","< | = | >","<","Compare the tens first. If they match, compare the ones. The open side of the sign faces the bigger number.","Both have 9 tens, so compare the ones: 0 and 8. → 98 has more ones, so it is bigger. → 90 < 98"
"1.NBT.B.3","Numbers & place value","Which is bigger?","Which sign makes this true?","87 ? 57","","< | = | >",">","Compare the tens first. If they match, compare the ones. The open side of the sign faces the bigger number.","Compare the tens first: 87 has 8 tens and 57 has 5 tens. → 87 has more tens, so it is the bigger number. → 87 > 57"
"1.NBT.B.3","Numbers & place value","Which is bigger?","Which sign makes this true?","77 ? 64","","< | = | >",">","Compare the tens first. If they match, compare the ones. The open side of the sign faces the bigger number.","Compare the tens first: 77 has 7 tens and 64 has 6 tens. → 77 has more tens, so it is the bigger number. → 77 > 64"
"1.NBT.B.3","Numbers & place value","Which is bigger?","Which sign makes this true?","12 ? 69","","< | = | >","<","Compare the tens first. If they match, compare the ones. The open side of the sign faces the bigger number.","Compare the tens first: 12 has 1 tens and 69 has 6 tens. → 69 has more tens, so it is the bigger number. → 12 < 69"
"1.NBT.C.4","Numbers & place value","Add to 100","Add.","58 + 30 = ? (Add the tens.)","","87 | 88 | 98 | 78","88","Only the tens change. Count on by tens.","58 has 5 tens. 30 is 3 tens. → 5 tens + 3 tens = 8 tens. → The ones stay 8. 80 + 8 = 88."
"1.NBT.C.4","Numbers & place value","Add to 100","Add.","61 + 30 = ? (Add the tens.)","","81 | 98 | 92 | 91","91","Only the tens change. Count on by tens.","61 has 6 tens. 30 is 3 tens. → 6 tens + 3 tens = 9 tens. → The ones stay 1. 90 + 1 = 91."
"1.NBT.C.4","Numbers & place value","Add to 100","Add.","14 + 3 = ?","","7 | 27 | 18 | 17","17","Add the ones to the ones, and the tens to the tens.","Add the ones: 4 + 3 = 7. → Add the tens: 10 + 0 = 10. → 10 + 7 = 17"
"1.NBT.C.4","Numbers & place value","Add to 100","Add.","43 + 19 = ? (Add tens and tens, ones and ones.)","diagram","72 | 63 | 52 | 62","62","Add the ones first. If they make 10 or more, you get a new ten.","Add the ones: 3 + 9 = 12. → 12 is 1 ten and 2 ones, so make a new ten. → Add the tens: 40 + 10 + 10 = 60. → 60 + 2 = 62"
"1.NBT.C.4","Numbers & place value","Add to 100","Add.","90 + 5 = ?","","85 | 94 | 96 | 95","95","Add the ones to the ones, and the tens to the tens.","Add the ones: 0 + 5 = 5. → Add the tens: 90 + 0 = 90. → 90 + 5 = 95"
"1.NBT.C.4","Numbers & place value","Add to 100","Add.","67 + 5 = ?","diagram","72 | 71 | 82 | 73","72","Add the ones first. If they make 10 or more, you get a new ten.","Add the ones: 7 + 5 = 12. → 12 is 1 ten and 2 ones, so make a new ten. → Add the tens: 60 + 0 + 10 = 70. → 70 + 2 = 72"
"1.NBT.C.4","Numbers & place value","Add to 100","Add.","49 + 10 = ? (Add the tens.)","","60 | 58 | 59 | 69","59","Only the tens change. Count on by tens.","49 has 4 tens. 10 is 1 tens. → 4 tens + 1 tens = 5 tens. → The ones stay 9. 50 + 9 = 59."
"1.NBT.C.4","Numbers & place value","Add to 100","Add.","20 + 29 = ? (Add tens and tens, ones and ones.)","diagram","49 | 59 | 39 | 48","49","Add the ones to the ones, and the tens to the tens.","Add the ones: 0 + 9 = 9. → Add the tens: 20 + 20 = 40. → 40 + 9 = 49"
"1.NBT.C.4","Numbers & place value","Add to 100","Add.","76 + 20 = ? (Add the tens.)","","95 | 96 | 86 | 93","96","Only the tens change. Count on by tens.","76 has 7 tens. 20 is 2 tens. → 7 tens + 2 tens = 9 tens. → The ones stay 6. 90 + 6 = 96."
"1.NBT.C.4","Numbers & place value","Add to 100","Add.","25 + 26 = ? (Add tens and tens, ones and ones.)","diagram","41 | 61 | 51 | 50","51","Add the ones first. If they make 10 or more, you get a new ten.","Add the ones: 5 + 6 = 11. → 11 is 1 ten and 1 ones, so make a new ten. → Add the tens: 20 + 20 + 10 = 50. → 50 + 1 = 51"
"1.NBT.C.4","Numbers & place value","Add to 100","Add.","78 + 1 = ?","","69 | 89 | 80 | 79","79","Add the ones to the ones, and the tens to the tens.","Add the ones: 8 + 1 = 9. → Add the tens: 70 + 0 = 70. → 70 + 9 = 79"
"1.NBT.C.4","Numbers & place value","Add to 100","Add.","19 + 42 = ? (Add tens and tens, ones and ones.)","","51 | 60 | 62 | 61","61","Add the ones first. If they make 10 or more, you get a new ten.","Add the ones: 9 + 2 = 11. → 11 is 1 ten and 1 ones, so make a new ten. → Add the tens: 10 + 40 + 10 = 60. → 60 + 1 = 61"
"1.NBT.C.4","Numbers & place value","Add to 100","Add.","36 + 20 = ? (Add the tens.)","diagram","57 | 56 | 46 | 66","56","Only the tens change. Count on by tens.","36 has 3 tens. 20 is 2 tens. → 3 tens + 2 tens = 5 tens. → The ones stay 6. 50 + 6 = 56."
"1.NBT.C.4","Numbers & place value","Add to 100","Add.","59 + 20 = ? (Add tens and tens, ones and ones.)","diagram","80 | 79 | 69 | 78","79","Add the ones to the ones, and the tens to the tens.","Add the ones: 9 + 0 = 9. → Add the tens: 50 + 20 = 70. → 70 + 9 = 79"
"1.NBT.C.4","Numbers & place value","Add to 100","Add.","12 + 9 = ?","","11 | 20 | 21 | 31","21","Add the ones first. If they make 10 or more, you get a new ten.","Add the ones: 2 + 9 = 11. → 11 is 1 ten and 1 ones, so make a new ten. → Add the tens: 10 + 0 + 10 = 20. → 20 + 1 = 21"
"1.NBT.C.4","Numbers & place value","Add to 100","Add.","88 + 10 = ? (Add the tens.)","diagram","94 | 88 | 98 | 97","98","Only the tens change. Count on by tens.","88 has 8 tens. 10 is 1 tens. → 8 tens + 1 tens = 9 tens. → The ones stay 8. 90 + 8 = 98."
"1.NBT.C.4","Numbers & place value","Add to 100","Add.","54 + 4 = ?","diagram","58 | 68 | 57 | 48","58","Add the ones to the ones, and the tens to the tens.","Add the ones: 4 + 4 = 8. → Add the tens: 50 + 0 = 50. → 50 + 8 = 58"
"1.NBT.C.4","Numbers & place value","Add to 100","Add.","29 + 57 = ? (Add tens and tens, ones and ones.)","diagram","86 | 76 | 96 | 85","86","Add the ones first. If they make 10 or more, you get a new ten.","Add the ones: 9 + 7 = 16. → 16 is 1 ten and 6 ones, so make a new ten. → Add the tens: 20 + 50 + 10 = 80. → 80 + 6 = 86"
"1.NBT.C.4","Numbers & place value","Add to 100","Add.","41 + 40 = ? (Add the tens.)","","91 | 71 | 80 | 81","81","Only the tens change. Count on by tens.","41 has 4 tens. 40 is 4 tens. → 4 tens + 4 tens = 8 tens. → The ones stay 1. 80 + 1 = 81."
"1.NBT.C.4","Numbers & place value","Add to 100","Add.","86 + 10 = ? (Add the tens.)","","90 | 95 | 86 | 96","96","Only the tens change. Count on by tens.","86 has 8 tens. 10 is 1 tens. → 8 tens + 1 tens = 9 tens. → The ones stay 6. 90 + 6 = 96."
"1.NBT.C.4","Numbers & place value","Add to 100","Add.","16 + 9 = ?","diagram","26 | 25 | 15 | 24","25","Add the ones first. If they make 10 or more, you get a new ten.","Add the ones: 6 + 9 = 15. → 15 is 1 ten and 5 ones, so make a new ten. → Add the tens: 10 + 0 + 10 = 20. → 20 + 5 = 25"
"1.NBT.C.4","Numbers & place value","Add to 100","Add.","10 + 80 = ? (Add the tens.)","","90 | 100 | 80 | 89","90","Only the tens change. Count on by tens.","10 has 1 tens. 80 is 8 tens. → 1 tens + 8 tens = 9 tens. → The ones stay 0. 90 + 0 = 90."
"1.NBT.C.4","Numbers & place value","Add to 100","Add.","35 + 17 = ? (Add tens and tens, ones and ones.)","diagram","42 | 51 | 53 | 52","52","Add the ones first. If they make 10 or more, you get a new ten.","Add the ones: 5 + 7 = 12. → 12 is 1 ten and 2 ones, so make a new ten. → Add the tens: 30 + 10 + 10 = 50. → 50 + 2 = 52"
"1.NBT.C.4","Numbers & place value","Add to 100","Add.","68 + 11 = ? (Add tens and tens, ones and ones.)","diagram","79 | 69 | 78 | 80","79","Add the ones to the ones, and the tens to the tens.","Add the ones: 8 + 1 = 9. → Add the tens: 60 + 10 = 70. → 70 + 9 = 79"
"1.NBT.C.4","Numbers & place value","Add to 100","Add.","35 + 6 = ?","","31 | 42 | 41 | 51","41","Add the ones first. If they make 10 or more, you get a new ten.","Add the ones: 5 + 6 = 11. → 11 is 1 ten and 1 ones, so make a new ten. → Add the tens: 30 + 0 + 10 = 40. → 40 + 1 = 41"
"1.NBT.C.4","Numbers & place value","Add to 100","Add.","82 + 8 = ?","diagram","100 | 90 | 91 | 89","90","Add the ones first. If they make 10 or more, you get a new ten.","Add the ones: 2 + 8 = 10. → 10 is 1 ten and 0 ones, so make a new ten. → Add the tens: 80 + 0 + 10 = 90. → 90 + 0 = 90"
"1.NBT.C.4","Numbers & place value","Add to 100","Add.","35 + 50 = ? (Add tens and tens, ones and ones.)","","95 | 85 | 86 | 84","85","Add the ones to the ones, and the tens to the tens.","Add the ones: 5 + 0 = 5. → Add the tens: 30 + 50 = 80. → 80 + 5 = 85"
"1.NBT.C.4","Numbers & place value","Add to 100","Add.","64 + 30 = ? (Add the tens.)","","98 | 93 | 94 | 84","94","Only the tens change. Count on by tens.","64 has 6 tens. 30 is 3 tens. → 6 tens + 3 tens = 9 tens. → The ones stay 4. 90 + 4 = 94."
"1.NBT.C.4","Numbers & place value","Add to 100","Add.","61 + 26 = ? (Add tens and tens, ones and ones.)","diagram","87 | 77 | 88 | 86","87","Add the ones to the ones, and the tens to the tens.","Add the ones: 1 + 6 = 7. → Add the tens: 60 + 20 = 80. → 80 + 7 = 87"
"1.NBT.C.4","Numbers & place value","Add to 100","Add.","21 + 20 = ? (Add the tens.)","","51 | 41 | 40 | 31","41","Only the tens change. Count on by tens.","21 has 2 tens. 20 is 2 tens. → 2 tens + 2 tens = 4 tens. → The ones stay 1. 40 + 1 = 41."
"1.NBT.C.4","Numbers & place value","Add to 100","Add.","14 + 3 = ?","diagram","7 | 17 | 27 | 16","17","Add the ones to the ones, and the tens to the tens.","Add the ones: 4 + 3 = 7. → Add the tens: 10 + 0 = 10. → 10 + 7 = 17"
"1.NBT.C.4","Numbers & place value","Add to 100","Add.","94 + 5 = ?","","99 | 100 | 96 | 89","99","Add the ones to the ones, and the tens to the tens.","Add the ones: 4 + 5 = 9. → Add the tens: 90 + 0 = 90. → 90 + 9 = 99"
"1.NBT.C.4","Numbers & place value","Add to 100","Add.","21 + 9 = ?","","30 | 20 | 40 | 29","30","Add the ones first. If they make 10 or more, you get a new ten.","Add the ones: 1 + 9 = 10. → 10 is 1 ten and 0 ones, so make a new ten. → Add the tens: 20 + 0 + 10 = 30. → 30 + 0 = 30"
"1.NBT.C.4","Numbers & place value","Add to 100","Add.","25 + 62 = ? (Add tens and tens, ones and ones.)","","97 | 77 | 88 | 87","87","Add the ones to the ones, and the tens to the tens.","Add the ones: 5 + 2 = 7. → Add the tens: 20 + 60 = 80. → 80 + 7 = 87"
"1.NBT.C.4","Numbers & place value","Add to 100","Add.","70 + 10 = ? (Add the tens.)","diagram","90 | 79 | 81 | 80","80","Only the tens change. Count on by tens.","70 has 7 tens. 10 is 1 tens. → 7 tens + 1 tens = 8 tens. → The ones stay 0. 80 + 0 = 80."
"1.NBT.C.4","Numbers & place value","Add to 100","Add.","81 + 11 = ? (Add tens and tens, ones and ones.)","","92 | 91 | 82 | 93","92","Add the ones to the ones, and the tens to the tens.","Add the ones: 1 + 1 = 2. → Add the tens: 80 + 10 = 90. → 90 + 2 = 92"
"1.NBT.C.4","Numbers & place value","Add to 100","Add.","35 + 7 = ?","diagram","41 | 43 | 42 | 52","42","Add the ones first. If they make 10 or more, you get a new ten.","Add the ones: 5 + 7 = 12. → 12 is 1 ten and 2 ones, so make a new ten. → Add the tens: 30 + 0 + 10 = 40. → 40 + 2 = 42"
"1.NBT.C.4","Numbers & place value","Add to 100","Add.","72 + 19 = ? (Add tens and tens, ones and ones.)","","91 | 90 | 81 | 99","91","Add the ones first. If they make 10 or more, you get a new ten.","Add the ones: 2 + 9 = 11. → 11 is 1 ten and 1 ones, so make a new ten. → Add the tens: 70 + 10 + 10 = 90. → 90 + 1 = 91"
"1.NBT.C.4","Numbers & place value","Add to 100","Add.","47 + 6 = ?","diagram","54 | 52 | 53 | 43","53","Add the ones first. If they make 10 or more, you get a new ten.","Add the ones: 7 + 6 = 13. → 13 is 1 ten and 3 ones, so make a new ten. → Add the tens: 40 + 0 + 10 = 50. → 50 + 3 = 53"
"1.NBT.C.4","Numbers & place value","Add to 100","Add.","21 + 72 = ? (Add tens and tens, ones and ones.)","diagram","92 | 94 | 93 | 82","93","Add the ones to the ones, and the tens to the tens.","Add the ones: 1 + 2 = 3. → Add the tens: 20 + 70 = 90. → 90 + 3 = 93"
"1.NBT.C.4","Numbers & place value","Add to 100","Add.","37 + 38 = ? (Add tens and tens, ones and ones.)","diagram","75 | 65 | 76 | 85","75","Add the ones first. If they make 10 or more, you get a new ten.","Add the ones: 7 + 8 = 15. → 15 is 1 ten and 5 ones, so make a new ten. → Add the tens: 30 + 30 + 10 = 70. → 70 + 5 = 75"
"1.NBT.C.4","Numbers & place value","Add to 100","Add.","71 + 18 = ? (Add tens and tens, ones and ones.)","","89 | 99 | 88 | 79","89","Add the ones to the ones, and the tens to the tens.","Add the ones: 1 + 8 = 9. → Add the tens: 70 + 10 = 80. → 80 + 9 = 89"
"1.NBT.C.4","Numbers & place value","Add to 100","Add.","46 + 20 = ? (Add the tens.)","","66 | 56 | 67 | 65","66","Only the tens change. Count on by tens.","46 has 4 tens. 20 is 2 tens. → 4 tens + 2 tens = 6 tens. → The ones stay 6. 60 + 6 = 66."
"1.NBT.C.4","Numbers & place value","Add to 100","Add.","35 + 60 = ? (Add the tens.)","","85 | 95 | 90 | 94","95","Only the tens change. Count on by tens.","35 has 3 tens. 60 is 6 tens. → 3 tens + 6 tens = 9 tens. → The ones stay 5. 90 + 5 = 95."
"1.NBT.C.4","Numbers & place value","Add to 100","Add.","30 + 70 = ? (Add the tens.)","diagram","99 | 100 | 98 | 96","100","Only the tens change. Count on by tens.","30 has 3 tens. 70 is 7 tens. → 3 tens + 7 tens = 10 tens. → The ones stay 0. 100 + 0 = 100."
"1.NBT.C.4","Numbers & place value","Add to 100","Add.","35 + 6 = ?","diagram","41 | 31 | 51 | 40","41","Add the ones first. If they make 10 or more, you get a new ten.","Add the ones: 5 + 6 = 11. → 11 is 1 ten and 1 ones, so make a new ten. → Add the tens: 30 + 0 + 10 = 40. → 40 + 1 = 41"
"1.NBT.C.4","Numbers & place value","Add to 100","Add.","12 + 79 = ? (Add tens and tens, ones and ones.)","","96 | 91 | 90 | 81","91","Add the ones first. If they make 10 or more, you get a new ten.","Add the ones: 2 + 9 = 11. → 11 is 1 ten and 1 ones, so make a new ten. → Add the tens: 10 + 70 + 10 = 90. → 90 + 1 = 91"
"1.NBT.C.4","Numbers & place value","Add to 100","Add.","42 + 27 = ? (Add tens and tens, ones and ones.)","diagram","69 | 68 | 70 | 79","69","Add the ones to the ones, and the tens to the tens.","Add the ones: 2 + 7 = 9. → Add the tens: 40 + 20 = 60. → 60 + 9 = 69"
"1.NBT.C.4","Numbers & place value","Add to 100","Add.","85 + 15 = ? (Add tens and tens, ones and ones.)","","90 | 97 | 100 | 99","100","Add the ones first. If they make 10 or more, you get a new ten.","Add the ones: 5 + 5 = 10. → 10 is 1 ten and 0 ones, so make a new ten. → Add the tens: 80 + 10 + 10 = 100. → 100 + 0 = 100"
"1.NBT.C.4","Numbers & place value","Add to 100","Add.","58 + 14 = ? (Add tens and tens, ones and ones.)","diagram","73 | 71 | 72 | 62","72","Add the ones first. If they make 10 or more, you get a new ten.","Add the ones: 8 + 4 = 12. → 12 is 1 ten and 2 ones, so make a new ten. → Add the tens: 50 + 10 + 10 = 70. → 70 + 2 = 72"
"1.NBT.C.4","Numbers & place value","Add to 100","Add.","26 + 70 = ? (Add the tens.)","diagram","96 | 97 | 98 | 95","96","Only the tens change. Count on by tens.","26 has 2 tens. 70 is 7 tens. → 2 tens + 7 tens = 9 tens. → The ones stay 6. 90 + 6 = 96."
"1.NBT.C.4","Numbers & place value","Add to 100","Add.","64 + 9 = ?","","73 | 72 | 74 | 63","73","Add the ones first. If they make 10 or more, you get a new ten.","Add the ones: 4 + 9 = 13. → 13 is 1 ten and 3 ones, so make a new ten. → Add the tens: 60 + 0 + 10 = 70. → 70 + 3 = 73"
"1.NBT.C.4","Numbers & place value","Add to 100","Add.","51 + 30 = ? (Add the tens.)","","80 | 81 | 82 | 91","81","Only the tens change. Count on by tens.","51 has 5 tens. 30 is 3 tens. → 5 tens + 3 tens = 8 tens. → The ones stay 1. 80 + 1 = 81."
"1.NBT.C.4","Numbers & place value","Add to 100","Add.","64 + 3 = ?","","68 | 57 | 67 | 66","67","Add the ones to the ones, and the tens to the tens.","Add the ones: 4 + 3 = 7. → Add the tens: 60 + 0 = 60. → 60 + 7 = 67"
"1.NBT.C.4","Numbers & place value","Add to 100","Add.","46 + 54 = ? (Add tens and tens, ones and ones.)","diagram","90 | 89 | 100 | 95","100","Add the ones first. If they make 10 or more, you get a new ten.","Add the ones: 6 + 4 = 10. → 10 is 1 ten and 0 ones, so make a new ten. → Add the tens: 40 + 50 + 10 = 100. → 100 + 0 = 100"
"1.NBT.C.4","Numbers & place value","Add to 100","Add.","41 + 39 = ? (Add tens and tens, ones and ones.)","","81 | 79 | 80 | 90","80","Add the ones first. If they make 10 or more, you get a new ten.","Add the ones: 1 + 9 = 10. → 10 is 1 ten and 0 ones, so make a new ten. → Add the tens: 40 + 30 + 10 = 80. → 80 + 0 = 80"
"1.NBT.C.4","Numbers & place value","Add to 100","Add.","88 + 12 = ? (Add tens and tens, ones and ones.)","diagram","90 | 92 | 100 | 96","100","Add the ones first. If they make 10 or more, you get a new ten.","Add the ones: 8 + 2 = 10. → 10 is 1 ten and 0 ones, so make a new ten. → Add the tens: 80 + 10 + 10 = 100. → 100 + 0 = 100"
"1.NBT.C.4","Numbers & place value","Add to 100","Add.","60 + 4 = ?","","65 | 64 | 63 | 74","64","Add the ones to the ones, and the tens to the tens.","Add the ones: 0 + 4 = 4. → Add the tens: 60 + 0 = 60. → 60 + 4 = 64"
"1.NBT.C.4","Numbers & place value","Add to 100","Add.","39 + 44 = ? (Add tens and tens, ones and ones.)","diagram","84 | 82 | 73 | 83","83","Add the ones first. If they make 10 or more, you get a new ten.","Add the ones: 9 + 4 = 13. → 13 is 1 ten and 3 ones, so make a new ten. → Add the tens: 30 + 40 + 10 = 80. → 80 + 3 = 83"
"1.NBT.C.4","Numbers & place value","Add to 100","Add.","19 + 29 = ? (Add tens and tens, ones and ones.)","","58 | 49 | 38 | 48","48","Add the ones first. If they make 10 or more, you get a new ten.","Add the ones: 9 + 9 = 18. → 18 is 1 ten and 8 ones, so make a new ten. → Add the tens: 10 + 20 + 10 = 40. → 40 + 8 = 48"
"1.NBT.C.4","Numbers & place value","Add to 100","Add.","73 + 1 = ?","diagram","74 | 84 | 75 | 73","74","Add the ones to the ones, and the tens to the tens.","Add the ones: 3 + 1 = 4. → Add the tens: 70 + 0 = 70. → 70 + 4 = 74"
"1.NBT.C.4","Numbers & place value","Add to 100","Add.","39 + 46 = ? (Add tens and tens, ones and ones.)","","85 | 84 | 86 | 95","85","Add the ones first. If they make 10 or more, you get a new ten.","Add the ones: 9 + 6 = 15. → 15 is 1 ten and 5 ones, so make a new ten. → Add the tens: 30 + 40 + 10 = 80. → 80 + 5 = 85"
"1.NBT.C.4","Numbers & place value","Add to 100","Add.","32 + 60 = ? (Add the tens.)","","92 | 91 | 82 | 94","92","Only the tens change. Count on by tens.","32 has 3 tens. 60 is 6 tens. → 3 tens + 6 tens = 9 tens. → The ones stay 2. 90 + 2 = 92."
"1.NBT.C.4","Numbers & place value","Add to 100","Add.","65 + 26 = ? (Add tens and tens, ones and ones.)","diagram","92 | 93 | 90 | 91","91","Add the ones first. If they make 10 or more, you get a new ten.","Add the ones: 5 + 6 = 11. → 11 is 1 ten and 1 ones, so make a new ten. → Add the tens: 60 + 20 + 10 = 90. → 90 + 1 = 91"
"1.NBT.C.4","Numbers & place value","Add to 100","Add.","26 + 20 = ? (Add the tens.)","","45 | 56 | 46 | 47","46","Only the tens change. Count on by tens.","26 has 2 tens. 20 is 2 tens. → 2 tens + 2 tens = 4 tens. → The ones stay 6. 40 + 6 = 46."
"1.NBT.C.4","Numbers & place value","Add to 100","Add.","69 + 30 = ? (Add tens and tens, ones and ones.)","diagram","89 | 99 | 100 | 98","99","Add the ones to the ones, and the tens to the tens.","Add the ones: 9 + 0 = 9. → Add the tens: 60 + 30 = 90. → 90 + 9 = 99"
"1.NBT.C.4","Numbers & place value","Add to 100","Add.","27 + 34 = ? (Add tens and tens, ones and ones.)","diagram","71 | 60 | 61 | 51","61","Add the ones first. If they make 10 or more, you get a new ten.","Add the ones: 7 + 4 = 11. → 11 is 1 ten and 1 ones, so make a new ten. → Add the tens: 20 + 30 + 10 = 60. → 60 + 1 = 61"
"1.NBT.C.4","Numbers & place value","Add to 100","Add.","11 + 7 = ?","","17 | 28 | 18 | 19","18","Add the ones to the ones, and the tens to the tens.","Add the ones: 1 + 7 = 8. → Add the tens: 10 + 0 = 10. → 10 + 8 = 18"
"1.NBT.C.4","Numbers & place value","Add to 100","Add.","69 + 15 = ? (Add tens and tens, ones and ones.)","","74 | 84 | 94 | 85","84","Add the ones first. If they make 10 or more, you get a new ten.","Add the ones: 9 + 5 = 14. → 14 is 1 ten and 4 ones, so make a new ten. → Add the tens: 60 + 10 + 10 = 80. → 80 + 4 = 84"
"1.NBT.C.4","Numbers & place value","Add to 100","Add.","21 + 7 = ?","","38 | 18 | 28 | 29","28","Add the ones to the ones, and the tens to the tens.","Add the ones: 1 + 7 = 8. → Add the tens: 20 + 0 = 20. → 20 + 8 = 28"
"1.NBT.C.4","Numbers & place value","Add to 100","Add.","66 + 32 = ? (Add tens and tens, ones and ones.)","diagram","99 | 88 | 97 | 98","98","Add the ones to the ones, and the tens to the tens.","Add the ones: 6 + 2 = 8. → Add the tens: 60 + 30 = 90. → 90 + 8 = 98"
"1.NBT.C.4","Numbers & place value","Add to 100","Add.","80 + 6 = ?","diagram","96 | 87 | 86 | 85","86","Add the ones to the ones, and the tens to the tens.","Add the ones: 0 + 6 = 6. → Add the tens: 80 + 0 = 80. → 80 + 6 = 86"
"1.NBT.C.4","Numbers & place value","Add to 100","Add.","42 + 11 = ? (Add tens and tens, ones and ones.)","diagram","53 | 54 | 52 | 63","53","Add the ones to the ones, and the tens to the tens.","Add the ones: 2 + 1 = 3. → Add the tens: 40 + 10 = 50. → 50 + 3 = 53"
"1.NBT.C.4","Numbers & place value","Add to 100","Add.","37 + 40 = ? (Add the tens.)","","77 | 87 | 78 | 67","77","Only the tens change. Count on by tens.","37 has 3 tens. 40 is 4 tens. → 3 tens + 4 tens = 7 tens. → The ones stay 7. 70 + 7 = 77."
"1.NBT.C.4","Numbers & place value","Add to 100","Add.","12 + 80 = ? (Add the tens.)","","91 | 82 | 100 | 92","92","Only the tens change. Count on by tens.","12 has 1 tens. 80 is 8 tens. → 1 tens + 8 tens = 9 tens. → The ones stay 2. 90 + 2 = 92."
"1.NBT.C.4","Numbers & place value","Add to 100","Add.","68 + 10 = ? (Add the tens.)","","79 | 78 | 77 | 88","78","Only the tens change. Count on by tens.","68 has 6 tens. 10 is 1 tens. → 6 tens + 1 tens = 7 tens. → The ones stay 8. 70 + 8 = 78."
"1.NBT.C.4","Numbers & place value","Add to 100","Add.","57 + 2 = ?","","49 | 69 | 59 | 58","59","Add the ones to the ones, and the tens to the tens.","Add the ones: 7 + 2 = 9. → Add the tens: 50 + 0 = 50. → 50 + 9 = 59"
"1.NBT.C.4","Numbers & place value","Add to 100","Add.","79 + 20 = ? (Add the tens.)","diagram","98 | 99 | 89 | 100","99","Only the tens change. Count on by tens.","79 has 7 tens. 20 is 2 tens. → 7 tens + 2 tens = 9 tens. → The ones stay 9. 90 + 9 = 99."
"1.NBT.C.4","Numbers & place value","Add to 100","Add.","26 + 35 = ? (Add tens and tens, ones and ones.)","","60 | 71 | 61 | 51","61","Add the ones first. If they make 10 or more, you get a new ten.","Add the ones: 6 + 5 = 11. → 11 is 1 ten and 1 ones, so make a new ten. → Add the tens: 20 + 30 + 10 = 60. → 60 + 1 = 61"
"1.NBT.C.4","Numbers & place value","Add to 100","Add.","45 + 20 = ? (Add the tens.)","diagram","75 | 65 | 64 | 66","65","Only the tens change. Count on by tens.","45 has 4 tens. 20 is 2 tens. → 4 tens + 2 tens = 6 tens. → The ones stay 5. 60 + 5 = 65."
"1.NBT.C.4","Numbers & place value","Add to 100","Add.","68 + 4 = ?","","71 | 72 | 73 | 82","72","Add the ones first. If they make 10 or more, you get a new ten.","Add the ones: 8 + 4 = 12. → 12 is 1 ten and 2 ones, so make a new ten. → Add the tens: 60 + 0 + 10 = 70. → 70 + 2 = 72"
"1.NBT.C.4","Numbers & place value","Add to 100","Add.","40 + 60 = ? (Add tens and tens, ones and ones.)","diagram","100 | 99 | 91 | 90","100","Add the ones to the ones, and the tens to the tens.","Add the ones: 0 + 0 = 0. → Add the tens: 40 + 60 = 100. → 100 + 0 = 100"
"1.NBT.C.4","Numbers & place value","Add to 100","Add.","30 + 41 = ? (Add tens and tens, ones and ones.)","diagram","72 | 61 | 81 | 71","71","Add the ones to the ones, and the tens to the tens.","Add the ones: 0 + 1 = 1. → Add the tens: 30 + 40 = 70. → 70 + 1 = 71"
"1.NBT.C.4","Numbers & place value","Add to 100","Add.","15 + 9 = ?","","14 | 25 | 34 | 24","24","Add the ones first. If they make 10 or more, you get a new ten.","Add the ones: 5 + 9 = 14. → 14 is 1 ten and 4 ones, so make a new ten. → Add the tens: 10 + 0 + 10 = 20. → 20 + 4 = 24"
"1.NBT.C.4","Numbers & place value","Add to 100","Add.","71 + 16 = ? (Add tens and tens, ones and ones.)","","77 | 86 | 97 | 87","87","Add the ones to the ones, and the tens to the tens.","Add the ones: 1 + 6 = 7. → Add the tens: 70 + 10 = 80. → 80 + 7 = 87"
"1.NBT.C.4","Numbers & place value","Add to 100","Add.","29 + 51 = ? (Add tens and tens, ones and ones.)","","90 | 79 | 81 | 80","80","Add the ones first. If they make 10 or more, you get a new ten.","Add the ones: 9 + 1 = 10. → 10 is 1 ten and 0 ones, so make a new ten. → Add the tens: 20 + 50 + 10 = 80. → 80 + 0 = 80"
"1.NBT.C.4","Numbers & place value","Add to 100","Add.","52 + 41 = ? (Add tens and tens, ones and ones.)","diagram","89 | 83 | 93 | 94","93","Add the ones to the ones, and the tens to the tens.","Add the ones: 2 + 1 = 3. → Add the tens: 50 + 40 = 90. → 90 + 3 = 93"
"1.NBT.C.4","Numbers & place value","Add to 100","Add.","29 + 44 = ? (Add tens and tens, ones and ones.)","","74 | 72 | 63 | 73","73","Add the ones first. If they make 10 or more, you get a new ten.","Add the ones: 9 + 4 = 13. → 13 is 1 ten and 3 ones, so make a new ten. → Add the tens: 20 + 40 + 10 = 70. → 70 + 3 = 73"
"1.NBT.C.4","Numbers & place value","Add to 100","Add.","67 + 3 = ?","","80 | 70 | 71 | 60","70","Add the ones first. If they make 10 or more, you get a new ten.","Add the ones: 7 + 3 = 10. → 10 is 1 ten and 0 ones, so make a new ten. → Add the tens: 60 + 0 + 10 = 70. → 70 + 0 = 70"
"1.NBT.C.4","Numbers & place value","Add to 100","Add.","19 + 5 = ?","diagram","24 | 34 | 14 | 25","24","Add the ones first. If they make 10 or more, you get a new ten.","Add the ones: 9 + 5 = 14. → 14 is 1 ten and 4 ones, so make a new ten. → Add the tens: 10 + 0 + 10 = 20. → 20 + 4 = 24"
"1.NBT.C.4","Numbers & place value","Add to 100","Add.","30 + 40 = ? (Add the tens.)","diagram","80 | 69 | 70 | 71","70","Only the tens change. Count on by tens.","30 has 3 tens. 40 is 4 tens. → 3 tens + 4 tens = 7 tens. → The ones stay 0. 70 + 0 = 70."
"1.NBT.C.4","Numbers & place value","Add to 100","Add.","22 + 9 = ?","","21 | 41 | 30 | 31","31","Add the ones first. If they make 10 or more, you get a new ten.","Add the ones: 2 + 9 = 11. → 11 is 1 ten and 1 ones, so make a new ten. → Add the tens: 20 + 0 + 10 = 30. → 30 + 1 = 31"
"1.NBT.C.4","Numbers & place value","Add to 100","Add.","16 + 70 = ? (Add the tens.)","diagram","96 | 86 | 85 | 87","86","Only the tens change. Count on by tens.","16 has 1 tens. 70 is 7 tens. → 1 tens + 7 tens = 8 tens. → The ones stay 6. 80 + 6 = 86."
"1.NBT.C.4","Numbers & place value","Add to 100","Add.","74 + 8 = ?","","83 | 72 | 82 | 92","82","Add the ones first. If they make 10 or more, you get a new ten.","Add the ones: 4 + 8 = 12. → 12 is 1 ten and 2 ones, so make a new ten. → Add the tens: 70 + 0 + 10 = 80. → 80 + 2 = 82"
"1.NBT.C.4","Numbers & place value","Add to 100","Add.","12 + 6 = ?","","17 | 28 | 8 | 18","18","Add the ones to the ones, and the tens to the tens.","Add the ones: 2 + 6 = 8. → Add the tens: 10 + 0 = 10. → 10 + 8 = 18"
"1.NBT.C.4","Numbers & place value","Add to 100","Add.","10 + 90 = ? (Add the tens.)","diagram","96 | 100 | 95 | 99","100","Only the tens change. Count on by tens.","10 has 1 tens. 90 is 9 tens. → 1 tens + 9 tens = 10 tens. → The ones stay 0. 100 + 0 = 100."
"1.NBT.C.4","Numbers & place value","Add to 100","Add.","43 + 10 = ? (Add the tens.)","diagram","53 | 52 | 63 | 54","53","Only the tens change. Count on by tens.","43 has 4 tens. 10 is 1 tens. → 4 tens + 1 tens = 5 tens. → The ones stay 3. 50 + 3 = 53."
"1.NBT.C.4","Numbers & place value","Add to 100","Add.","64 + 14 = ? (Add tens and tens, ones and ones.)","","79 | 77 | 68 | 78","78","Add the ones to the ones, and the tens to the tens.","Add the ones: 4 + 4 = 8. → Add the tens: 60 + 10 = 70. → 70 + 8 = 78"
"1.NBT.C.4","Numbers & place value","Add to 100","Add.","48 + 13 = ? (Add tens and tens, ones and ones.)","diagram","51 | 60 | 62 | 61","61","Add the ones first. If they make 10 or more, you get a new ten.","Add the ones: 8 + 3 = 11. → 11 is 1 ten and 1 ones, so make a new ten. → Add the tens: 40 + 10 + 10 = 60. → 60 + 1 = 61"
"1.NBT.C.4","Numbers & place value","Add to 100","Add.","39 + 10 = ? (Add the tens.)","diagram","48 | 39 | 59 | 49","49","Only the tens change. Count on by tens.","39 has 3 tens. 10 is 1 tens. → 3 tens + 1 tens = 4 tens. → The ones stay 9. 40 + 9 = 49."
"1.NBT.C.5","Numbers & place value","10 more, 10 less","What is 10 less than 11?","10 less than 11 = ?","","21 | 1 | 11 | 2","1","Only the tens digit changes. The ones stay the same.","11 has 1 tens and 1 ones. → 10 less means one less ten: 1 − 1 = 0 tens. → The ones stay 1. The answer is 1."
"1.NBT.C.5","Numbers & place value","10 more, 10 less","What is 10 less than 68?","10 less than 68 = ?","","59 | 68 | 78 | 58","58","Only the tens digit changes. The ones stay the same.","68 has 6 tens and 8 ones. → 10 less means one less ten: 6 − 1 = 5 tens. → The ones stay 8. The answer is 58."
"1.NBT.C.5","Numbers & place value","10 more, 10 less","What is 10 more than 21?","10 more than 21 = ?","","11 | 21 | 31 | 32","31","Only the tens digit changes. The ones stay the same.","21 has 2 tens and 1 ones. → 10 more means one more ten: 2 + 1 = 3 tens. → The ones stay 1. The answer is 31."
"1.NBT.C.5","Numbers & place value","10 more, 10 less","What is 10 less than 77?","10 less than 77 = ?","","68 | 77 | 87 | 67","67","Only the tens digit changes. The ones stay the same.","77 has 7 tens and 7 ones. → 10 less means one less ten: 7 − 1 = 6 tens. → The ones stay 7. The answer is 67."
"1.NBT.C.5","Numbers & place value","10 more, 10 less","What is 10 more than 16?","10 more than 16 = ?","","6 | 27 | 26 | 16","26","Only the tens digit changes. The ones stay the same.","16 has 1 tens and 6 ones. → 10 more means one more ten: 1 + 1 = 2 tens. → The ones stay 6. The answer is 26."
"1.NBT.C.5","Numbers & place value","10 more, 10 less","What is 10 less than 10?","10 less than 10 = ?","","10 | 20 | 0 | 1","0","Only the tens digit changes. The ones stay the same.","10 has 1 tens and 0 ones. → 10 less means one less ten: 1 − 1 = 0 tens. → The ones stay 0. The answer is 0."
"1.NBT.C.5","Numbers & place value","10 more, 10 less","What is 10 more than 36?","10 more than 36 = ?","","26 | 36 | 47 | 46","46","Only the tens digit changes. The ones stay the same.","36 has 3 tens and 6 ones. → 10 more means one more ten: 3 + 1 = 4 tens. → The ones stay 6. The answer is 46."
"1.NBT.C.5","Numbers & place value","10 more, 10 less","What is 10 less than 57?","10 less than 57 = ?","","67 | 48 | 47 | 57","47","Only the tens digit changes. The ones stay the same.","57 has 5 tens and 7 ones. → 10 less means one less ten: 5 − 1 = 4 tens. → The ones stay 7. The answer is 47."
"1.NBT.C.5","Numbers & place value","10 more, 10 less","What is 10 more than 91?","10 more than 91 = ?","","101 | 91 | 102 | 81","101","Only the tens digit changes. The ones stay the same.","91 has 9 tens and 1 ones. → 10 more means one more ten: 9 + 1 = 10 tens. → The ones stay 1. The answer is 101."
"1.NBT.C.5","Numbers & place value","10 more, 10 less","What is 10 less than 85?","10 less than 85 = ?","","95 | 85 | 76 | 75","75","Only the tens digit changes. The ones stay the same.","85 has 8 tens and 5 ones. → 10 less means one less ten: 8 − 1 = 7 tens. → The ones stay 5. The answer is 75."
"1.NBT.C.5","Numbers & place value","10 more, 10 less","What is 10 less than 67?","10 less than 67 = ?","","57 | 77 | 58 | 67","57","Only the tens digit changes. The ones stay the same.","67 has 6 tens and 7 ones. → 10 less means one less ten: 6 − 1 = 5 tens. → The ones stay 7. The answer is 57."
"1.NBT.C.5","Numbers & place value","10 more, 10 less","What is 10 less than 73?","10 less than 73 = ?","","73 | 63 | 83 | 64","63","Only the tens digit changes. The ones stay the same.","73 has 7 tens and 3 ones. → 10 less means one less ten: 7 − 1 = 6 tens. → The ones stay 3. The answer is 63."
"1.NBT.C.5","Numbers & place value","10 more, 10 less","What is 10 more than 13?","10 more than 13 = ?","","24 | 23 | 3 | 13","23","Only the tens digit changes. The ones stay the same.","13 has 1 tens and 3 ones. → 10 more means one more ten: 1 + 1 = 2 tens. → The ones stay 3. The answer is 23."
"1.NBT.C.5","Numbers & place value","10 more, 10 less","What is 10 more than 28?","10 more than 28 = ?","","38 | 39 | 28 | 18","38","Only the tens digit changes. The ones stay the same.","28 has 2 tens and 8 ones. → 10 more means one more ten: 2 + 1 = 3 tens. → The ones stay 8. The answer is 38."
"1.NBT.C.5","Numbers & place value","10 more, 10 less","What is 10 less than 13?","10 less than 13 = ?","","4 | 23 | 13 | 3","3","Only the tens digit changes. The ones stay the same.","13 has 1 tens and 3 ones. → 10 less means one less ten: 1 − 1 = 0 tens. → The ones stay 3. The answer is 3."
"1.NBT.C.5","Numbers & place value","10 more, 10 less","What is 10 less than 81?","10 less than 81 = ?","","81 | 71 | 72 | 91","71","Only the tens digit changes. The ones stay the same.","81 has 8 tens and 1 ones. → 10 less means one less ten: 8 − 1 = 7 tens. → The ones stay 1. The answer is 71."
"1.NBT.C.5","Numbers & place value","10 more, 10 less","What is 10 more than 21?","10 more than 21 = ?","","32 | 21 | 11 | 31","31","Only the tens digit changes. The ones stay the same.","21 has 2 tens and 1 ones. → 10 more means one more ten: 2 + 1 = 3 tens. → The ones stay 1. The answer is 31."
"1.NBT.C.5","Numbers & place value","10 more, 10 less","What is 10 less than 78?","10 less than 78 = ?","","78 | 88 | 69 | 68","68","Only the tens digit changes. The ones stay the same.","78 has 7 tens and 8 ones. → 10 less means one less ten: 7 − 1 = 6 tens. → The ones stay 8. The answer is 68."
"1.NBT.C.5","Numbers & place value","10 more, 10 less","What is 10 more than 75?","10 more than 75 = ?","","85 | 86 | 75 | 65","85","Only the tens digit changes. The ones stay the same.","75 has 7 tens and 5 ones. → 10 more means one more ten: 7 + 1 = 8 tens. → The ones stay 5. The answer is 85."
"1.NBT.C.5","Numbers & place value","10 more, 10 less","What is 10 less than 99?","10 less than 99 = ?","","99 | 90 | 109 | 89","89","Only the tens digit changes. The ones stay the same.","99 has 9 tens and 9 ones. → 10 less means one less ten: 9 − 1 = 8 tens. → The ones stay 9. The answer is 89."
"1.NBT.C.5","Numbers & place value","10 more, 10 less","What is 10 less than 35?","10 less than 35 = ?","","45 | 26 | 35 | 25","25","Only the tens digit changes. The ones stay the same.","35 has 3 tens and 5 ones. → 10 less means one less ten: 3 − 1 = 2 tens. → The ones stay 5. The answer is 25."
"1.NBT.C.5","Numbers & place value","10 more, 10 less","What is 10 more than 18?","10 more than 18 = ?","","29 | 18 | 8 | 28","28","Only the tens digit changes. The ones stay the same.","18 has 1 tens and 8 ones. → 10 more means one more ten: 1 + 1 = 2 tens. → The ones stay 8. The answer is 28."
"1.NBT.C.5","Numbers & place value","10 more, 10 less","What is 10 more than 20?","10 more than 20 = ?","","20 | 30 | 10 | 31","30","Only the tens digit changes. The ones stay the same.","20 has 2 tens and 0 ones. → 10 more means one more ten: 2 + 1 = 3 tens. → The ones stay 0. The answer is 30."
"1.NBT.C.5","Numbers & place value","10 more, 10 less","What is 10 less than 25?","10 less than 25 = ?","","15 | 16 | 35 | 25","15","Only the tens digit changes. The ones stay the same.","25 has 2 tens and 5 ones. → 10 less means one less ten: 2 − 1 = 1 tens. → The ones stay 5. The answer is 15."
"1.NBT.C.5","Numbers & place value","10 more, 10 less","What is 10 more than 75?","10 more than 75 = ?","","75 | 86 | 65 | 85","85","Only the tens digit changes. The ones stay the same.","75 has 7 tens and 5 ones. → 10 more means one more ten: 7 + 1 = 8 tens. → The ones stay 5. The answer is 85."
"1.NBT.C.5","Numbers & place value","10 more, 10 less","What is 10 more than 58?","10 more than 58 = ?","","69 | 58 | 68 | 48","68","Only the tens digit changes. The ones stay the same.","58 has 5 tens and 8 ones. → 10 more means one more ten: 5 + 1 = 6 tens. → The ones stay 8. The answer is 68."
"1.NBT.C.5","Numbers & place value","10 more, 10 less","What is 10 more than 77?","10 more than 77 = ?","","88 | 77 | 87 | 67","87","Only the tens digit changes. The ones stay the same.","77 has 7 tens and 7 ones. → 10 more means one more ten: 7 + 1 = 8 tens. → The ones stay 7. The answer is 87."
"1.NBT.C.5","Numbers & place value","10 more, 10 less","What is 10 less than 44?","10 less than 44 = ?","","34 | 35 | 54 | 44","34","Only the tens digit changes. The ones stay the same.","44 has 4 tens and 4 ones. → 10 less means one less ten: 4 − 1 = 3 tens. → The ones stay 4. The answer is 34."
"1.NBT.C.5","Numbers & place value","10 more, 10 less","What is 10 less than 80?","10 less than 80 = ?","","71 | 70 | 80 | 90","70","Only the tens digit changes. The ones stay the same.","80 has 8 tens and 0 ones. → 10 less means one less ten: 8 − 1 = 7 tens. → The ones stay 0. The answer is 70."
"1.NBT.C.5","Numbers & place value","10 more, 10 less","What is 10 more than 19?","10 more than 19 = ?","","30 | 29 | 19 | 9","29","Only the tens digit changes. The ones stay the same.","19 has 1 tens and 9 ones. → 10 more means one more ten: 1 + 1 = 2 tens. → The ones stay 9. The answer is 29."
"1.NBT.C.5","Numbers & place value","10 more, 10 less","What is 10 less than 77?","10 less than 77 = ?","","77 | 67 | 87 | 68","67","Only the tens digit changes. The ones stay the same.","77 has 7 tens and 7 ones. → 10 less means one less ten: 7 − 1 = 6 tens. → The ones stay 7. The answer is 67."
"1.NBT.C.5","Numbers & place value","10 more, 10 less","What is 10 more than 42?","10 more than 42 = ?","","52 | 42 | 32 | 53","52","Only the tens digit changes. The ones stay the same.","42 has 4 tens and 2 ones. → 10 more means one more ten: 4 + 1 = 5 tens. → The ones stay 2. The answer is 52."
"1.NBT.C.5","Numbers & place value","10 more, 10 less","What is 10 less than 47?","10 less than 47 = ?","","57 | 38 | 47 | 37","37","Only the tens digit changes. The ones stay the same.","47 has 4 tens and 7 ones. → 10 less means one less ten: 4 − 1 = 3 tens. → The ones stay 7. The answer is 37."
"1.NBT.C.5","Numbers & place value","10 more, 10 less","What is 10 more than 11?","10 more than 11 = ?","","1 | 21 | 22 | 11","21","Only the tens digit changes. The ones stay the same.","11 has 1 tens and 1 ones. → 10 more means one more ten: 1 + 1 = 2 tens. → The ones stay 1. The answer is 21."
"1.NBT.C.5","Numbers & place value","10 more, 10 less","What is 10 less than 42?","10 less than 42 = ?","","42 | 32 | 52 | 33","32","Only the tens digit changes. The ones stay the same.","42 has 4 tens and 2 ones. → 10 less means one less ten: 4 − 1 = 3 tens. → The ones stay 2. The answer is 32."
"1.NBT.C.5","Numbers & place value","10 more, 10 less","What is 10 less than 59?","10 less than 59 = ?","","69 | 50 | 49 | 59","49","Only the tens digit changes. The ones stay the same.","59 has 5 tens and 9 ones. → 10 less means one less ten: 5 − 1 = 4 tens. → The ones stay 9. The answer is 49."
"1.NBT.C.5","Numbers & place value","10 more, 10 less","What is 10 less than 27?","10 less than 27 = ?","","27 | 17 | 37 | 18","17","Only the tens digit changes. The ones stay the same.","27 has 2 tens and 7 ones. → 10 less means one less ten: 2 − 1 = 1 tens. → The ones stay 7. The answer is 17."
"1.NBT.C.5","Numbers & place value","10 more, 10 less","What is 10 less than 30?","10 less than 30 = ?","","30 | 40 | 21 | 20","20","Only the tens digit changes. The ones stay the same.","30 has 3 tens and 0 ones. → 10 less means one less ten: 3 − 1 = 2 tens. → The ones stay 0. The answer is 20."
"1.NBT.C.5","Numbers & place value","10 more, 10 less","What is 10 more than 94?","10 more than 94 = ?","","104 | 94 | 105 | 84","104","Only the tens digit changes. The ones stay the same.","94 has 9 tens and 4 ones. → 10 more means one more ten: 9 + 1 = 10 tens. → The ones stay 4. The answer is 104."
"1.NBT.C.5","Numbers & place value","10 more, 10 less","What is 10 less than 52?","10 less than 52 = ?","","52 | 42 | 62 | 43","42","Only the tens digit changes. The ones stay the same.","52 has 5 tens and 2 ones. → 10 less means one less ten: 5 − 1 = 4 tens. → The ones stay 2. The answer is 42."
"1.NBT.C.5","Numbers & place value","10 more, 10 less","What is 10 more than 22?","10 more than 22 = ?","","22 | 12 | 33 | 32","32","Only the tens digit changes. The ones stay the same.","22 has 2 tens and 2 ones. → 10 more means one more ten: 2 + 1 = 3 tens. → The ones stay 2. The answer is 32."
"1.NBT.C.5","Numbers & place value","10 more, 10 less","What is 10 more than 71?","10 more than 71 = ?","","71 | 82 | 81 | 61","81","Only the tens digit changes. The ones stay the same.","71 has 7 tens and 1 ones. → 10 more means one more ten: 7 + 1 = 8 tens. → The ones stay 1. The answer is 81."
"1.NBT.C.5","Numbers & place value","10 more, 10 less","What is 10 more than 14?","10 more than 14 = ?","","14 | 24 | 25 | 4","24","Only the tens digit changes. The ones stay the same.","14 has 1 tens and 4 ones. → 10 more means one more ten: 1 + 1 = 2 tens. → The ones stay 4. The answer is 24."
"1.NBT.C.5","Numbers & place value","10 more, 10 less","What is 10 more than 69?","10 more than 69 = ?","","69 | 59 | 80 | 79","79","Only the tens digit changes. The ones stay the same.","69 has 6 tens and 9 ones. → 10 more means one more ten: 6 + 1 = 7 tens. → The ones stay 9. The answer is 79."
"1.NBT.C.5","Numbers & place value","10 more, 10 less","What is 10 more than 23?","10 more than 23 = ?","","23 | 33 | 13 | 34","33","Only the tens digit changes. The ones stay the same.","23 has 2 tens and 3 ones. → 10 more means one more ten: 2 + 1 = 3 tens. → The ones stay 3. The answer is 33."
"1.NBT.C.5","Numbers & place value","10 more, 10 less","What is 10 more than 50?","10 more than 50 = ?","","50 | 61 | 60 | 40","60","Only the tens digit changes. The ones stay the same.","50 has 5 tens and 0 ones. → 10 more means one more ten: 5 + 1 = 6 tens. → The ones stay 0. The answer is 60."
"1.NBT.C.5","Numbers & place value","10 more, 10 less","What is 10 less than 34?","10 less than 34 = ?","","25 | 34 | 44 | 24","24","Only the tens digit changes. The ones stay the same.","34 has 3 tens and 4 ones. → 10 less means one less ten: 3 − 1 = 2 tens. → The ones stay 4. The answer is 24."
"1.NBT.C.5","Numbers & place value","10 more, 10 less","What is 10 more than 14?","10 more than 14 = ?","","14 | 24 | 4 | 25","24","Only the tens digit changes. The ones stay the same.","14 has 1 tens and 4 ones. → 10 more means one more ten: 1 + 1 = 2 tens. → The ones stay 4. The answer is 24."
"1.NBT.C.5","Numbers & place value","10 more, 10 less","What is 10 more than 20?","10 more than 20 = ?","","10 | 30 | 31 | 20","30","Only the tens digit changes. The ones stay the same.","20 has 2 tens and 0 ones. → 10 more means one more ten: 2 + 1 = 3 tens. → The ones stay 0. The answer is 30."
"1.NBT.C.5","Numbers & place value","10 more, 10 less","What is 10 less than 16?","10 less than 16 = ?","","7 | 6 | 26 | 16","6","Only the tens digit changes. The ones stay the same.","16 has 1 tens and 6 ones. → 10 less means one less ten: 1 − 1 = 0 tens. → The ones stay 6. The answer is 6."
"1.NBT.C.5","Numbers & place value","10 more, 10 less","What is 10 more than 75?","10 more than 75 = ?","","85 | 65 | 75 | 86","85","Only the tens digit changes. The ones stay the same.","75 has 7 tens and 5 ones. → 10 more means one more ten: 7 + 1 = 8 tens. → The ones stay 5. The answer is 85."
"1.NBT.C.5","Numbers & place value","10 more, 10 less","What is 10 less than 92?","10 less than 92 = ?","","83 | 102 | 82 | 92","82","Only the tens digit changes. The ones stay the same.","92 has 9 tens and 2 ones. → 10 less means one less ten: 9 − 1 = 8 tens. → The ones stay 2. The answer is 82."
"1.NBT.C.5","Numbers & place value","10 more, 10 less","What is 10 less than 88?","10 less than 88 = ?","","79 | 78 | 88 | 98","78","Only the tens digit changes. The ones stay the same.","88 has 8 tens and 8 ones. → 10 less means one less ten: 8 − 1 = 7 tens. → The ones stay 8. The answer is 78."
"1.NBT.C.5","Numbers & place value","10 more, 10 less","What is 10 more than 55?","10 more than 55 = ?","","66 | 55 | 45 | 65","65","Only the tens digit changes. The ones stay the same.","55 has 5 tens and 5 ones. → 10 more means one more ten: 5 + 1 = 6 tens. → The ones stay 5. The answer is 65."
"1.NBT.C.5","Numbers & place value","10 more, 10 less","What is 10 more than 87?","10 more than 87 = ?","","98 | 97 | 87 | 77","97","Only the tens digit changes. The ones stay the same.","87 has 8 tens and 7 ones. → 10 more means one more ten: 8 + 1 = 9 tens. → The ones stay 7. The answer is 97."
"1.NBT.C.5","Numbers & place value","10 more, 10 less","What is 10 more than 76?","10 more than 76 = ?","","86 | 87 | 76 | 66","86","Only the tens digit changes. The ones stay the same.","76 has 7 tens and 6 ones. → 10 more means one more ten: 7 + 1 = 8 tens. → The ones stay 6. The answer is 86."
"1.NBT.C.5","Numbers & place value","10 more, 10 less","What is 10 less than 97?","10 less than 97 = ?","","97 | 87 | 88 | 107","87","Only the tens digit changes. The ones stay the same.","97 has 9 tens and 7 ones. → 10 less means one less ten: 9 − 1 = 8 tens. → The ones stay 7. The answer is 87."
"1.NBT.C.5","Numbers & place value","10 more, 10 less","What is 10 less than 40?","10 less than 40 = ?","","40 | 50 | 30 | 31","30","Only the tens digit changes. The ones stay the same.","40 has 4 tens and 0 ones. → 10 less means one less ten: 4 − 1 = 3 tens. → The ones stay 0. The answer is 30."
"1.NBT.C.5","Numbers & place value","10 more, 10 less","What is 10 more than 58?","10 more than 58 = ?","","48 | 58 | 68 | 69","68","Only the tens digit changes. The ones stay the same.","58 has 5 tens and 8 ones. → 10 more means one more ten: 5 + 1 = 6 tens. → The ones stay 8. The answer is 68."
"1.NBT.C.5","Numbers & place value","10 more, 10 less","What is 10 less than 38?","10 less than 38 = ?","","29 | 48 | 38 | 28","28","Only the tens digit changes. The ones stay the same.","38 has 3 tens and 8 ones. → 10 less means one less ten: 3 − 1 = 2 tens. → The ones stay 8. The answer is 28."
"1.NBT.C.5","Numbers & place value","10 more, 10 less","What is 10 less than 18?","10 less than 18 = ?","","18 | 28 | 9 | 8","8","Only the tens digit changes. The ones stay the same.","18 has 1 tens and 8 ones. → 10 less means one less ten: 1 − 1 = 0 tens. → The ones stay 8. The answer is 8."
"1.NBT.C.5","Numbers & place value","10 more, 10 less","What is 10 less than 22?","10 less than 22 = ?","","32 | 22 | 13 | 12","12","Only the tens digit changes. The ones stay the same.","22 has 2 tens and 2 ones. → 10 less means one less ten: 2 − 1 = 1 tens. → The ones stay 2. The answer is 12."
"1.NBT.C.5","Numbers & place value","10 more, 10 less","What is 10 more than 89?","10 more than 89 = ?","","99 | 79 | 100 | 89","99","Only the tens digit changes. The ones stay the same.","89 has 8 tens and 9 ones. → 10 more means one more ten: 8 + 1 = 9 tens. → The ones stay 9. The answer is 99."
"1.NBT.C.5","Numbers & place value","10 more, 10 less","What is 10 less than 57?","10 less than 57 = ?","","47 | 48 | 67 | 57","47","Only the tens digit changes. The ones stay the same.","57 has 5 tens and 7 ones. → 10 less means one less ten: 5 − 1 = 4 tens. → The ones stay 7. The answer is 47."
"1.NBT.C.5","Numbers & place value","10 more, 10 less","What is 10 more than 14?","10 more than 14 = ?","","25 | 4 | 14 | 24","24","Only the tens digit changes. The ones stay the same.","14 has 1 tens and 4 ones. → 10 more means one more ten: 1 + 1 = 2 tens. → The ones stay 4. The answer is 24."
"1.NBT.C.5","Numbers & place value","10 more, 10 less","What is 10 more than 76?","10 more than 76 = ?","","76 | 87 | 66 | 86","86","Only the tens digit changes. The ones stay the same.","76 has 7 tens and 6 ones. → 10 more means one more ten: 7 + 1 = 8 tens. → The ones stay 6. The answer is 86."
"1.NBT.C.5","Numbers & place value","10 more, 10 less","What is 10 more than 17?","10 more than 17 = ?","","28 | 17 | 27 | 7","27","Only the tens digit changes. The ones stay the same.","17 has 1 tens and 7 ones. → 10 more means one more ten: 1 + 1 = 2 tens. → The ones stay 7. The answer is 27."
"1.NBT.C.5","Numbers & place value","10 more, 10 less","What is 10 less than 90?","10 less than 90 = ?","","100 | 90 | 81 | 80","80","Only the tens digit changes. The ones stay the same.","90 has 9 tens and 0 ones. → 10 less means one less ten: 9 − 1 = 8 tens. → The ones stay 0. The answer is 80."
"1.NBT.C.5","Numbers & place value","10 more, 10 less","What is 10 less than 19?","10 less than 19 = ?","","19 | 9 | 29 | 10","9","Only the tens digit changes. The ones stay the same.","19 has 1 tens and 9 ones. → 10 less means one less ten: 1 − 1 = 0 tens. → The ones stay 9. The answer is 9."
"1.NBT.C.5","Numbers & place value","10 more, 10 less","What is 10 more than 45?","10 more than 45 = ?","","56 | 55 | 45 | 35","55","Only the tens digit changes. The ones stay the same.","45 has 4 tens and 5 ones. → 10 more means one more ten: 4 + 1 = 5 tens. → The ones stay 5. The answer is 55."
"1.NBT.C.5","Numbers & place value","10 more, 10 less","What is 10 less than 19?","10 less than 19 = ?","","10 | 19 | 29 | 9","9","Only the tens digit changes. The ones stay the same.","19 has 1 tens and 9 ones. → 10 less means one less ten: 1 − 1 = 0 tens. → The ones stay 9. The answer is 9."
"1.NBT.C.5","Numbers & place value","10 more, 10 less","What is 10 more than 12?","10 more than 12 = ?","","22 | 23 | 12 | 2","22","Only the tens digit changes. The ones stay the same.","12 has 1 tens and 2 ones. → 10 more means one more ten: 1 + 1 = 2 tens. → The ones stay 2. The answer is 22."
"1.NBT.C.5","Numbers & place value","10 more, 10 less","What is 10 less than 23?","10 less than 23 = ?","","13 | 23 | 14 | 33","13","Only the tens digit changes. The ones stay the same.","23 has 2 tens and 3 ones. → 10 less means one less ten: 2 − 1 = 1 tens. → The ones stay 3. The answer is 13."
"1.NBT.C.5","Numbers & place value","10 more, 10 less","What is 10 more than 87?","10 more than 87 = ?","","98 | 77 | 97 | 87","97","Only the tens digit changes. The ones stay the same.","87 has 8 tens and 7 ones. → 10 more means one more ten: 8 + 1 = 9 tens. → The ones stay 7. The answer is 97."
"1.NBT.C.5","Numbers & place value","10 more, 10 less","What is 10 more than 16?","10 more than 16 = ?","","26 | 16 | 27 | 6","26","Only the tens digit changes. The ones stay the same.","16 has 1 tens and 6 ones. → 10 more means one more ten: 1 + 1 = 2 tens. → The ones stay 6. The answer is 26."
"1.NBT.C.5","Numbers & place value","10 more, 10 less","What is 10 less than 80?","10 less than 80 = ?","","80 | 70 | 71 | 90","70","Only the tens digit changes. The ones stay the same.","80 has 8 tens and 0 ones. → 10 less means one less ten: 8 − 1 = 7 tens. → The ones stay 0. The answer is 70."
"1.NBT.C.5","Numbers & place value","10 more, 10 less","What is 10 less than 57?","10 less than 57 = ?","","47 | 57 | 67 | 48","47","Only the tens digit changes. The ones stay the same.","57 has 5 tens and 7 ones. → 10 less means one less ten: 5 − 1 = 4 tens. → The ones stay 7. The answer is 47."
"1.NBT.C.5","Numbers & place value","10 more, 10 less","What is 10 less than 91?","10 less than 91 = ?","","82 | 81 | 101 | 91","81","Only the tens digit changes. The ones stay the same.","91 has 9 tens and 1 ones. → 10 less means one less ten: 9 − 1 = 8 tens. → The ones stay 1. The answer is 81."
"1.NBT.C.5","Numbers & place value","10 more, 10 less","What is 10 less than 95?","10 less than 95 = ?","","95 | 105 | 85 | 86","85","Only the tens digit changes. The ones stay the same.","95 has 9 tens and 5 ones. → 10 less means one less ten: 9 − 1 = 8 tens. → The ones stay 5. The answer is 85."
"1.NBT.C.5","Numbers & place value","10 more, 10 less","What is 10 less than 62?","10 less than 62 = ?","","53 | 72 | 52 | 62","52","Only the tens digit changes. The ones stay the same.","62 has 6 tens and 2 ones. → 10 less means one less ten: 6 − 1 = 5 tens. → The ones stay 2. The answer is 52."
"1.NBT.C.5","Numbers & place value","10 more, 10 less","What is 10 less than 79?","10 less than 79 = ?","","89 | 69 | 79 | 70","69","Only the tens digit changes. The ones stay the same.","79 has 7 tens and 9 ones. → 10 less means one less ten: 7 − 1 = 6 tens. → The ones stay 9. The answer is 69."
"1.NBT.C.5","Numbers & place value","10 more, 10 less","What is 10 more than 96?","10 more than 96 = ?","","107 | 96 | 106 | 86","106","Only the tens digit changes. The ones stay the same.","96 has 9 tens and 6 ones. → 10 more means one more ten: 9 + 1 = 10 tens. → The ones stay 6. The answer is 106."
"1.NBT.C.5","Numbers & place value","10 more, 10 less","What is 10 more than 90?","10 more than 90 = ?","","80 | 90 | 101 | 100","100","Only the tens digit changes. The ones stay the same.","90 has 9 tens and 0 ones. → 10 more means one more ten: 9 + 1 = 10 tens. → The ones stay 0. The answer is 100."
"1.NBT.C.5","Numbers & place value","10 more, 10 less","What is 10 more than 75?","10 more than 75 = ?","","85 | 86 | 65 | 75","85","Only the tens digit changes. The ones stay the same.","75 has 7 tens and 5 ones. → 10 more means one more ten: 7 + 1 = 8 tens. → The ones stay 5. The answer is 85."
"1.NBT.C.5","Numbers & place value","10 more, 10 less","What is 10 less than 84?","10 less than 84 = ?","","74 | 75 | 94 | 84","74","Only the tens digit changes. The ones stay the same.","84 has 8 tens and 4 ones. → 10 less means one less ten: 8 − 1 = 7 tens. → The ones stay 4. The answer is 74."
"1.NBT.C.5","Numbers & place value","10 more, 10 less","What is 10 less than 78?","10 less than 78 = ?","","68 | 88 | 78 | 69","68","Only the tens digit changes. The ones stay the same.","78 has 7 tens and 8 ones. → 10 less means one less ten: 7 − 1 = 6 tens. → The ones stay 8. The answer is 68."
"1.NBT.C.5","Numbers & place value","10 more, 10 less","What is 10 less than 38?","10 less than 38 = ?","","38 | 48 | 29 | 28","28","Only the tens digit changes. The ones stay the same.","38 has 3 tens and 8 ones. → 10 less means one less ten: 3 − 1 = 2 tens. → The ones stay 8. The answer is 28."
"1.NBT.C.5","Numbers & place value","10 more, 10 less","What is 10 less than 88?","10 less than 88 = ?","","98 | 78 | 88 | 79","78","Only the tens digit changes. The ones stay the same.","88 has 8 tens and 8 ones. → 10 less means one less ten: 8 − 1 = 7 tens. → The ones stay 8. The answer is 78."
"1.NBT.C.5","Numbers & place value","10 more, 10 less","What is 10 less than 21?","10 less than 21 = ?","","21 | 31 | 11 | 12","11","Only the tens digit changes. The ones stay the same.","21 has 2 tens and 1 ones. → 10 less means one less ten: 2 − 1 = 1 tens. → The ones stay 1. The answer is 11."
"1.NBT.C.5","Numbers & place value","10 more, 10 less","What is 10 less than 45?","10 less than 45 = ?","","35 | 55 | 45 | 36","35","Only the tens digit changes. The ones stay the same.","45 has 4 tens and 5 ones. → 10 less means one less ten: 4 − 1 = 3 tens. → The ones stay 5. The answer is 35."
"1.NBT.C.5","Numbers & place value","10 more, 10 less","What is 10 more than 92?","10 more than 92 = ?","","92 | 102 | 103 | 82","102","Only the tens digit changes. The ones stay the same.","92 has 9 tens and 2 ones. → 10 more means one more ten: 9 + 1 = 10 tens. → The ones stay 2. The answer is 102."
"1.NBT.C.5","Numbers & place value","10 more, 10 less","What is 10 more than 92?","10 more than 92 = ?","","102 | 92 | 103 | 82","102","Only the tens digit changes. The ones stay the same.","92 has 9 tens and 2 ones. → 10 more means one more ten: 9 + 1 = 10 tens. → The ones stay 2. The answer is 102."
"1.NBT.C.5","Numbers & place value","10 more, 10 less","What is 10 less than 69?","10 less than 69 = ?","","59 | 69 | 60 | 79","59","Only the tens digit changes. The ones stay the same.","69 has 6 tens and 9 ones. → 10 less means one less ten: 6 − 1 = 5 tens. → The ones stay 9. The answer is 59."
"1.NBT.C.5","Numbers & place value","10 more, 10 less","What is 10 less than 30?","10 less than 30 = ?","","40 | 30 | 21 | 20","20","Only the tens digit changes. The ones stay the same.","30 has 3 tens and 0 ones. → 10 less means one less ten: 3 − 1 = 2 tens. → The ones stay 0. The answer is 20."
"1.NBT.C.5","Numbers & place value","10 more, 10 less","What is 10 less than 38?","10 less than 38 = ?","","48 | 29 | 38 | 28","28","Only the tens digit changes. The ones stay the same.","38 has 3 tens and 8 ones. → 10 less means one less ten: 3 − 1 = 2 tens. → The ones stay 8. The answer is 28."
"1.NBT.C.5","Numbers & place value","10 more, 10 less","What is 10 more than 34?","10 more than 34 = ?","","44 | 24 | 34 | 45","44","Only the tens digit changes. The ones stay the same.","34 has 3 tens and 4 ones. → 10 more means one more ten: 3 + 1 = 4 tens. → The ones stay 4. The answer is 44."
"1.NBT.C.5","Numbers & place value","10 more, 10 less","What is 10 more than 18?","10 more than 18 = ?","","18 | 8 | 28 | 29","28","Only the tens digit changes. The ones stay the same.","18 has 1 tens and 8 ones. → 10 more means one more ten: 1 + 1 = 2 tens. → The ones stay 8. The answer is 28."
"1.NBT.C.5","Numbers & place value","10 more, 10 less","What is 10 less than 16?","10 less than 16 = ?","","16 | 7 | 6 | 26","6","Only the tens digit changes. The ones stay the same.","16 has 1 tens and 6 ones. → 10 less means one less ten: 1 − 1 = 0 tens. → The ones stay 6. The answer is 6."
"1.NBT.C.5","Numbers & place value","10 more, 10 less","What is 10 less than 43?","10 less than 43 = ?","","43 | 33 | 34 | 53","33","Only the tens digit changes. The ones stay the same.","43 has 4 tens and 3 ones. → 10 less means one less ten: 4 − 1 = 3 tens. → The ones stay 3. The answer is 33."
"1.NBT.C.5","Numbers & place value","10 more, 10 less","What is 10 more than 23?","10 more than 23 = ?","","34 | 33 | 23 | 13","33","Only the tens digit changes. The ones stay the same.","23 has 2 tens and 3 ones. → 10 more means one more ten: 2 + 1 = 3 tens. → The ones stay 3. The answer is 33."
"1.NBT.C.6","Numbers & place value","Take away tens","Subtract the tens.","90 − 80 = ? (9 tens take away 8 tens.)","","0 | 10 | 1 | 20","10","Think in tens: 9 tens take away 8 tens.","90 is 9 tens. 80 is 8 tens. → 9 − 8 = 1 tens. → 1 tens = 10."
"1.NBT.C.6","Numbers & place value","Take away tens","Subtract the tens.","50 − 40 = ? (5 tens take away 4 tens.)","","10 | 0 | 90 | 20","10","Think in tens: 5 tens take away 4 tens.","50 is 5 tens. 40 is 4 tens. → 5 − 4 = 1 tens. → 1 tens = 10."
"1.NBT.C.6","Numbers & place value","Take away tens","Subtract the tens.","60 − 20 = ? (6 tens take away 2 tens.)","","4 | 60 | 50 | 40","40","Think in tens: 6 tens take away 2 tens.","60 is 6 tens. 20 is 2 tens. → 6 − 2 = 4 tens. → 4 tens = 40."
"1.NBT.C.6","Numbers & place value","Take away tens","Subtract the tens.","70 − 30 = ? (7 tens take away 3 tens.)","","50 | 40 | 60 | 4","40","Think in tens: 7 tens take away 3 tens.","70 is 7 tens. 30 is 3 tens. → 7 − 3 = 4 tens. → 4 tens = 40."
"1.NBT.C.6","Numbers & place value","Take away tens","Subtract the tens.","70 − 60 = ? (7 tens take away 6 tens.)","","30 | 0 | 20 | 10","10","Think in tens: 7 tens take away 6 tens.","70 is 7 tens. 60 is 6 tens. → 7 − 6 = 1 tens. → 1 tens = 10."
"1.NBT.C.6","Numbers & place value","Take away tens","Subtract the tens.","50 − 10 = ? (5 tens take away 1 tens.)","","30 | 60 | 50 | 40","40","Think in tens: 5 tens take away 1 tens.","50 is 5 tens. 10 is 1 tens. → 5 − 1 = 4 tens. → 4 tens = 40."
"1.NBT.C.6","Numbers & place value","Take away tens","Subtract the tens.","80 − 40 = ? (8 tens take away 4 tens.)","","50 | 60 | 40 | 4","40","Think in tens: 8 tens take away 4 tens.","80 is 8 tens. 40 is 4 tens. → 8 − 4 = 4 tens. → 4 tens = 40."
"1.NBT.C.6","Numbers & place value","Take away tens","Subtract the tens.","80 − 20 = ? (8 tens take away 2 tens.)","","60 | 50 | 6 | 80","60","Think in tens: 8 tens take away 2 tens.","80 is 8 tens. 20 is 2 tens. → 8 − 2 = 6 tens. → 6 tens = 60."
"1.NBT.C.6","Numbers & place value","Take away tens","Subtract the tens.","40 − 20 = ? (4 tens take away 2 tens.)","","60 | 20 | 2 | 30","20","Think in tens: 4 tens take away 2 tens.","40 is 4 tens. 20 is 2 tens. → 4 − 2 = 2 tens. → 2 tens = 20."
"1.NBT.C.6","Numbers & place value","Take away tens","Subtract the tens.","30 − 10 = ? (3 tens take away 1 tens.)","","20 | 30 | 40 | 2","20","Think in tens: 3 tens take away 1 tens.","30 is 3 tens. 10 is 1 tens. → 3 − 1 = 2 tens. → 2 tens = 20."
"1.NBT.C.6","Numbers & place value","Take away tens","Subtract the tens.","30 − 20 = ? (3 tens take away 2 tens.)","","0 | 1 | 10 | 50","10","Think in tens: 3 tens take away 2 tens.","30 is 3 tens. 20 is 2 tens. → 3 − 2 = 1 tens. → 1 tens = 10."
"1.NBT.C.6","Numbers & place value","Take away tens","Subtract the tens.","60 − 20 = ? (6 tens take away 2 tens.)","","40 | 4 | 50 | 30","40","Think in tens: 6 tens take away 2 tens.","60 is 6 tens. 20 is 2 tens. → 6 − 2 = 4 tens. → 4 tens = 40."
"1.NBT.C.6","Numbers & place value","Take away tens","Subtract the tens.","70 − 10 = ? (7 tens take away 1 tens.)","","70 | 80 | 50 | 60","60","Think in tens: 7 tens take away 1 tens.","70 is 7 tens. 10 is 1 tens. → 7 − 1 = 6 tens. → 6 tens = 60."
"1.NBT.C.6","Numbers & place value","Take away tens","Subtract the tens.","90 − 50 = ? (9 tens take away 5 tens.)","","50 | 60 | 4 | 40","40","Think in tens: 9 tens take away 5 tens.","90 is 9 tens. 50 is 5 tens. → 9 − 5 = 4 tens. → 4 tens = 40."
"1.NBT.C.6","Numbers & place value","Take away tens","Subtract the tens.","20 − 20 = ? (2 tens take away 2 tens.)","","10 | 40 | 20 | 0","0","Think in tens: 2 tens take away 2 tens.","20 is 2 tens. 20 is 2 tens. → 2 − 2 = 0 tens. → 0 tens = 0."
"1.NBT.C.6","Numbers & place value","Take away tens","Subtract the tens.","20 − 10 = ? (2 tens take away 1 tens.)","","30 | 1 | 0 | 10","10","Think in tens: 2 tens take away 1 tens.","20 is 2 tens. 10 is 1 tens. → 2 − 1 = 1 tens. → 1 tens = 10."
"1.NBT.C.6","Numbers & place value","Take away tens","Subtract the tens.","60 − 10 = ? (6 tens take away 1 tens.)","","50 | 5 | 70 | 60","50","Think in tens: 6 tens take away 1 tens.","60 is 6 tens. 10 is 1 tens. → 6 − 1 = 5 tens. → 5 tens = 50."
"1.NBT.C.6","Numbers & place value","Take away tens","Subtract the tens.","20 − 10 = ? (2 tens take away 1 tens.)","","30 | 10 | 0 | 20","10","Think in tens: 2 tens take away 1 tens.","20 is 2 tens. 10 is 1 tens. → 2 − 1 = 1 tens. → 1 tens = 10."
"1.NBT.C.6","Numbers & place value","Take away tens","Subtract the tens.","90 − 70 = ? (9 tens take away 7 tens.)","","20 | 30 | 10 | 2","20","Think in tens: 9 tens take away 7 tens.","90 is 9 tens. 70 is 7 tens. → 9 − 7 = 2 tens. → 2 tens = 20."
"1.NBT.C.6","Numbers & place value","Take away tens","Subtract the tens.","20 − 20 = ? (2 tens take away 2 tens.)","","10 | 20 | 40 | 0","0","Think in tens: 2 tens take away 2 tens.","20 is 2 tens. 20 is 2 tens. → 2 − 2 = 0 tens. → 0 tens = 0."
"1.NBT.C.6","Numbers & place value","Take away tens","Subtract the tens.","60 − 40 = ? (6 tens take away 4 tens.)","","10 | 30 | 100 | 20","20","Think in tens: 6 tens take away 4 tens.","60 is 6 tens. 40 is 4 tens. → 6 − 4 = 2 tens. → 2 tens = 20."
"1.NBT.C.6","Numbers & place value","Take away tens","Subtract the tens.","30 − 30 = ? (3 tens take away 3 tens.)","","60 | 20 | 0 | 10","0","Think in tens: 3 tens take away 3 tens.","30 is 3 tens. 30 is 3 tens. → 3 − 3 = 0 tens. → 0 tens = 0."
"1.NBT.C.6","Numbers & place value","Take away tens","Subtract the tens.","40 − 10 = ? (4 tens take away 1 tens.)","","30 | 20 | 3 | 50","30","Think in tens: 4 tens take away 1 tens.","40 is 4 tens. 10 is 1 tens. → 4 − 1 = 3 tens. → 3 tens = 30."
"1.NBT.C.6","Numbers & place value","Take away tens","Subtract the tens.","20 − 10 = ? (2 tens take away 1 tens.)","","20 | 10 | 1 | 30","10","Think in tens: 2 tens take away 1 tens.","20 is 2 tens. 10 is 1 tens. → 2 − 1 = 1 tens. → 1 tens = 10."
"1.NBT.C.6","Numbers & place value","Take away tens","Subtract the tens.","90 − 20 = ? (9 tens take away 2 tens.)","","90 | 80 | 7 | 70","70","Think in tens: 9 tens take away 2 tens.","90 is 9 tens. 20 is 2 tens. → 9 − 2 = 7 tens. → 7 tens = 70."
"1.NBT.C.6","Numbers & place value","Take away tens","Subtract the tens.","60 − 30 = ? (6 tens take away 3 tens.)","","50 | 3 | 30 | 40","30","Think in tens: 6 tens take away 3 tens.","60 is 6 tens. 30 is 3 tens. → 6 − 3 = 3 tens. → 3 tens = 30."
"1.NBT.C.6","Numbers & place value","Take away tens","Subtract the tens.","90 − 90 = ? (9 tens take away 9 tens.)","","20 | 0 | 3 | 10","0","Think in tens: 9 tens take away 9 tens.","90 is 9 tens. 90 is 9 tens. → 9 − 9 = 0 tens. → 0 tens = 0."
"1.NBT.C.6","Numbers & place value","Take away tens","Subtract the tens.","80 − 80 = ? (8 tens take away 8 tens.)","","0 | 9 | 20 | 10","0","Think in tens: 8 tens take away 8 tens.","80 is 8 tens. 80 is 8 tens. → 8 − 8 = 0 tens. → 0 tens = 0."
"1.NBT.C.6","Numbers & place value","Take away tens","Subtract the tens.","60 − 10 = ? (6 tens take away 1 tens.)","","5 | 60 | 50 | 70","50","Think in tens: 6 tens take away 1 tens.","60 is 6 tens. 10 is 1 tens. → 6 − 1 = 5 tens. → 5 tens = 50."
"1.NBT.C.6","Numbers & place value","Take away tens","Subtract the tens.","70 − 30 = ? (7 tens take away 3 tens.)","","50 | 60 | 40 | 4","40","Think in tens: 7 tens take away 3 tens.","70 is 7 tens. 30 is 3 tens. → 7 − 3 = 4 tens. → 4 tens = 40."
"1.NBT.C.6","Numbers & place value","Take away tens","Subtract the tens.","90 − 80 = ? (9 tens take away 8 tens.)","","10 | 20 | 30 | 1","10","Think in tens: 9 tens take away 8 tens.","90 is 9 tens. 80 is 8 tens. → 9 − 8 = 1 tens. → 1 tens = 10."
"1.NBT.C.6","Numbers & place value","Take away tens","Subtract the tens.","50 − 10 = ? (5 tens take away 1 tens.)","","4 | 50 | 40 | 60","40","Think in tens: 5 tens take away 1 tens.","50 is 5 tens. 10 is 1 tens. → 5 − 1 = 4 tens. → 4 tens = 40."
"1.NBT.C.6","Numbers & place value","Take away tens","Subtract the tens.","90 − 20 = ? (9 tens take away 2 tens.)","","7 | 70 | 60 | 90","70","Think in tens: 9 tens take away 2 tens.","90 is 9 tens. 20 is 2 tens. → 9 − 2 = 7 tens. → 7 tens = 70."
"1.NBT.C.6","Numbers & place value","Take away tens","Subtract the tens.","50 − 10 = ? (5 tens take away 1 tens.)","","30 | 40 | 60 | 4","40","Think in tens: 5 tens take away 1 tens.","50 is 5 tens. 10 is 1 tens. → 5 − 1 = 4 tens. → 4 tens = 40."
"1.NBT.C.6","Numbers & place value","Take away tens","Subtract the tens.","30 − 20 = ? (3 tens take away 2 tens.)","","50 | 20 | 1 | 10","10","Think in tens: 3 tens take away 2 tens.","30 is 3 tens. 20 is 2 tens. → 3 − 2 = 1 tens. → 1 tens = 10."
"1.NBT.C.6","Numbers & place value","Take away tens","Subtract the tens.","50 − 40 = ? (5 tens take away 4 tens.)","","10 | 1 | 30 | 20","10","Think in tens: 5 tens take away 4 tens.","50 is 5 tens. 40 is 4 tens. → 5 − 4 = 1 tens. → 1 tens = 10."
"1.NBT.C.6","Numbers & place value","Take away tens","Subtract the tens.","60 − 30 = ? (6 tens take away 3 tens.)","","30 | 40 | 50 | 20","30","Think in tens: 6 tens take away 3 tens.","60 is 6 tens. 30 is 3 tens. → 6 − 3 = 3 tens. → 3 tens = 30."
"1.NBT.C.6","Numbers & place value","Take away tens","Subtract the tens.","80 − 70 = ? (8 tens take away 7 tens.)","","10 | 30 | 0 | 1","10","Think in tens: 8 tens take away 7 tens.","80 is 8 tens. 70 is 7 tens. → 8 − 7 = 1 tens. → 1 tens = 10."
"1.NBT.C.6","Numbers & place value","Take away tens","Subtract the tens.","90 − 50 = ? (9 tens take away 5 tens.)","","4 | 40 | 30 | 60","40","Think in tens: 9 tens take away 5 tens.","90 is 9 tens. 50 is 5 tens. → 9 − 5 = 4 tens. → 4 tens = 40."
"1.NBT.C.6","Numbers & place value","Take away tens","Subtract the tens.","80 − 10 = ? (8 tens take away 1 tens.)","","7 | 70 | 60 | 90","70","Think in tens: 8 tens take away 1 tens.","80 is 8 tens. 10 is 1 tens. → 8 − 1 = 7 tens. → 7 tens = 70."
"1.NBT.C.6","Numbers & place value","Take away tens","Subtract the tens.","40 − 10 = ? (4 tens take away 1 tens.)","","3 | 30 | 50 | 40","30","Think in tens: 4 tens take away 1 tens.","40 is 4 tens. 10 is 1 tens. → 4 − 1 = 3 tens. → 3 tens = 30."
"1.NBT.C.6","Numbers & place value","Take away tens","Subtract the tens.","30 − 30 = ? (3 tens take away 3 tens.)","","0 | 60 | 20 | 10","0","Think in tens: 3 tens take away 3 tens.","30 is 3 tens. 30 is 3 tens. → 3 − 3 = 0 tens. → 0 tens = 0."
"1.NBT.C.6","Numbers & place value","Take away tens","Subtract the tens.","90 − 90 = ? (9 tens take away 9 tens.)","","20 | 10 | 4 | 0","0","Think in tens: 9 tens take away 9 tens.","90 is 9 tens. 90 is 9 tens. → 9 − 9 = 0 tens. → 0 tens = 0."
"1.NBT.C.6","Numbers & place value","Take away tens","Subtract the tens.","60 − 10 = ? (6 tens take away 1 tens.)","","50 | 60 | 70 | 5","50","Think in tens: 6 tens take away 1 tens.","60 is 6 tens. 10 is 1 tens. → 6 − 1 = 5 tens. → 5 tens = 50."
"1.NBT.C.6","Numbers & place value","Take away tens","Subtract the tens.","70 − 50 = ? (7 tens take away 5 tens.)","","30 | 10 | 2 | 20","20","Think in tens: 7 tens take away 5 tens.","70 is 7 tens. 50 is 5 tens. → 7 − 5 = 2 tens. → 2 tens = 20."
"1.NBT.C.6","Numbers & place value","Take away tens","Subtract the tens.","50 − 20 = ? (5 tens take away 2 tens.)","","70 | 40 | 3 | 30","30","Think in tens: 5 tens take away 2 tens.","50 is 5 tens. 20 is 2 tens. → 5 − 2 = 3 tens. → 3 tens = 30."
"1.NBT.C.6","Numbers & place value","Take away tens","Subtract the tens.","60 − 60 = ? (6 tens take away 6 tens.)","","1 | 10 | 20 | 0","0","Think in tens: 6 tens take away 6 tens.","60 is 6 tens. 60 is 6 tens. → 6 − 6 = 0 tens. → 0 tens = 0."
"1.NBT.C.6","Numbers & place value","Take away tens","Subtract the tens.","40 − 20 = ? (4 tens take away 2 tens.)","","30 | 20 | 40 | 60","20","Think in tens: 4 tens take away 2 tens.","40 is 4 tens. 20 is 2 tens. → 4 − 2 = 2 tens. → 2 tens = 20."
"1.NBT.C.6","Numbers & place value","Take away tens","Subtract the tens.","40 − 40 = ? (4 tens take away 4 tens.)","","20 | 10 | 80 | 0","0","Think in tens: 4 tens take away 4 tens.","40 is 4 tens. 40 is 4 tens. → 4 − 4 = 0 tens. → 0 tens = 0."
"1.NBT.C.6","Numbers & place value","Take away tens","Subtract the tens.","50 − 20 = ? (5 tens take away 2 tens.)","","3 | 50 | 30 | 70","30","Think in tens: 5 tens take away 2 tens.","50 is 5 tens. 20 is 2 tens. → 5 − 2 = 3 tens. → 3 tens = 30."
"1.NBT.C.6","Numbers & place value","Take away tens","Subtract the tens.","70 − 30 = ? (7 tens take away 3 tens.)","","4 | 40 | 100 | 30","40","Think in tens: 7 tens take away 3 tens.","70 is 7 tens. 30 is 3 tens. → 7 − 3 = 4 tens. → 4 tens = 40."
"1.NBT.C.6","Numbers & place value","Take away tens","Subtract the tens.","60 − 20 = ? (6 tens take away 2 tens.)","","50 | 80 | 60 | 40","40","Think in tens: 6 tens take away 2 tens.","60 is 6 tens. 20 is 2 tens. → 6 − 2 = 4 tens. → 4 tens = 40."
"1.NBT.C.6","Numbers & place value","Take away tens","Subtract the tens.","50 − 40 = ? (5 tens take away 4 tens.)","","30 | 90 | 0 | 10","10","Think in tens: 5 tens take away 4 tens.","50 is 5 tens. 40 is 4 tens. → 5 − 4 = 1 tens. → 1 tens = 10."
"1.NBT.C.6","Numbers & place value","Take away tens","Subtract the tens.","50 − 20 = ? (5 tens take away 2 tens.)","","20 | 70 | 30 | 50","30","Think in tens: 5 tens take away 2 tens.","50 is 5 tens. 20 is 2 tens. → 5 − 2 = 3 tens. → 3 tens = 30."
"1.NBT.C.6","Numbers & place value","Take away tens","Subtract the tens.","50 − 10 = ? (5 tens take away 1 tens.)","","50 | 60 | 40 | 30","40","Think in tens: 5 tens take away 1 tens.","50 is 5 tens. 10 is 1 tens. → 5 − 1 = 4 tens. → 4 tens = 40."
"1.NBT.C.6","Numbers & place value","Take away tens","Subtract the tens.","50 − 40 = ? (5 tens take away 4 tens.)","","0 | 10 | 30 | 90","10","Think in tens: 5 tens take away 4 tens.","50 is 5 tens. 40 is 4 tens. → 5 − 4 = 1 tens. → 1 tens = 10."
"1.NBT.C.6","Numbers & place value","Take away tens","Subtract the tens.","80 − 70 = ? (8 tens take away 7 tens.)","","0 | 20 | 10 | 30","10","Think in tens: 8 tens take away 7 tens.","80 is 8 tens. 70 is 7 tens. → 8 − 7 = 1 tens. → 1 tens = 10."
"1.NBT.C.6","Numbers & place value","Take away tens","Subtract the tens.","60 − 50 = ? (6 tens take away 5 tens.)","","20 | 10 | 30 | 0","10","Think in tens: 6 tens take away 5 tens.","60 is 6 tens. 50 is 5 tens. → 6 − 5 = 1 tens. → 1 tens = 10."
"1.NBT.C.6","Numbers & place value","Take away tens","Subtract the tens.","50 − 50 = ? (5 tens take away 5 tens.)","","100 | 20 | 0 | 10","0","Think in tens: 5 tens take away 5 tens.","50 is 5 tens. 50 is 5 tens. → 5 − 5 = 0 tens. → 0 tens = 0."
"1.NBT.C.6","Numbers & place value","Take away tens","Subtract the tens.","30 − 20 = ? (3 tens take away 2 tens.)","","50 | 1 | 30 | 10","10","Think in tens: 3 tens take away 2 tens.","30 is 3 tens. 20 is 2 tens. → 3 − 2 = 1 tens. → 1 tens = 10."
"1.NBT.C.6","Numbers & place value","Take away tens","Subtract the tens.","30 − 30 = ? (3 tens take away 3 tens.)","","10 | 60 | 0 | 20","0","Think in tens: 3 tens take away 3 tens.","30 is 3 tens. 30 is 3 tens. → 3 − 3 = 0 tens. → 0 tens = 0."
"1.NBT.C.6","Numbers & place value","Take away tens","Subtract the tens.","20 − 10 = ? (2 tens take away 1 tens.)","","30 | 1 | 20 | 10","10","Think in tens: 2 tens take away 1 tens.","20 is 2 tens. 10 is 1 tens. → 2 − 1 = 1 tens. → 1 tens = 10."
"1.NBT.C.6","Numbers & place value","Take away tens","Subtract the tens.","30 − 10 = ? (3 tens take away 1 tens.)","","40 | 10 | 30 | 20","20","Think in tens: 3 tens take away 1 tens.","30 is 3 tens. 10 is 1 tens. → 3 − 1 = 2 tens. → 2 tens = 20."
"1.NBT.C.6","Numbers & place value","Take away tens","Subtract the tens.","70 − 50 = ? (7 tens take away 5 tens.)","","30 | 2 | 20 | 10","20","Think in tens: 7 tens take away 5 tens.","70 is 7 tens. 50 is 5 tens. → 7 − 5 = 2 tens. → 2 tens = 20."
"1.NBT.C.6","Numbers & place value","Take away tens","Subtract the tens.","90 − 70 = ? (9 tens take away 7 tens.)","","20 | 2 | 40 | 30","20","Think in tens: 9 tens take away 7 tens.","90 is 9 tens. 70 is 7 tens. → 9 − 7 = 2 tens. → 2 tens = 20."
"1.NBT.C.6","Numbers & place value","Take away tens","Subtract the tens.","60 − 30 = ? (6 tens take away 3 tens.)","","30 | 90 | 40 | 3","30","Think in tens: 6 tens take away 3 tens.","60 is 6 tens. 30 is 3 tens. → 6 − 3 = 3 tens. → 3 tens = 30."
"1.NBT.C.6","Numbers & place value","Take away tens","Subtract the tens.","60 − 30 = ? (6 tens take away 3 tens.)","","30 | 50 | 40 | 3","30","Think in tens: 6 tens take away 3 tens.","60 is 6 tens. 30 is 3 tens. → 6 − 3 = 3 tens. → 3 tens = 30."
"1.NBT.C.6","Numbers & place value","Take away tens","Subtract the tens.","20 − 20 = ? (2 tens take away 2 tens.)","","40 | 0 | 10 | 20","0","Think in tens: 2 tens take away 2 tens.","20 is 2 tens. 20 is 2 tens. → 2 − 2 = 0 tens. → 0 tens = 0."
"1.NBT.C.6","Numbers & place value","Take away tens","Subtract the tens.","40 − 40 = ? (4 tens take away 4 tens.)","","20 | 0 | 10 | 80","0","Think in tens: 4 tens take away 4 tens.","40 is 4 tens. 40 is 4 tens. → 4 − 4 = 0 tens. → 0 tens = 0."
"1.NBT.C.6","Numbers & place value","Take away tens","Subtract the tens.","20 − 20 = ? (2 tens take away 2 tens.)","","40 | 20 | 0 | 10","0","Think in tens: 2 tens take away 2 tens.","20 is 2 tens. 20 is 2 tens. → 2 − 2 = 0 tens. → 0 tens = 0."
"1.NBT.C.6","Numbers & place value","Take away tens","Subtract the tens.","60 − 10 = ? (6 tens take away 1 tens.)","","60 | 5 | 40 | 50","50","Think in tens: 6 tens take away 1 tens.","60 is 6 tens. 10 is 1 tens. → 6 − 1 = 5 tens. → 5 tens = 50."
"1.NBT.C.6","Numbers & place value","Take away tens","Subtract the tens.","80 − 50 = ? (8 tens take away 5 tens.)","","50 | 30 | 20 | 3","30","Think in tens: 8 tens take away 5 tens.","80 is 8 tens. 50 is 5 tens. → 8 − 5 = 3 tens. → 3 tens = 30."
"1.NBT.C.6","Numbers & place value","Take away tens","Subtract the tens.","80 − 10 = ? (8 tens take away 1 tens.)","","80 | 7 | 70 | 60","70","Think in tens: 8 tens take away 1 tens.","80 is 8 tens. 10 is 1 tens. → 8 − 1 = 7 tens. → 7 tens = 70."
"1.NBT.C.6","Numbers & place value","Take away tens","Subtract the tens.","70 − 10 = ? (7 tens take away 1 tens.)","","60 | 6 | 50 | 80","60","Think in tens: 7 tens take away 1 tens.","70 is 7 tens. 10 is 1 tens. → 7 − 1 = 6 tens. → 6 tens = 60."
"1.NBT.C.6","Numbers & place value","Take away tens","Subtract the tens.","90 − 90 = ? (9 tens take away 9 tens.)","","2 | 20 | 0 | 10","0","Think in tens: 9 tens take away 9 tens.","90 is 9 tens. 90 is 9 tens. → 9 − 9 = 0 tens. → 0 tens = 0."
"1.NBT.C.6","Numbers & place value","Take away tens","Subtract the tens.","40 − 30 = ? (4 tens take away 3 tens.)","","0 | 30 | 10 | 20","10","Think in tens: 4 tens take away 3 tens.","40 is 4 tens. 30 is 3 tens. → 4 − 3 = 1 tens. → 1 tens = 10."
"1.NBT.C.6","Numbers & place value","Take away tens","Subtract the tens.","20 − 20 = ? (2 tens take away 2 tens.)","","20 | 40 | 10 | 0","0","Think in tens: 2 tens take away 2 tens.","20 is 2 tens. 20 is 2 tens. → 2 − 2 = 0 tens. → 0 tens = 0."
"1.NBT.C.6","Numbers & place value","Take away tens","Subtract the tens.","40 − 10 = ? (4 tens take away 1 tens.)","","50 | 20 | 3 | 30","30","Think in tens: 4 tens take away 1 tens.","40 is 4 tens. 10 is 1 tens. → 4 − 1 = 3 tens. → 3 tens = 30."
"1.NBT.C.6","Numbers & place value","Take away tens","Subtract the tens.","50 − 40 = ? (5 tens take away 4 tens.)","","90 | 10 | 1 | 0","10","Think in tens: 5 tens take away 4 tens.","50 is 5 tens. 40 is 4 tens. → 5 − 4 = 1 tens. → 1 tens = 10."
"1.NBT.C.6","Numbers & place value","Take away tens","Subtract the tens.","80 − 10 = ? (8 tens take away 1 tens.)","","90 | 7 | 60 | 70","70","Think in tens: 8 tens take away 1 tens.","80 is 8 tens. 10 is 1 tens. → 8 − 1 = 7 tens. → 7 tens = 70."
"1.NBT.C.6","Numbers & place value","Take away tens","Subtract the tens.","80 − 70 = ? (8 tens take away 7 tens.)","","20 | 10 | 0 | 30","10","Think in tens: 8 tens take away 7 tens.","80 is 8 tens. 70 is 7 tens. → 8 − 7 = 1 tens. → 1 tens = 10."
"1.NBT.C.6","Numbers & place value","Take away tens","Subtract the tens.","30 − 30 = ? (3 tens take away 3 tens.)","","20 | 60 | 10 | 0","0","Think in tens: 3 tens take away 3 tens.","30 is 3 tens. 30 is 3 tens. → 3 − 3 = 0 tens. → 0 tens = 0."
"1.NBT.C.6","Numbers & place value","Take away tens","Subtract the tens.","20 − 20 = ? (2 tens take away 2 tens.)","","20 | 10 | 40 | 0","0","Think in tens: 2 tens take away 2 tens.","20 is 2 tens. 20 is 2 tens. → 2 − 2 = 0 tens. → 0 tens = 0."
"1.NBT.C.6","Numbers & place value","Take away tens","Subtract the tens.","60 − 20 = ? (6 tens take away 2 tens.)","","50 | 60 | 80 | 40","40","Think in tens: 6 tens take away 2 tens.","60 is 6 tens. 20 is 2 tens. → 6 − 2 = 4 tens. → 4 tens = 40."
"1.NBT.C.6","Numbers & place value","Take away tens","Subtract the tens.","40 − 10 = ? (4 tens take away 1 tens.)","","3 | 50 | 40 | 30","30","Think in tens: 4 tens take away 1 tens.","40 is 4 tens. 10 is 1 tens. → 4 − 1 = 3 tens. → 3 tens = 30."
"1.NBT.C.6","Numbers & place value","Take away tens","Subtract the tens.","80 − 20 = ? (8 tens take away 2 tens.)","","80 | 60 | 6 | 50","60","Think in tens: 8 tens take away 2 tens.","80 is 8 tens. 20 is 2 tens. → 8 − 2 = 6 tens. → 6 tens = 60."
"1.NBT.C.6","Numbers & place value","Take away tens","Subtract the tens.","80 − 30 = ? (8 tens take away 3 tens.)","","5 | 70 | 40 | 50","50","Think in tens: 8 tens take away 3 tens.","80 is 8 tens. 30 is 3 tens. → 8 − 3 = 5 tens. → 5 tens = 50."
"1.NBT.C.6","Numbers & place value","Take away tens","Subtract the tens.","50 − 30 = ? (5 tens take away 3 tens.)","","40 | 20 | 30 | 10","20","Think in tens: 5 tens take away 3 tens.","50 is 5 tens. 30 is 3 tens. → 5 − 3 = 2 tens. → 2 tens = 20."
"1.NBT.C.6","Numbers & place value","Take away tens","Subtract the tens.","30 − 10 = ? (3 tens take away 1 tens.)","","40 | 2 | 30 | 20","20","Think in tens: 3 tens take away 1 tens.","30 is 3 tens. 10 is 1 tens. → 3 − 1 = 2 tens. → 2 tens = 20."
"1.NBT.C.6","Numbers & place value","Take away tens","Subtract the tens.","50 − 50 = ? (5 tens take away 5 tens.)","","10 | 100 | 0 | 20","0","Think in tens: 5 tens take away 5 tens.","50 is 5 tens. 50 is 5 tens. → 5 − 5 = 0 tens. → 0 tens = 0."
"1.NBT.C.6","Numbers & place value","Take away tens","Subtract the tens.","80 − 10 = ? (8 tens take away 1 tens.)","","90 | 70 | 80 | 7","70","Think in tens: 8 tens take away 1 tens.","80 is 8 tens. 10 is 1 tens. → 8 − 1 = 7 tens. → 7 tens = 70."
"1.NBT.C.6","Numbers & place value","Take away tens","Subtract the tens.","90 − 80 = ? (9 tens take away 8 tens.)","","1 | 10 | 0 | 30","10","Think in tens: 9 tens take away 8 tens.","90 is 9 tens. 80 is 8 tens. → 9 − 8 = 1 tens. → 1 tens = 10."
"1.NBT.C.6","Numbers & place value","Take away tens","Subtract the tens.","80 − 10 = ? (8 tens take away 1 tens.)","","7 | 80 | 70 | 90","70","Think in tens: 8 tens take away 1 tens.","80 is 8 tens. 10 is 1 tens. → 8 − 1 = 7 tens. → 7 tens = 70."
"1.NBT.C.6","Numbers & place value","Take away tens","Subtract the tens.","60 − 30 = ? (6 tens take away 3 tens.)","","30 | 90 | 20 | 3","30","Think in tens: 6 tens take away 3 tens.","60 is 6 tens. 30 is 3 tens. → 6 − 3 = 3 tens. → 3 tens = 30."
"1.NBT.C.6","Numbers & place value","Take away tens","Subtract the tens.","70 − 40 = ? (7 tens take away 4 tens.)","","20 | 3 | 30 | 40","30","Think in tens: 7 tens take away 4 tens.","70 is 7 tens. 40 is 4 tens. → 7 − 4 = 3 tens. → 3 tens = 30."
"1.NBT.C.6","Numbers & place value","Take away tens","Subtract the tens.","90 − 50 = ? (9 tens take away 5 tens.)","","60 | 50 | 40 | 30","40","Think in tens: 9 tens take away 5 tens.","90 is 9 tens. 50 is 5 tens. → 9 − 5 = 4 tens. → 4 tens = 40."
"1.NBT.C.6","Numbers & place value","Take away tens","Subtract the tens.","90 − 40 = ? (9 tens take away 4 tens.)","","40 | 60 | 70 | 50","50","Think in tens: 9 tens take away 4 tens.","90 is 9 tens. 40 is 4 tens. → 9 − 4 = 5 tens. → 5 tens = 50."
"1.NBT.C.6","Numbers & place value","Take away tens","Subtract the tens.","30 − 30 = ? (3 tens take away 3 tens.)","","10 | 20 | 60 | 0","0","Think in tens: 3 tens take away 3 tens.","30 is 3 tens. 30 is 3 tens. → 3 − 3 = 0 tens. → 0 tens = 0."
"1.NBT.C.6","Numbers & place value","Take away tens","Subtract the tens.","20 − 10 = ? (2 tens take away 1 tens.)","","10 | 0 | 20 | 30","10","Think in tens: 2 tens take away 1 tens.","20 is 2 tens. 10 is 1 tens. → 2 − 1 = 1 tens. → 1 tens = 10."
"1.NBT.C.6","Numbers & place value","Take away tens","Subtract the tens.","80 − 20 = ? (8 tens take away 2 tens.)","","50 | 100 | 70 | 60","60","Think in tens: 8 tens take away 2 tens.","80 is 8 tens. 20 is 2 tens. → 8 − 2 = 6 tens. → 6 tens = 60."
"1.MD.A.1","Measuring, time & data","Longer or shorter?","Put the strings in order from shortest to longest.","","diagram","Orange, Blue, Green | Blue, Green, Orange | Blue, Orange, Green | Green, Blue, Orange","Orange, Blue, Green","Find the shortest first, then the next shortest.","Orange string is 4 units, Blue string is 6 units, Green string is 7 units. → Shortest first: Orange string (4). → Then Blue string (6), then Green string (7). → Order: Orange, Blue, Green."
"1.MD.A.1","Measuring, time & data","Longer or shorter?","Which scarf is shorter?","","diagram","[picture] | [picture]","[picture 1]","Both start at the same place. Which one sticks out further?","Purple scarf is 3 units. Red scarf is 5 units. → The shorter one is the Purple scarf."
"1.MD.A.1","Measuring, time & data","Longer or shorter?","Which snake is the shortest?","","diagram","[picture] | [picture] | [picture]","[picture 2]","All the bars start at the same place. Look at where they end.","The bars all start on the same line, so compare the ends. → Green snake is 3 units, Orange snake is 10 units, Red snake is 5 units. → The shortest is the Green snake."
"1.MD.A.1","Measuring, time & data","Longer or shorter?","Which train is the longest?","","diagram","[picture] | [picture] | [picture]","[picture 1]","All the bars start at the same place. Look at where they end.","The bars all start on the same line, so compare the ends. → Blue train is 9 units, Orange train is 4 units, Purple train is 6 units. → The longest is the Blue train."
"1.MD.A.1","Measuring, time & data","Longer or shorter?","Which ribbon is longer?","","diagram","[picture] | [picture]","[picture 2]","Both start at the same place. Which one sticks out further?","Yellow ribbon is 3 units. Purple ribbon is 9 units. → The longer one is the Purple ribbon."
"1.MD.A.1","Measuring, time & data","Longer or shorter?","Which stick is the longest?","","diagram","[picture] | [picture] | [picture]","[picture 2]","All the bars start at the same place. Look at where they end.","The bars all start on the same line, so compare the ends. → Green stick is 8 units, Orange stick is 2 units, Blue stick is 6 units. → The longest is the Green stick."
"1.MD.A.1","Measuring, time & data","Longer or shorter?","Put the ropes in order from shortest to longest.","","diagram","Purple, Blue, Red | Blue, Purple, Red | Blue, Red, Purple | Purple, Red, Blue","Blue, Red, Purple","Find the shortest first, then the next shortest.","Blue rope is 4 units, Red rope is 5 units, Purple rope is 10 units. → Shortest first: Blue rope (4). → Then Red rope (5), then Purple rope (10). → Order: Blue, Red, Purple."
"1.MD.A.1","Measuring, time & data","Longer or shorter?","The purple scarf is shorter than the crayon. The crayon is shorter than the yellow scarf. Which scarf is shorter?","","","[picture] | [picture]","[picture 2]","Use the crayon as a helper to compare the two scarfs.","Purple scarf is shorter than the crayon. → The crayon is shorter than the yellow scarf. → So the purple scarf is shorter than the yellow scarf too — the crayon sits in between."
"1.MD.A.1","Measuring, time & data","Longer or shorter?","Put the strings in order from shortest to longest.","","diagram","Green, Red, Yellow | Red, Yellow, Green | Red, Green, Yellow | Yellow, Green, Red","Green, Red, Yellow","Find the shortest first, then the next shortest.","Yellow string is 7 units, Green string is 3 units, Red string is 6 units. → Shortest first: Green string (3). → Then Red string (6), then Yellow string (7). → Order: Green, Red, Yellow."
"1.MD.A.1","Measuring, time & data","Longer or shorter?","The blue scarf is longer than the spoon. The spoon is longer than the red scarf. Which scarf is longer?","","","[picture] | [picture]","[picture 1]","Use the spoon as a helper to compare the two scarfs.","Blue scarf is longer than the spoon. → The spoon is longer than the red scarf. → So the blue scarf is longer than the red scarf too — the spoon sits in between."
"1.MD.A.1","Measuring, time & data","Longer or shorter?","The green snake is shorter than the pencil. The pencil is shorter than the yellow snake. Which snake is shorter?","","","[picture] | [picture]","[picture 1]","Use the pencil as a helper to compare the two snakes.","Green snake is shorter than the pencil. → The pencil is shorter than the yellow snake. → So the green snake is shorter than the yellow snake too — the pencil sits in between."
"1.MD.A.1","Measuring, time & data","Longer or shorter?","Which train is shorter?","","diagram","[picture] | [picture]","[picture 1]","Both start at the same place. Which one sticks out further?","Red train is 8 units. Orange train is 2 units. → The shorter one is the Orange train."
"1.MD.A.1","Measuring, time & data","Longer or shorter?","Put the trains in order from shortest to longest.","","diagram","Purple, Green, Red | Green, Purple, Red | Purple, Red, Green | Red, Purple, Green","Green, Purple, Red","Find the shortest first, then the next shortest.","Green train is 4 units, Purple train is 5 units, Red train is 8 units. → Shortest first: Green train (4). → Then Purple train (5), then Red train (8). → Order: Green, Purple, Red."
"1.MD.A.1","Measuring, time & data","Longer or shorter?","Put the trains in order from shortest to longest.","","diagram","Purple, Blue, Red | Red, Purple, Blue | Red, Blue, Purple | Purple, Red, Blue","Red, Blue, Purple","Find the shortest first, then the next shortest.","Red train is 4 units, Purple train is 8 units, Blue train is 6 units. → Shortest first: Red train (4). → Then Blue train (6), then Purple train (8). → Order: Red, Blue, Purple."
"1.MD.A.1","Measuring, time & data","Longer or shorter?","Which scarf is the longest?","","diagram","[picture] | [picture] | [picture]","[picture 1]","All the bars start at the same place. Look at where they end.","The bars all start on the same line, so compare the ends. → Red scarf is 6 units, Orange scarf is 10 units, Green scarf is 3 units. → The longest is the Orange scarf."
"1.MD.A.1","Measuring, time & data","Longer or shorter?","The orange pencil is longer than the spoon. The spoon is longer than the purple pencil. Which pencil is longer?","","","[picture] | [picture]","[picture 1]","Use the spoon as a helper to compare the two pencils.","Orange pencil is longer than the spoon. → The spoon is longer than the purple pencil. → So the orange pencil is longer than the purple pencil too — the spoon sits in between."
"1.MD.A.1","Measuring, time & data","Longer or shorter?","Which ribbon is the shortest?","","diagram","[picture] | [picture] | [picture]","[picture 1]","All the bars start at the same place. Look at where they end.","The bars all start on the same line, so compare the ends. → Yellow ribbon is 3 units, Blue ribbon is 6 units, Red ribbon is 8 units. → The shortest is the Yellow ribbon."
"1.MD.A.1","Measuring, time & data","Longer or shorter?","Which ribbon is shorter?","","diagram","[picture] | [picture]","[picture 1]","Both start at the same place. Which one sticks out further?","Blue ribbon is 7 units. Red ribbon is 8 units. → The shorter one is the Blue ribbon."
"1.MD.A.1","Measuring, time & data","Longer or shorter?","Which pencil is longer?","","diagram","[picture] | [picture]","[picture 1]","Both start at the same place. Which one sticks out further?","Orange pencil is 5 units. Yellow pencil is 7 units. → The longer one is the Yellow pencil."
"1.MD.A.1","Measuring, time & data","Longer or shorter?","Put the scarfs in order from shortest to longest.","","diagram","Red, Blue, Yellow | Red, Yellow, Blue | Blue, Yellow, Red | Blue, Red, Yellow","Red, Yellow, Blue","Find the shortest first, then the next shortest.","Blue scarf is 10 units, Yellow scarf is 6 units, Red scarf is 3 units. → Shortest first: Red scarf (3). → Then Yellow scarf (6), then Blue scarf (10). → Order: Red, Yellow, Blue."
"1.MD.A.1","Measuring, time & data","Longer or shorter?","The blue pencil is longer than the crayon. The crayon is longer than the red pencil. Which pencil is longer?","","","[picture] | [picture]","[picture 2]","Use the crayon as a helper to compare the two pencils.","Blue pencil is longer than the crayon. → The crayon is longer than the red pencil. → So the blue pencil is longer than the red pencil too — the crayon sits in between."
"1.MD.A.1","Measuring, time & data","Longer or shorter?","Which scarf is the shortest?","","diagram","[picture] | [picture] | [picture]","[picture 2]","All the bars start at the same place. Look at where they end.","The bars all start on the same line, so compare the ends. → Yellow scarf is 5 units, Purple scarf is 2 units, Blue scarf is 9 units. → The shortest is the Purple scarf."
"1.MD.A.1","Measuring, time & data","Longer or shorter?","The blue pencil is shorter than the crayon. The crayon is shorter than the green pencil. Which pencil is shorter?","","","[picture] | [picture]","[picture 1]","Use the crayon as a helper to compare the two pencils.","Blue pencil is shorter than the crayon. → The crayon is shorter than the green pencil. → So the blue pencil is shorter than the green pencil too — the crayon sits in between."
"1.MD.A.1","Measuring, time & data","Longer or shorter?","The orange string is longer than the spoon. The spoon is longer than the blue string. Which string is longer?","","","[picture] | [picture]","[picture 2]","Use the spoon as a helper to compare the two strings.","Orange string is longer than the spoon. → The spoon is longer than the blue string. → So the orange string is longer than the blue string too — the spoon sits in between."
"1.MD.A.1","Measuring, time & data","Longer or shorter?","The red rope is longer than the stick. The stick is longer than the yellow rope. Which rope is longer?","","","[picture] | [picture]","[picture 1]","Use the stick as a helper to compare the two ropes.","Red rope is longer than the stick. → The stick is longer than the yellow rope. → So the red rope is longer than the yellow rope too — the stick sits in between."
"1.MD.A.1","Measuring, time & data","Longer or shorter?","Which train is the shortest?","","diagram","[picture] | [picture] | [picture]","[picture 1]","All the bars start at the same place. Look at where they end.","The bars all start on the same line, so compare the ends. → Purple train is 2 units, Blue train is 5 units, Red train is 8 units. → The shortest is the Purple train."
"1.MD.A.1","Measuring, time & data","Longer or shorter?","Which snake is shorter?","","diagram","[picture] | [picture]","[picture 1]","Both start at the same place. Which one sticks out further?","Green snake is 9 units. Red snake is 3 units. → The shorter one is the Red snake."
"1.MD.A.1","Measuring, time & data","Longer or shorter?","The red pencil is shorter than the stick. The stick is shorter than the orange pencil. Which pencil is shorter?","","","[picture] | [picture]","[picture 2]","Use the stick as a helper to compare the two pencils.","Red pencil is shorter than the stick. → The stick is shorter than the orange pencil. → So the red pencil is shorter than the orange pencil too — the stick sits in between."
"1.MD.A.1","Measuring, time & data","Longer or shorter?","Put the strings in order from shortest to longest.","","diagram","Red, Orange, Green | Green, Orange, Red | Green, Red, Orange | Orange, Green, Red","Green, Red, Orange","Find the shortest first, then the next shortest.","Green string is 4 units, Orange string is 9 units, Red string is 6 units. → Shortest first: Green string (4). → Then Red string (6), then Orange string (9). → Order: Green, Red, Orange."
"1.MD.A.1","Measuring, time & data","Longer or shorter?","Which string is longer?","","diagram","[picture] | [picture]","[picture 2]","Both start at the same place. Which one sticks out further?","Yellow string is 9 units. Purple string is 7 units. → The longer one is the Yellow string."
"1.MD.A.1","Measuring, time & data","Longer or shorter?","Which rope is shorter?","","diagram","[picture] | [picture]","[picture 2]","Both start at the same place. Which one sticks out further?","Yellow rope is 7 units. Red rope is 4 units. → The shorter one is the Red rope."
"1.MD.A.1","Measuring, time & data","Longer or shorter?","The green scarf is shorter than the crayon. The crayon is shorter than the yellow scarf. Which scarf is shorter?","","","[picture] | [picture]","[picture 2]","Use the crayon as a helper to compare the two scarfs.","Green scarf is shorter than the crayon. → The crayon is shorter than the yellow scarf. → So the green scarf is shorter than the yellow scarf too — the crayon sits in between."
"1.MD.A.1","Measuring, time & data","Longer or shorter?","Which rope is longer?","","diagram","[picture] | [picture]","[picture 1]","Both start at the same place. Which one sticks out further?","Purple rope is 5 units. Orange rope is 9 units. → The longer one is the Orange rope."
"1.MD.A.1","Measuring, time & data","Longer or shorter?","Which train is longer?","","diagram","[picture] | [picture]","[picture 2]","Both start at the same place. Which one sticks out further?","Orange train is 7 units. Yellow train is 2 units. → The longer one is the Orange train."
"1.MD.A.1","Measuring, time & data","Longer or shorter?","The orange string is longer than the pencil. The pencil is longer than the red string. Which string is longer?","","","[picture] | [picture]","[picture 1]","Use the pencil as a helper to compare the two strings.","Orange string is longer than the pencil. → The pencil is longer than the red string. → So the orange string is longer than the red string too — the pencil sits in between."
"1.MD.A.1","Measuring, time & data","Longer or shorter?","Which pencil is shorter?","","diagram","[picture] | [picture]","[picture 2]","Both start at the same place. Which one sticks out further?","Red pencil is 3 units. Orange pencil is 5 units. → The shorter one is the Red pencil."
"1.MD.A.1","Measuring, time & data","Longer or shorter?","Which stick is longer?","","diagram","[picture] | [picture]","[picture 2]","Both start at the same place. Which one sticks out further?","Yellow stick is 2 units. Red stick is 3 units. → The longer one is the Red stick."
"1.MD.A.1","Measuring, time & data","Longer or shorter?","Which pencil is the longest?","","diagram","[picture] | [picture] | [picture]","[picture 1]","All the bars start at the same place. Look at where they end.","The bars all start on the same line, so compare the ends. → Yellow pencil is 4 units, Orange pencil is 10 units, Red pencil is 5 units. → The longest is the Orange pencil."
"1.MD.A.1","Measuring, time & data","Longer or shorter?","Put the scarfs in order from shortest to longest.","","diagram","Orange, Red, Green | Red, Green, Orange | Green, Orange, Red | Red, Orange, Green","Red, Green, Orange","Find the shortest first, then the next shortest.","Red scarf is 2 units, Orange scarf is 8 units, Green scarf is 6 units. → Shortest first: Red scarf (2). → Then Green scarf (6), then Orange scarf (8). → Order: Red, Green, Orange."
"1.MD.A.1","Measuring, time & data","Longer or shorter?","The orange train is shorter than the crayon. The crayon is shorter than the green train. Which train is shorter?","","","[picture] | [picture]","[picture 2]","Use the crayon as a helper to compare the two trains.","Orange train is shorter than the crayon. → The crayon is shorter than the green train. → So the orange train is shorter than the green train too — the crayon sits in between."
"1.MD.A.1","Measuring, time & data","Longer or shorter?","Which string is the shortest?","","diagram","[picture] | [picture] | [picture]","[picture 2]","All the bars start at the same place. Look at where they end.","The bars all start on the same line, so compare the ends. → Green string is 9 units, Orange string is 2 units, Purple string is 6 units. → The shortest is the Orange string."
"1.MD.A.1","Measuring, time & data","Longer or shorter?","Put the ribbons in order from shortest to longest.","","diagram","Red, Orange, Green | Green, Red, Orange | Green, Orange, Red | Orange, Green, Red","Green, Orange, Red","Find the shortest first, then the next shortest.","Orange ribbon is 6 units, Red ribbon is 9 units, Green ribbon is 2 units. → Shortest first: Green ribbon (2). → Then Orange ribbon (6), then Red ribbon (9). → Order: Green, Orange, Red."
"1.MD.A.1","Measuring, time & data","Longer or shorter?","Put the ribbons in order from shortest to longest.","","diagram","Orange, Blue, Green | Blue, Green, Orange | Blue, Orange, Green | Green, Blue, Orange","Blue, Green, Orange","Find the shortest first, then the next shortest.","Orange ribbon is 8 units, Green ribbon is 6 units, Blue ribbon is 3 units. → Shortest first: Blue ribbon (3). → Then Green ribbon (6), then Orange ribbon (8). → Order: Blue, Green, Orange."
"1.MD.A.1","Measuring, time & data","Longer or shorter?","The blue train is shorter than the spoon. The spoon is shorter than the yellow train. Which train is shorter?","","","[picture] | [picture]","[picture 1]","Use the spoon as a helper to compare the two trains.","Blue train is shorter than the spoon. → The spoon is shorter than the yellow train. → So the blue train is shorter than the yellow train too — the spoon sits in between."
"1.MD.A.1","Measuring, time & data","Longer or shorter?","Put the snakes in order from shortest to longest.","","diagram","Red, Blue, Green | Blue, Green, Red | Green, Blue, Red | Blue, Red, Green","Blue, Green, Red","Find the shortest first, then the next shortest.","Blue snake is 3 units, Red snake is 8 units, Green snake is 5 units. → Shortest first: Blue snake (3). → Then Green snake (5), then Red snake (8). → Order: Blue, Green, Red."
"1.MD.A.1","Measuring, time & data","Longer or shorter?","Put the ropes in order from shortest to longest.","","diagram","Blue, Purple, Green | Purple, Blue, Green | Green, Purple, Blue | Blue, Green, Purple","Blue, Green, Purple","Find the shortest first, then the next shortest.","Blue rope is 3 units, Purple rope is 10 units, Green rope is 5 units. → Shortest first: Blue rope (3). → Then Green rope (5), then Purple rope (10). → Order: Blue, Green, Purple."
"1.MD.A.1","Measuring, time & data","Longer or shorter?","The purple snake is longer than the pencil. The pencil is longer than the blue snake. Which snake is longer?","","","[picture] | [picture]","[picture 2]","Use the pencil as a helper to compare the two snakes.","Purple snake is longer than the pencil. → The pencil is longer than the blue snake. → So the purple snake is longer than the blue snake too — the pencil sits in between."
"1.MD.A.1","Measuring, time & data","Longer or shorter?","Put the pencils in order from shortest to longest.","","diagram","Purple, Blue, Yellow | Yellow, Blue, Purple | Blue, Yellow, Purple | Yellow, Purple, Blue","Blue, Yellow, Purple","Find the shortest first, then the next shortest.","Purple pencil is 10 units, Yellow pencil is 6 units, Blue pencil is 3 units. → Shortest first: Blue pencil (3). → Then Yellow pencil (6), then Purple pencil (10). → Order: Blue, Yellow, Purple."
"1.MD.A.1","Measuring, time & data","Longer or shorter?","Which string is the longest?","","diagram","[picture] | [picture] | [picture]","[picture 3]","All the bars start at the same place. Look at where they end.","The bars all start on the same line, so compare the ends. → Blue string is 5 units, Purple string is 3 units, Red string is 10 units. → The longest is the Red string."
"1.MD.A.1","Measuring, time & data","Longer or shorter?","Put the snakes in order from shortest to longest.","","diagram","Purple, Orange, Blue | Purple, Blue, Orange | Orange, Blue, Purple | Blue, Orange, Purple","Purple, Blue, Orange","Find the shortest first, then the next shortest.","Orange snake is 7 units, Purple snake is 2 units, Blue snake is 5 units. → Shortest first: Purple snake (2). → Then Blue snake (5), then Orange snake (7). → Order: Purple, Blue, Orange."
"1.MD.A.1","Measuring, time & data","Longer or shorter?","Put the sticks in order from shortest to longest.","","diagram","Purple, Red, Yellow | Yellow, Purple, Red | Yellow, Red, Purple | Red, Yellow, Purple","Yellow, Purple, Red","Find the shortest first, then the next shortest.","Yellow stick is 4 units, Red stick is 8 units, Purple stick is 5 units. → Shortest first: Yellow stick (4). → Then Purple stick (5), then Red stick (8). → Order: Yellow, Purple, Red."
"1.MD.A.1","Measuring, time & data","Longer or shorter?","Put the snakes in order from shortest to longest.","","diagram","Orange, Red, Yellow | Yellow, Red, Orange | Red, Orange, Yellow | Red, Yellow, Orange","Orange, Red, Yellow","Find the shortest first, then the next shortest.","Yellow snake is 7 units, Red snake is 6 units, Orange snake is 3 units. → Shortest first: Orange snake (3). → Then Red snake (6), then Yellow snake (7). → Order: Orange, Red, Yellow."
"1.MD.A.1","Measuring, time & data","Longer or shorter?","Put the ropes in order from shortest to longest.","","diagram","Orange, Yellow, Blue | Yellow, Blue, Orange | Yellow, Orange, Blue | Blue, Orange, Yellow","Orange, Yellow, Blue","Find the shortest first, then the next shortest.","Yellow rope is 5 units, Orange rope is 3 units, Blue rope is 8 units. → Shortest first: Orange rope (3). → Then Yellow rope (5), then Blue rope (8). → Order: Orange, Yellow, Blue."
"1.MD.A.1","Measuring, time & data","Longer or shorter?","The orange stick is shorter than the spoon. The spoon is shorter than the red stick. Which stick is shorter?","","","[picture] | [picture]","[picture 2]","Use the spoon as a helper to compare the two sticks.","Orange stick is shorter than the spoon. → The spoon is shorter than the red stick. → So the orange stick is shorter than the red stick too — the spoon sits in between."
"1.MD.A.1","Measuring, time & data","Longer or shorter?","Put the ribbons in order from shortest to longest.","","diagram","Green, Blue, Red | Red, Green, Blue | Red, Blue, Green | Green, Red, Blue","Green, Red, Blue","Find the shortest first, then the next shortest.","Red ribbon is 5 units, Blue ribbon is 8 units, Green ribbon is 4 units. → Shortest first: Green ribbon (4). → Then Red ribbon (5), then Blue ribbon (8). → Order: Green, Red, Blue."
"1.MD.A.1","Measuring, time & data","Longer or shorter?","Which snake is longer?","","diagram","[picture] | [picture]","[picture 1]","Both start at the same place. Which one sticks out further?","Orange snake is 5 units. Blue snake is 2 units. → The longer one is the Orange snake."
"1.MD.A.1","Measuring, time & data","Longer or shorter?","Which stick is the shortest?","","diagram","[picture] | [picture] | [picture]","[picture 2]","All the bars start at the same place. Look at where they end.","The bars all start on the same line, so compare the ends. → Yellow stick is 8 units, Orange stick is 4 units, Red stick is 5 units. → The shortest is the Orange stick."
"1.MD.A.1","Measuring, time & data","Longer or shorter?","Put the snakes in order from shortest to longest.","","diagram","Green, Blue, Purple | Green, Purple, Blue | Purple, Green, Blue | Purple, Blue, Green","Green, Blue, Purple","Find the shortest first, then the next shortest.","Purple snake is 9 units, Green snake is 3 units, Blue snake is 5 units. → Shortest first: Green snake (3). → Then Blue snake (5), then Purple snake (9). → Order: Green, Blue, Purple."
"1.MD.A.1","Measuring, time & data","Longer or shorter?","Put the scarfs in order from shortest to longest.","","diagram","Blue, Red, Green | Green, Blue, Red | Red, Green, Blue | Blue, Green, Red","Green, Blue, Red","Find the shortest first, then the next shortest.","Red scarf is 9 units, Blue scarf is 5 units, Green scarf is 2 units. → Shortest first: Green scarf (2). → Then Blue scarf (5), then Red scarf (9). → Order: Green, Blue, Red."
"1.MD.A.1","Measuring, time & data","Longer or shorter?","Put the strings in order from shortest to longest.","","diagram","Purple, Green, Red | Green, Red, Purple | Red, Green, Purple | Green, Purple, Red","Green, Red, Purple","Find the shortest first, then the next shortest.","Red string is 6 units, Green string is 3 units, Purple string is 9 units. → Shortest first: Green string (3). → Then Red string (6), then Purple string (9). → Order: Green, Red, Purple."
"1.MD.A.1","Measuring, time & data","Longer or shorter?","The orange train is longer than the stick. The stick is longer than the blue train. Which train is longer?","","","[picture] | [picture]","[picture 1]","Use the stick as a helper to compare the two trains.","Orange train is longer than the stick. → The stick is longer than the blue train. → So the orange train is longer than the blue train too — the stick sits in between."
"1.MD.A.1","Measuring, time & data","Longer or shorter?","Put the sticks in order from shortest to longest.","","diagram","Green, Blue, Orange | Orange, Green, Blue | Blue, Orange, Green | Green, Orange, Blue","Orange, Green, Blue","Find the shortest first, then the next shortest.","Green stick is 5 units, Blue stick is 7 units, Orange stick is 4 units. → Shortest first: Orange stick (4). → Then Green stick (5), then Blue stick (7). → Order: Orange, Green, Blue."
"1.MD.A.1","Measuring, time & data","Longer or shorter?","Put the ropes in order from shortest to longest.","","diagram","Red, Orange, Blue | Red, Blue, Orange | Blue, Red, Orange | Blue, Orange, Red","Red, Blue, Orange","Find the shortest first, then the next shortest.","Red rope is 2 units, Orange rope is 9 units, Blue rope is 6 units. → Shortest first: Red rope (2). → Then Blue rope (6), then Orange rope (9). → Order: Red, Blue, Orange."
"1.MD.A.1","Measuring, time & data","Longer or shorter?","The yellow snake is shorter than the pencil. The pencil is shorter than the purple snake. Which snake is shorter?","","","[picture] | [picture]","[picture 1]","Use the pencil as a helper to compare the two snakes.","Yellow snake is shorter than the pencil. → The pencil is shorter than the purple snake. → So the yellow snake is shorter than the purple snake too — the pencil sits in between."
"1.MD.A.1","Measuring, time & data","Longer or shorter?","Put the strings in order from shortest to longest.","","diagram","Green, Blue, Purple | Blue, Green, Purple | Blue, Purple, Green | Purple, Green, Blue","Blue, Green, Purple","Find the shortest first, then the next shortest.","Green string is 5 units, Blue string is 2 units, Purple string is 8 units. → Shortest first: Blue string (2). → Then Green string (5), then Purple string (8). → Order: Blue, Green, Purple."
"1.MD.A.1","Measuring, time & data","Longer or shorter?","Put the ropes in order from shortest to longest.","","diagram","Red, Purple, Orange | Orange, Red, Purple | Orange, Purple, Red | Purple, Orange, Red","Orange, Red, Purple","Find the shortest first, then the next shortest.","Red rope is 6 units, Purple rope is 7 units, Orange rope is 2 units. → Shortest first: Orange rope (2). → Then Red rope (6), then Purple rope (7). → Order: Orange, Red, Purple."
"1.MD.A.1","Measuring, time & data","Longer or shorter?","The blue stick is longer than the stick. The stick is longer than the yellow stick. Which stick is longer?","","","[picture] | [picture]","[picture 1]","Use the stick as a helper to compare the two sticks.","Blue stick is longer than the stick. → The stick is longer than the yellow stick. → So the blue stick is longer than the yellow stick too — the stick sits in between."
"1.MD.A.1","Measuring, time & data","Longer or shorter?","Which snake is the longest?","","diagram","[picture] | [picture] | [picture]","[picture 3]","All the bars start at the same place. Look at where they end.","The bars all start on the same line, so compare the ends. → Orange snake is 5 units, Blue snake is 4 units, Red snake is 10 units. → The longest is the Red snake."
"1.MD.A.1","Measuring, time & data","Longer or shorter?","Put the snakes in order from shortest to longest.","","diagram","Yellow, Orange, Purple | Orange, Purple, Yellow | Purple, Yellow, Orange | Yellow, Purple, Orange","Purple, Yellow, Orange","Find the shortest first, then the next shortest.","Purple snake is 2 units, Yellow snake is 6 units, Orange snake is 10 units. → Shortest first: Purple snake (2). → Then Yellow snake (6), then Orange snake (10). → Order: Purple, Yellow, Orange."
"1.MD.A.1","Measuring, time & data","Longer or shorter?","Put the strings in order from shortest to longest.","","diagram","Purple, Orange, Green | Green, Orange, Purple | Green, Purple, Orange | Orange, Purple, Green","Green, Purple, Orange","Find the shortest first, then the next shortest.","Green string is 2 units, Purple string is 6 units, Orange string is 8 units. → Shortest first: Green string (2). → Then Purple string (6), then Orange string (8). → Order: Green, Purple, Orange."
"1.MD.A.1","Measuring, time & data","Longer or shorter?","Which ribbon is the longest?","","diagram","[picture] | [picture] | [picture]","[picture 1]","All the bars start at the same place. Look at where they end.","The bars all start on the same line, so compare the ends. → Red ribbon is 5 units, Purple ribbon is 9 units, Green ribbon is 3 units. → The longest is the Purple ribbon."
"1.MD.A.1","Measuring, time & data","Longer or shorter?","Which pencil is the shortest?","","diagram","[picture] | [picture] | [picture]","[picture 1]","All the bars start at the same place. Look at where they end.","The bars all start on the same line, so compare the ends. → Green pencil is 3 units, Red pencil is 5 units, Yellow pencil is 10 units. → The shortest is the Green pencil."
"1.MD.A.1","Measuring, time & data","Longer or shorter?","The orange string is longer than the spoon. The spoon is longer than the red string. Which string is longer?","","","[picture] | [picture]","[picture 1]","Use the spoon as a helper to compare the two strings.","Orange string is longer than the spoon. → The spoon is longer than the red string. → So the orange string is longer than the red string too — the spoon sits in between."
"1.MD.A.1","Measuring, time & data","Longer or shorter?","Which scarf is longer?","","diagram","[picture] | [picture]","[picture 1]","Both start at the same place. Which one sticks out further?","Blue scarf is 6 units. Purple scarf is 7 units. → The longer one is the Purple scarf."
"1.MD.A.1","Measuring, time & data","Longer or shorter?","Put the ropes in order from shortest to longest.","","diagram","Yellow, Red, Purple | Purple, Red, Yellow | Yellow, Purple, Red | Purple, Yellow, Red","Purple, Yellow, Red","Find the shortest first, then the next shortest.","Red rope is 7 units, Yellow rope is 5 units, Purple rope is 2 units. → Shortest first: Purple rope (2). → Then Yellow rope (5), then Red rope (7). → Order: Purple, Yellow, Red."
"1.MD.A.1","Measuring, time & data","Longer or shorter?","Put the ropes in order from shortest to longest.","","diagram","Blue, Red, Orange | Orange, Blue, Red | Orange, Red, Blue | Red, Blue, Orange","Orange, Red, Blue","Find the shortest first, then the next shortest.","Red rope is 5 units, Blue rope is 8 units, Orange rope is 2 units. → Shortest first: Orange rope (2). → Then Red rope (5), then Blue rope (8). → Order: Orange, Red, Blue."
"1.MD.A.1","Measuring, time & data","Longer or shorter?","The red stick is longer than the stick. The stick is longer than the purple stick. Which stick is longer?","","","[picture] | [picture]","[picture 1]","Use the stick as a helper to compare the two sticks.","Red stick is longer than the stick. → The stick is longer than the purple stick. → So the red stick is longer than the purple stick too — the stick sits in between."
"1.MD.A.1","Measuring, time & data","Longer or shorter?","Put the scarfs in order from shortest to longest.","","diagram","Blue, Red, Orange | Orange, Blue, Red | Red, Orange, Blue | Red, Blue, Orange","Orange, Blue, Red","Find the shortest first, then the next shortest.","Orange scarf is 2 units, Blue scarf is 6 units, Red scarf is 10 units. → Shortest first: Orange scarf (2). → Then Blue scarf (6), then Red scarf (10). → Order: Orange, Blue, Red."
"1.MD.A.1","Measuring, time & data","Longer or shorter?","Put the snakes in order from shortest to longest.","","diagram","Yellow, Red, Purple | Red, Purple, Yellow | Purple, Yellow, Red | Yellow, Purple, Red","Yellow, Purple, Red","Find the shortest first, then the next shortest.","Purple snake is 6 units, Yellow snake is 3 units, Red snake is 10 units. → Shortest first: Yellow snake (3). → Then Purple snake (6), then Red snake (10). → Order: Yellow, Purple, Red."
"1.MD.A.1","Measuring, time & data","Longer or shorter?","The yellow scarf is longer than the stick. The stick is longer than the red scarf. Which scarf is longer?","","","[picture] | [picture]","[picture 1]","Use the stick as a helper to compare the two scarfs.","Yellow scarf is longer than the stick. → The stick is longer than the red scarf. → So the yellow scarf is longer than the red scarf too — the stick sits in between."
"1.MD.A.1","Measuring, time & data","Longer or shorter?","Which rope is the longest?","","diagram","[picture] | [picture] | [picture]","[picture 1]","All the bars start at the same place. Look at where they end.","The bars all start on the same line, so compare the ends. → Yellow rope is 5 units, Blue rope is 2 units, Purple rope is 8 units. → The longest is the Purple rope."
"1.MD.A.1","Measuring, time & data","Longer or shorter?","Put the snakes in order from shortest to longest.","","diagram","Orange, Blue, Purple | Purple, Orange, Blue | Blue, Purple, Orange | Orange, Purple, Blue","Blue, Purple, Orange","Find the shortest first, then the next shortest.","Purple snake is 5 units, Blue snake is 3 units, Orange snake is 10 units. → Shortest first: Blue snake (3). → Then Purple snake (5), then Orange snake (10). → Order: Blue, Purple, Orange."
"1.MD.A.1","Measuring, time & data","Longer or shorter?","Put the pencils in order from shortest to longest.","","diagram","Blue, Red, Green | Red, Blue, Green | Green, Red, Blue | Green, Blue, Red","Blue, Red, Green","Find the shortest first, then the next shortest.","Blue pencil is 3 units, Red pencil is 5 units, Green pencil is 9 units. → Shortest first: Blue pencil (3). → Then Red pencil (5), then Green pencil (9). → Order: Blue, Red, Green."
"1.MD.A.1","Measuring, time & data","Longer or shorter?","Put the snakes in order from shortest to longest.","","diagram","Yellow, Green, Purple | Yellow, Purple, Green | Purple, Green, Yellow | Green, Purple, Yellow","Yellow, Green, Purple","Find the shortest first, then the next shortest.","Green snake is 5 units, Yellow snake is 3 units, Purple snake is 9 units. → Shortest first: Yellow snake (3). → Then Green snake (5), then Purple snake (9). → Order: Yellow, Green, Purple."
"1.MD.A.1","Measuring, time & data","Longer or shorter?","The orange train is shorter than the spoon. The spoon is shorter than the green train. Which train is shorter?","","","[picture] | [picture]","[picture 2]","Use the spoon as a helper to compare the two trains.","Orange train is shorter than the spoon. → The spoon is shorter than the green train. → So the orange train is shorter than the green train too — the spoon sits in between."
"1.MD.A.1","Measuring, time & data","Longer or shorter?","Which stick is shorter?","","diagram","[picture] | [picture]","[picture 1]","Both start at the same place. Which one sticks out further?","Green stick is 2 units. Red stick is 8 units. → The shorter one is the Green stick."
"1.MD.A.1","Measuring, time & data","Longer or shorter?","The green string is shorter than the spoon. The spoon is shorter than the yellow string. Which string is shorter?","","","[picture] | [picture]","[picture 1]","Use the spoon as a helper to compare the two strings.","Green string is shorter than the spoon. → The spoon is shorter than the yellow string. → So the green string is shorter than the yellow string too — the spoon sits in between."
"1.MD.A.1","Measuring, time & data","Longer or shorter?","The red snake is longer than the stick. The stick is longer than the orange snake. Which snake is longer?","","","[picture] | [picture]","[picture 2]","Use the stick as a helper to compare the two snakes.","Red snake is longer than the stick. → The stick is longer than the orange snake. → So the red snake is longer than the orange snake too — the stick sits in between."
"1.MD.A.1","Measuring, time & data","Longer or shorter?","The yellow pencil is longer than the spoon. The spoon is longer than the green pencil. Which pencil is longer?","","","[picture] | [picture]","[picture 2]","Use the spoon as a helper to compare the two pencils.","Yellow pencil is longer than the spoon. → The spoon is longer than the green pencil. → So the yellow pencil is longer than the green pencil too — the spoon sits in between."
"1.MD.A.1","Measuring, time & data","Longer or shorter?","Put the trains in order from shortest to longest.","","diagram","Purple, Red, Blue | Blue, Red, Purple | Red, Purple, Blue | Purple, Blue, Red","Red, Purple, Blue","Find the shortest first, then the next shortest.","Red train is 2 units, Blue train is 7 units, Purple train is 5 units. → Shortest first: Red train (2). → Then Purple train (5), then Blue train (7). → Order: Red, Purple, Blue."
"1.MD.A.1","Measuring, time & data","Longer or shorter?","Put the ropes in order from shortest to longest.","","diagram","Orange, Green, Yellow | Green, Orange, Yellow | Green, Yellow, Orange | Yellow, Orange, Green","Green, Yellow, Orange","Find the shortest first, then the next shortest.","Yellow rope is 6 units, Green rope is 3 units, Orange rope is 10 units. → Shortest first: Green rope (3). → Then Yellow rope (6), then Orange rope (10). → Order: Green, Yellow, Orange."
"1.MD.A.1","Measuring, time & data","Longer or shorter?","Put the snakes in order from shortest to longest.","","diagram","Blue, Yellow, Red | Blue, Red, Yellow | Yellow, Red, Blue | Red, Yellow, Blue","Red, Yellow, Blue","Find the shortest first, then the next shortest.","Red snake is 4 units, Yellow snake is 5 units, Blue snake is 10 units. → Shortest first: Red snake (4). → Then Yellow snake (5), then Blue snake (10). → Order: Red, Yellow, Blue."
"1.MD.A.1","Measuring, time & data","Longer or shorter?","The red rope is longer than the stick. The stick is longer than the green rope. Which rope is longer?","","","[picture] | [picture]","[picture 2]","Use the stick as a helper to compare the two ropes.","Red rope is longer than the stick. → The stick is longer than the green rope. → So the red rope is longer than the green rope too — the stick sits in between."
"1.MD.A.1","Measuring, time & data","Longer or shorter?","Put the pencils in order from shortest to longest.","","diagram","Blue, Orange, Purple | Orange, Purple, Blue | Orange, Blue, Purple | Purple, Blue, Orange","Blue, Orange, Purple","Find the shortest first, then the next shortest.","Orange pencil is 6 units, Blue pencil is 2 units, Purple pencil is 8 units. → Shortest first: Blue pencil (2). → Then Orange pencil (6), then Purple pencil (8). → Order: Blue, Orange, Purple."
"1.MD.A.1","Measuring, time & data","Longer or shorter?","Put the trains in order from shortest to longest.","","diagram","Purple, Orange, Red | Red, Orange, Purple | Red, Purple, Orange | Orange, Red, Purple","Orange, Red, Purple","Find the shortest first, then the next shortest.","Orange train is 4 units, Purple train is 8 units, Red train is 5 units. → Shortest first: Orange train (4). → Then Red train (5), then Purple train (8). → Order: Orange, Red, Purple."
"1.MD.A.1","Measuring, time & data","Longer or shorter?","The red stick is longer than the spoon. The spoon is longer than the yellow stick. Which stick is longer?","","","[picture] | [picture]","[picture 1]","Use the spoon as a helper to compare the two sticks.","Red stick is longer than the spoon. → The spoon is longer than the yellow stick. → So the red stick is longer than the yellow stick too — the spoon sits in between."
"1.MD.A.1","Measuring, time & data","Longer or shorter?","Put the ropes in order from shortest to longest.","","diagram","Purple, Blue, Green | Purple, Green, Blue | Green, Purple, Blue | Blue, Purple, Green","Purple, Blue, Green","Find the shortest first, then the next shortest.","Blue rope is 5 units, Purple rope is 3 units, Green rope is 7 units. → Shortest first: Purple rope (3). → Then Blue rope (5), then Green rope (7). → Order: Purple, Blue, Green."
"1.MD.A.1","Measuring, time & data","Longer or shorter?","The yellow rope is longer than the pencil. The pencil is longer than the green rope. Which rope is longer?","","","[picture] | [picture]","[picture 1]","Use the pencil as a helper to compare the two ropes.","Yellow rope is longer than the pencil. → The pencil is longer than the green rope. → So the yellow rope is longer than the green rope too — the pencil sits in between."
"1.MD.A.1","Measuring, time & data","Longer or shorter?","The purple train is longer than the crayon. The crayon is longer than the blue train. Which train is longer?","","","[picture] | [picture]","[picture 2]","Use the crayon as a helper to compare the two trains.","Purple train is longer than the crayon. → The crayon is longer than the blue train. → So the purple train is longer than the blue train too — the crayon sits in between."
"1.MD.A.1","Measuring, time & data","Longer or shorter?","The purple rope is longer than the stick. The stick is longer than the red rope. Which rope is longer?","","","[picture] | [picture]","[picture 2]","Use the stick as a helper to compare the two ropes.","Purple rope is longer than the stick. → The stick is longer than the red rope. → So the purple rope is longer than the red rope too — the stick sits in between."
"1.MD.A.2","Measuring, time & data","Measure with cubes","How many cubes long is the leaf?","","diagram","6 | 4 | 8 | 7","6","Count the cubes under the leaf one by one, with no gaps.","The cubes are all the same size and sit end to end with no gaps. → Count them: 1, 2, 3, 4, 5, 6. → The leaf is 6 cubes long."
"1.MD.A.2","Measuring, time & data","Measure with cubes","How many cubes long is the ribbon?","","diagram","5 | 9 | 7 | 8","7","Count the cubes under the ribbon one by one, with no gaps.","The cubes are all the same size and sit end to end with no gaps. → Count them: 1, 2, 3, 4, 5, 6, 7. → The ribbon is 7 cubes long."
"1.MD.A.2","Measuring, time & data","Measure with cubes","How many cubes long is the worm?","","diagram","2 | 4 | 1 | 3","3","Count the cubes under the worm one by one, with no gaps.","The cubes are all the same size and sit end to end with no gaps. → Count them: 1, 2, 3. → The worm is 3 cubes long."
"1.MD.A.2","Measuring, time & data","Measure with cubes","How many cubes long is the worm?","","diagram","3 | 6 | 4 | 5","4","Count the cubes under the worm one by one, with no gaps.","The cubes are all the same size and sit end to end with no gaps. → Count them: 1, 2, 3, 4. → The worm is 4 cubes long."
"1.MD.A.2","Measuring, time & data","Measure with cubes","How many cubes long is the spoon?","","diagram","11 | 9 | 12 | 13","11","Count the cubes under the spoon one by one, with no gaps.","The cubes are all the same size and sit end to end with no gaps. → Count them: 1, 2, 3, 4, 5, 6, 7, 8, 9, 10, 11. → The spoon is 11 cubes long."
"1.MD.A.2","Measuring, time & data","Measure with cubes","How many cubes long is the crayon?","","diagram","7 | 9 | 8 | 6","8","Count the cubes under the crayon one by one, with no gaps.","The cubes are all the same size and sit end to end with no gaps. → Count them: 1, 2, 3, 4, 5, 6, 7, 8. → The crayon is 8 cubes long."
"1.MD.A.2","Measuring, time & data","Measure with cubes","How many cubes long is the pencil?","","diagram","8 | 5 | 6 | 7","6","Count the cubes under the pencil one by one, with no gaps.","The cubes are all the same size and sit end to end with no gaps. → Count them: 1, 2, 3, 4, 5, 6. → The pencil is 6 cubes long."
"1.MD.A.2","Measuring, time & data","Measure with cubes","How many cubes long is the worm?","","diagram","9 | 10 | 12 | 11","10","Count the cubes under the worm one by one, with no gaps.","The cubes are all the same size and sit end to end with no gaps. → Count them: 1, 2, 3, 4, 5, 6, 7, 8, 9, 10. → The worm is 10 cubes long."
"1.MD.A.2","Measuring, time & data","Measure with cubes","How many cubes long is the ribbon?","","diagram","9 | 6 | 7 | 5","7","Count the cubes under the ribbon one by one, with no gaps.","The cubes are all the same size and sit end to end with no gaps. → Count them: 1, 2, 3, 4, 5, 6, 7. → The ribbon is 7 cubes long."
"1.MD.A.2","Measuring, time & data","Measure with cubes","How many cubes long is the key?","","diagram","13 | 11 | 9 | 12","11","Count the cubes under the key one by one, with no gaps.","The cubes are all the same size and sit end to end with no gaps. → Count them: 1, 2, 3, 4, 5, 6, 7, 8, 9, 10, 11. → The key is 11 cubes long."
"1.MD.A.2","Measuring, time & data","Measure with cubes","How many cubes long is the crayon?","","diagram","2 | 4 | 6 | 3","4","Count the cubes under the crayon one by one, with no gaps.","The cubes are all the same size and sit end to end with no gaps. → Count them: 1, 2, 3, 4. → The crayon is 4 cubes long."
"1.MD.A.2","Measuring, time & data","Measure with cubes","How many cubes long is the ribbon?","","diagram","4 | 5 | 3 | 1","3","Count the cubes under the ribbon one by one, with no gaps.","The cubes are all the same size and sit end to end with no gaps. → Count them: 1, 2, 3. → The ribbon is 3 cubes long."
"1.MD.A.2","Measuring, time & data","Measure with cubes","How many cubes long is the crayon?","","diagram","7 | 5 | 6 | 4","5","Count the cubes under the crayon one by one, with no gaps.","The cubes are all the same size and sit end to end with no gaps. → Count them: 1, 2, 3, 4, 5. → The crayon is 5 cubes long."
"1.MD.A.2","Measuring, time & data","Measure with cubes","How many cubes long is the pencil?","","diagram","4 | 6 | 5 | 7","6","Count the cubes under the pencil one by one, with no gaps.","The cubes are all the same size and sit end to end with no gaps. → Count them: 1, 2, 3, 4, 5, 6. → The pencil is 6 cubes long."
"1.MD.A.2","Measuring, time & data","Measure with cubes","How many cubes long is the worm?","","diagram","12 | 14 | 13 | 10","12","Count the cubes under the worm one by one, with no gaps.","The cubes are all the same size and sit end to end with no gaps. → Count them: 1, 2, 3, 4, 5, 6, 7, 8, 9, 10, 11, 12. → The worm is 12 cubes long."
"1.MD.A.2","Measuring, time & data","Measure with cubes","How many cubes long is the key?","","diagram","9 | 10 | 8 | 7","8","Count the cubes under the key one by one, with no gaps.","The cubes are all the same size and sit end to end with no gaps. → Count them: 1, 2, 3, 4, 5, 6, 7, 8. → The key is 8 cubes long."
"1.MD.A.2","Measuring, time & data","Measure with cubes","How many cubes long is the spoon?","","diagram","10 | 9 | 8 | 6","8","Count the cubes under the spoon one by one, with no gaps.","The cubes are all the same size and sit end to end with no gaps. → Count them: 1, 2, 3, 4, 5, 6, 7, 8. → The spoon is 8 cubes long."
"1.MD.A.2","Measuring, time & data","Measure with cubes","How many cubes long is the leaf?","","diagram","9 | 10 | 8 | 12","10","Count the cubes under the leaf one by one, with no gaps.","The cubes are all the same size and sit end to end with no gaps. → Count them: 1, 2, 3, 4, 5, 6, 7, 8, 9, 10. → The leaf is 10 cubes long."
"1.MD.A.2","Measuring, time & data","Measure with cubes","How many cubes long is the spoon?","","diagram","5 | 2 | 1 | 3","3","Count the cubes under the spoon one by one, with no gaps.","The cubes are all the same size and sit end to end with no gaps. → Count them: 1, 2, 3. → The spoon is 3 cubes long."
"1.MD.A.2","Measuring, time & data","Measure with cubes","How many cubes long is the crayon?","","diagram","11 | 8 | 9 | 10","10","Count the cubes under the crayon one by one, with no gaps.","The cubes are all the same size and sit end to end with no gaps. → Count them: 1, 2, 3, 4, 5, 6, 7, 8, 9, 10. → The crayon is 10 cubes long."
"1.MD.A.2","Measuring, time & data","Measure with cubes","How many cubes long is the crayon?","","diagram","4 | 6 | 7 | 5","6","Count the cubes under the crayon one by one, with no gaps.","The cubes are all the same size and sit end to end with no gaps. → Count them: 1, 2, 3, 4, 5, 6. → The crayon is 6 cubes long."
"1.MD.A.2","Measuring, time & data","Measure with cubes","How many cubes long is the crayon?","","diagram","6 | 2 | 4 | 3","4","Count the cubes under the crayon one by one, with no gaps.","The cubes are all the same size and sit end to end with no gaps. → Count them: 1, 2, 3, 4. → The crayon is 4 cubes long."
"1.MD.A.2","Measuring, time & data","Measure with cubes","How many cubes long is the ribbon?","","diagram","10 | 8 | 9 | 11","10","Count the cubes under the ribbon one by one, with no gaps.","The cubes are all the same size and sit end to end with no gaps. → Count them: 1, 2, 3, 4, 5, 6, 7, 8, 9, 10. → The ribbon is 10 cubes long."
"1.MD.A.2","Measuring, time & data","Measure with cubes","How many cubes long is the crayon?","","diagram","2 | 4 | 3 | 1","3","Count the cubes under the crayon one by one, with no gaps.","The cubes are all the same size and sit end to end with no gaps. → Count them: 1, 2, 3. → The crayon is 3 cubes long."
"1.MD.A.2","Measuring, time & data","Measure with cubes","How many cubes long is the leaf?","","diagram","6 | 5 | 3 | 4","5","Count the cubes under the leaf one by one, with no gaps.","The cubes are all the same size and sit end to end with no gaps. → Count them: 1, 2, 3, 4, 5. → The leaf is 5 cubes long."
"1.MD.A.2","Measuring, time & data","Measure with cubes","How many cubes long is the key?","","diagram","6 | 4 | 5 | 7","5","Count the cubes under the key one by one, with no gaps.","The cubes are all the same size and sit end to end with no gaps. → Count them: 1, 2, 3, 4, 5. → The key is 5 cubes long."
"1.MD.A.2","Measuring, time & data","Measure with cubes","How many cubes long is the spoon?","","diagram","5 | 7 | 6 | 3","5","Count the cubes under the spoon one by one, with no gaps.","The cubes are all the same size and sit end to end with no gaps. → Count them: 1, 2, 3, 4, 5. → The spoon is 5 cubes long."
"1.MD.A.2","Measuring, time & data","Measure with cubes","How many cubes long is the key?","","diagram","5 | 4 | 6 | 2","4","Count the cubes under the key one by one, with no gaps.","The cubes are all the same size and sit end to end with no gaps. → Count them: 1, 2, 3, 4. → The key is 4 cubes long."
"1.MD.A.2","Measuring, time & data","Measure with cubes","How many cubes long is the worm?","","diagram","5 | 3 | 2 | 4","4","Count the cubes under the worm one by one, with no gaps.","The cubes are all the same size and sit end to end with no gaps. → Count them: 1, 2, 3, 4. → The worm is 4 cubes long."
"1.MD.A.2","Measuring, time & data","Measure with cubes","How many cubes long is the crayon?","","diagram","14 | 11 | 10 | 12","12","Count the cubes under the crayon one by one, with no gaps.","The cubes are all the same size and sit end to end with no gaps. → Count them: 1, 2, 3, 4, 5, 6, 7, 8, 9, 10, 11, 12. → The crayon is 12 cubes long."
"1.MD.A.2","Measuring, time & data","Measure with cubes","How many cubes long is the key?","","diagram","14 | 12 | 13 | 10","12","Count the cubes under the key one by one, with no gaps.","The cubes are all the same size and sit end to end with no gaps. → Count them: 1, 2, 3, 4, 5, 6, 7, 8, 9, 10, 11, 12. → The key is 12 cubes long."
"1.MD.A.2","Measuring, time & data","Measure with cubes","How many cubes long is the pencil?","","diagram","13 | 9 | 11 | 10","11","Count the cubes under the pencil one by one, with no gaps.","The cubes are all the same size and sit end to end with no gaps. → Count them: 1, 2, 3, 4, 5, 6, 7, 8, 9, 10, 11. → The pencil is 11 cubes long."
"1.MD.A.2","Measuring, time & data","Measure with cubes","How many cubes long is the ribbon?","","diagram","6 | 5 | 9 | 7","7","Count the cubes under the ribbon one by one, with no gaps.","The cubes are all the same size and sit end to end with no gaps. → Count them: 1, 2, 3, 4, 5, 6, 7. → The ribbon is 7 cubes long."
"1.MD.A.2","Measuring, time & data","Measure with cubes","How many cubes long is the ribbon?","","diagram","7 | 5 | 9 | 8","7","Count the cubes under the ribbon one by one, with no gaps.","The cubes are all the same size and sit end to end with no gaps. → Count them: 1, 2, 3, 4, 5, 6, 7. → The ribbon is 7 cubes long."
"1.MD.A.2","Measuring, time & data","Measure with cubes","How many cubes long is the leaf?","","diagram","7 | 9 | 8 | 10","9","Count the cubes under the leaf one by one, with no gaps.","The cubes are all the same size and sit end to end with no gaps. → Count them: 1, 2, 3, 4, 5, 6, 7, 8, 9. → The leaf is 9 cubes long."
"1.MD.A.2","Measuring, time & data","Measure with cubes","How many cubes long is the key?","","diagram","6 | 8 | 7 | 9","8","Count the cubes under the key one by one, with no gaps.","The cubes are all the same size and sit end to end with no gaps. → Count them: 1, 2, 3, 4, 5, 6, 7, 8. → The key is 8 cubes long."
"1.MD.A.2","Measuring, time & data","Measure with cubes","How many cubes long is the worm?","","diagram","6 | 5 | 3 | 4","5","Count the cubes under the worm one by one, with no gaps.","The cubes are all the same size and sit end to end with no gaps. → Count them: 1, 2, 3, 4, 5. → The worm is 5 cubes long."
"1.MD.A.2","Measuring, time & data","Measure with cubes","How many cubes long is the crayon?","","diagram","10 | 9 | 11 | 8","10","Count the cubes under the crayon one by one, with no gaps.","The cubes are all the same size and sit end to end with no gaps. → Count them: 1, 2, 3, 4, 5, 6, 7, 8, 9, 10. → The crayon is 10 cubes long."
"1.MD.A.2","Measuring, time & data","Measure with cubes","How many cubes long is the ribbon?","","diagram","5 | 4 | 3 | 2","4","Count the cubes under the ribbon one by one, with no gaps.","The cubes are all the same size and sit end to end with no gaps. → Count them: 1, 2, 3, 4. → The ribbon is 4 cubes long."
"1.MD.A.2","Measuring, time & data","Measure with cubes","How many cubes long is the crayon?","","diagram","11 | 14 | 13 | 12","12","Count the cubes under the crayon one by one, with no gaps.","The cubes are all the same size and sit end to end with no gaps. → Count them: 1, 2, 3, 4, 5, 6, 7, 8, 9, 10, 11, 12. → The crayon is 12 cubes long."
"1.MD.A.2","Measuring, time & data","Measure with cubes","How many cubes long is the pencil?","","diagram","6 | 7 | 5 | 3","5","Count the cubes under the pencil one by one, with no gaps.","The cubes are all the same size and sit end to end with no gaps. → Count them: 1, 2, 3, 4, 5. → The pencil is 5 cubes long."
"1.MD.A.2","Measuring, time & data","Measure with cubes","How many cubes long is the crayon?","","diagram","2 | 1 | 4 | 3","3","Count the cubes under the crayon one by one, with no gaps.","The cubes are all the same size and sit end to end with no gaps. → Count them: 1, 2, 3. → The crayon is 3 cubes long."
"1.MD.A.2","Measuring, time & data","Measure with cubes","How many cubes long is the pencil?","","diagram","1 | 4 | 2 | 3","2","Count the cubes under the pencil one by one, with no gaps.","The cubes are all the same size and sit end to end with no gaps. → Count them: 1, 2. → The pencil is 2 cubes long."
"1.MD.A.2","Measuring, time & data","Measure with cubes","How many cubes long is the key?","","diagram","4 | 5 | 1 | 3","3","Count the cubes under the key one by one, with no gaps.","The cubes are all the same size and sit end to end with no gaps. → Count them: 1, 2, 3. → The key is 3 cubes long."
"1.MD.A.2","Measuring, time & data","Measure with cubes","How many cubes long is the pencil?","","diagram","8 | 9 | 7 | 6","8","Count the cubes under the pencil one by one, with no gaps.","The cubes are all the same size and sit end to end with no gaps. → Count them: 1, 2, 3, 4, 5, 6, 7, 8. → The pencil is 8 cubes long."
"1.MD.A.2","Measuring, time & data","Measure with cubes","How many cubes long is the crayon?","","diagram","3 | 2 | 4 | 1","3","Count the cubes under the crayon one by one, with no gaps.","The cubes are all the same size and sit end to end with no gaps. → Count them: 1, 2, 3. → The crayon is 3 cubes long."
"1.MD.A.2","Measuring, time & data","Measure with cubes","How many cubes long is the worm?","","diagram","9 | 13 | 10 | 11","11","Count the cubes under the worm one by one, with no gaps.","The cubes are all the same size and sit end to end with no gaps. → Count them: 1, 2, 3, 4, 5, 6, 7, 8, 9, 10, 11. → The worm is 11 cubes long."
"1.MD.A.2","Measuring, time & data","Measure with cubes","How many cubes long is the spoon?","","diagram","13 | 11 | 10 | 12","11","Count the cubes under the spoon one by one, with no gaps.","The cubes are all the same size and sit end to end with no gaps. → Count them: 1, 2, 3, 4, 5, 6, 7, 8, 9, 10, 11. → The spoon is 11 cubes long."
"1.MD.A.2","Measuring, time & data","Measure with cubes","How many cubes long is the ribbon?","","diagram","8 | 9 | 7 | 11","9","Count the cubes under the ribbon one by one, with no gaps.","The cubes are all the same size and sit end to end with no gaps. → Count them: 1, 2, 3, 4, 5, 6, 7, 8, 9. → The ribbon is 9 cubes long."
"1.MD.A.2","Measuring, time & data","Measure with cubes","How many cubes long is the leaf?","","diagram","5 | 7 | 4 | 6","6","Count the cubes under the leaf one by one, with no gaps.","The cubes are all the same size and sit end to end with no gaps. → Count them: 1, 2, 3, 4, 5, 6. → The leaf is 6 cubes long."
"1.MD.A.2","Measuring, time & data","Measure with cubes","How many cubes long is the pencil?","","diagram","6 | 8 | 10 | 7","8","Count the cubes under the pencil one by one, with no gaps.","The cubes are all the same size and sit end to end with no gaps. → Count them: 1, 2, 3, 4, 5, 6, 7, 8. → The pencil is 8 cubes long."
"1.MD.A.2","Measuring, time & data","Measure with cubes","How many cubes long is the pencil?","","diagram","5 | 7 | 6 | 8","7","Count the cubes under the pencil one by one, with no gaps.","The cubes are all the same size and sit end to end with no gaps. → Count them: 1, 2, 3, 4, 5, 6, 7. → The pencil is 7 cubes long."
"1.MD.A.2","Measuring, time & data","Measure with cubes","How many cubes long is the leaf?","","diagram","6 | 2 | 4 | 5","4","Count the cubes under the leaf one by one, with no gaps.","The cubes are all the same size and sit end to end with no gaps. → Count them: 1, 2, 3, 4. → The leaf is 4 cubes long."
"1.MD.A.2","Measuring, time & data","Measure with cubes","How many cubes long is the worm?","","diagram","9 | 5 | 6 | 7","7","Count the cubes under the worm one by one, with no gaps.","The cubes are all the same size and sit end to end with no gaps. → Count them: 1, 2, 3, 4, 5, 6, 7. → The worm is 7 cubes long."
"1.MD.A.2","Measuring, time & data","Measure with cubes","How many cubes long is the spoon?","","diagram","3 | 6 | 5 | 4","5","Count the cubes under the spoon one by one, with no gaps.","The cubes are all the same size and sit end to end with no gaps. → Count them: 1, 2, 3, 4, 5. → The spoon is 5 cubes long."
"1.MD.A.2","Measuring, time & data","Measure with cubes","How many cubes long is the worm?","","diagram","4 | 1 | 2 | 3","2","Count the cubes under the worm one by one, with no gaps.","The cubes are all the same size and sit end to end with no gaps. → Count them: 1, 2. → The worm is 2 cubes long."
"1.MD.A.2","Measuring, time & data","Measure with cubes","How many cubes long is the ribbon?","","diagram","5 | 4 | 2 | 6","4","Count the cubes under the ribbon one by one, with no gaps.","The cubes are all the same size and sit end to end with no gaps. → Count them: 1, 2, 3, 4. → The ribbon is 4 cubes long."
"1.MD.A.2","Measuring, time & data","Measure with cubes","How many cubes long is the crayon?","","diagram","13 | 11 | 12 | 10","11","Count the cubes under the crayon one by one, with no gaps.","The cubes are all the same size and sit end to end with no gaps. → Count them: 1, 2, 3, 4, 5, 6, 7, 8, 9, 10, 11. → The crayon is 11 cubes long."
"1.MD.A.2","Measuring, time & data","Measure with cubes","How many cubes long is the leaf?","","diagram","3 | 4 | 6 | 5","5","Count the cubes under the leaf one by one, with no gaps.","The cubes are all the same size and sit end to end with no gaps. → Count them: 1, 2, 3, 4, 5. → The leaf is 5 cubes long."
"1.MD.A.2","Measuring, time & data","Measure with cubes","How many cubes long is the ribbon?","","diagram","11 | 10 | 9 | 8","9","Count the cubes under the ribbon one by one, with no gaps.","The cubes are all the same size and sit end to end with no gaps. → Count them: 1, 2, 3, 4, 5, 6, 7, 8, 9. → The ribbon is 9 cubes long."
"1.MD.A.2","Measuring, time & data","Measure with cubes","How many cubes long is the pencil?","","diagram","11 | 12 | 8 | 10","10","Count the cubes under the pencil one by one, with no gaps.","The cubes are all the same size and sit end to end with no gaps. → Count them: 1, 2, 3, 4, 5, 6, 7, 8, 9, 10. → The pencil is 10 cubes long."
"1.MD.A.2","Measuring, time & data","Measure with cubes","How many cubes long is the crayon?","","diagram","9 | 12 | 11 | 10","10","Count the cubes under the crayon one by one, with no gaps.","The cubes are all the same size and sit end to end with no gaps. → Count them: 1, 2, 3, 4, 5, 6, 7, 8, 9, 10. → The crayon is 10 cubes long."
"1.MD.A.2","Measuring, time & data","Measure with cubes","How many cubes long is the pencil?","","diagram","3 | 2 | 6 | 4","4","Count the cubes under the pencil one by one, with no gaps.","The cubes are all the same size and sit end to end with no gaps. → Count them: 1, 2, 3, 4. → The pencil is 4 cubes long."
"1.MD.A.2","Measuring, time & data","Measure with cubes","How many cubes long is the spoon?","","diagram","10 | 9 | 7 | 11","9","Count the cubes under the spoon one by one, with no gaps.","The cubes are all the same size and sit end to end with no gaps. → Count them: 1, 2, 3, 4, 5, 6, 7, 8, 9. → The spoon is 9 cubes long."
"1.MD.A.2","Measuring, time & data","Measure with cubes","How many cubes long is the key?","","diagram","3 | 2 | 1 | 4","2","Count the cubes under the key one by one, with no gaps.","The cubes are all the same size and sit end to end with no gaps. → Count them: 1, 2. → The key is 2 cubes long."
"1.MD.A.2","Measuring, time & data","Measure with cubes","How many cubes long is the crayon?","","diagram","1 | 3 | 5 | 2","3","Count the cubes under the crayon one by one, with no gaps.","The cubes are all the same size and sit end to end with no gaps. → Count them: 1, 2, 3. → The crayon is 3 cubes long."
"1.MD.A.2","Measuring, time & data","Measure with cubes","How many cubes long is the leaf?","","diagram","10 | 9 | 6 | 8","8","Count the cubes under the leaf one by one, with no gaps.","The cubes are all the same size and sit end to end with no gaps. → Count them: 1, 2, 3, 4, 5, 6, 7, 8. → The leaf is 8 cubes long."
"1.MD.A.2","Measuring, time & data","Measure with cubes","How many cubes long is the worm?","","diagram","11 | 10 | 8 | 12","10","Count the cubes under the worm one by one, with no gaps.","The cubes are all the same size and sit end to end with no gaps. → Count them: 1, 2, 3, 4, 5, 6, 7, 8, 9, 10. → The worm is 10 cubes long."
"1.MD.A.2","Measuring, time & data","Measure with cubes","How many cubes long is the leaf?","","diagram","7 | 6 | 5 | 4","6","Count the cubes under the leaf one by one, with no gaps.","The cubes are all the same size and sit end to end with no gaps. → Count them: 1, 2, 3, 4, 5, 6. → The leaf is 6 cubes long."
"1.MD.A.2","Measuring, time & data","Measure with cubes","How many cubes long is the crayon?","","diagram","3 | 5 | 4 | 7","5","Count the cubes under the crayon one by one, with no gaps.","The cubes are all the same size and sit end to end with no gaps. → Count them: 1, 2, 3, 4, 5. → The crayon is 5 cubes long."
"1.MD.A.2","Measuring, time & data","Measure with cubes","How many cubes long is the key?","","diagram","7 | 6 | 9 | 5","7","Count the cubes under the key one by one, with no gaps.","The cubes are all the same size and sit end to end with no gaps. → Count them: 1, 2, 3, 4, 5, 6, 7. → The key is 7 cubes long."
"1.MD.A.2","Measuring, time & data","Measure with cubes","How many cubes long is the key?","","diagram","5 | 7 | 9 | 8","7","Count the cubes under the key one by one, with no gaps.","The cubes are all the same size and sit end to end with no gaps. → Count them: 1, 2, 3, 4, 5, 6, 7. → The key is 7 cubes long."
"1.MD.A.2","Measuring, time & data","Measure with cubes","How many cubes long is the worm?","","diagram","7 | 4 | 5 | 3","5","Count the cubes under the worm one by one, with no gaps.","The cubes are all the same size and sit end to end with no gaps. → Count them: 1, 2, 3, 4, 5. → The worm is 5 cubes long."
"1.MD.A.2","Measuring, time & data","Measure with cubes","How many cubes long is the ribbon?","","diagram","7 | 6 | 10 | 8","8","Count the cubes under the ribbon one by one, with no gaps.","The cubes are all the same size and sit end to end with no gaps. → Count them: 1, 2, 3, 4, 5, 6, 7, 8. → The ribbon is 8 cubes long."
"1.MD.A.2","Measuring, time & data","Measure with cubes","How many cubes long is the crayon?","","diagram","7 | 9 | 8 | 10","9","Count the cubes under the crayon one by one, with no gaps.","The cubes are all the same size and sit end to end with no gaps. → Count them: 1, 2, 3, 4, 5, 6, 7, 8, 9. → The crayon is 9 cubes long."
"1.MD.A.2","Measuring, time & data","Measure with cubes","How many cubes long is the leaf?","","diagram","10 | 12 | 13 | 11","12","Count the cubes under the leaf one by one, with no gaps.","The cubes are all the same size and sit end to end with no gaps. → Count them: 1, 2, 3, 4, 5, 6, 7, 8, 9, 10, 11, 12. → The leaf is 12 cubes long."
"1.MD.A.2","Measuring, time & data","Measure with cubes","How many cubes long is the leaf?","","diagram","6 | 7 | 5 | 8","7","Count the cubes under the leaf one by one, with no gaps.","The cubes are all the same size and sit end to end with no gaps. → Count them: 1, 2, 3, 4, 5, 6, 7. → The leaf is 7 cubes long."
"1.MD.A.2","Measuring, time & data","Measure with cubes","How many cubes long is the ribbon?","","diagram","3 | 1 | 2 | 4","2","Count the cubes under the ribbon one by one, with no gaps.","The cubes are all the same size and sit end to end with no gaps. → Count them: 1, 2. → The ribbon is 2 cubes long."
"1.MD.A.2","Measuring, time & data","Measure with cubes","How many cubes long is the leaf?","","diagram","8 | 10 | 9 | 6","8","Count the cubes under the leaf one by one, with no gaps.","The cubes are all the same size and sit end to end with no gaps. → Count them: 1, 2, 3, 4, 5, 6, 7, 8. → The leaf is 8 cubes long."
"1.MD.A.2","Measuring, time & data","Measure with cubes","How many cubes long is the leaf?","","diagram","3 | 5 | 2 | 1","3","Count the cubes under the leaf one by one, with no gaps.","The cubes are all the same size and sit end to end with no gaps. → Count them: 1, 2, 3. → The leaf is 3 cubes long."
"1.MD.A.2","Measuring, time & data","Measure with cubes","How many cubes long is the spoon?","","diagram","8 | 9 | 10 | 12","10","Count the cubes under the spoon one by one, with no gaps.","The cubes are all the same size and sit end to end with no gaps. → Count them: 1, 2, 3, 4, 5, 6, 7, 8, 9, 10. → The spoon is 10 cubes long."
"1.MD.A.2","Measuring, time & data","Measure with cubes","How many cubes long is the leaf?","","diagram","6 | 8 | 5 | 7","7","Count the cubes under the leaf one by one, with no gaps.","The cubes are all the same size and sit end to end with no gaps. → Count them: 1, 2, 3, 4, 5, 6, 7. → The leaf is 7 cubes long."
"1.MD.A.2","Measuring, time & data","Measure with cubes","How many cubes long is the pencil?","","diagram","10 | 6 | 8 | 9","8","Count the cubes under the pencil one by one, with no gaps.","The cubes are all the same size and sit end to end with no gaps. → Count them: 1, 2, 3, 4, 5, 6, 7, 8. → The pencil is 8 cubes long."
"1.MD.A.2","Measuring, time & data","Measure with cubes","How many cubes long is the key?","","diagram","10 | 6 | 8 | 9","8","Count the cubes under the key one by one, with no gaps.","The cubes are all the same size and sit end to end with no gaps. → Count them: 1, 2, 3, 4, 5, 6, 7, 8. → The key is 8 cubes long."
"1.MD.A.2","Measuring, time & data","Measure with cubes","How many cubes long is the crayon?","","diagram","8 | 6 | 9 | 7","7","Count the cubes under the crayon one by one, with no gaps.","The cubes are all the same size and sit end to end with no gaps. → Count them: 1, 2, 3, 4, 5, 6, 7. → The crayon is 7 cubes long."
"1.MD.A.2","Measuring, time & data","Measure with cubes","How many cubes long is the ribbon?","","diagram","2 | 1 | 4 | 3","2","Count the cubes under the ribbon one by one, with no gaps.","The cubes are all the same size and sit end to end with no gaps. → Count them: 1, 2. → The ribbon is 2 cubes long."
"1.MD.A.2","Measuring, time & data","Measure with cubes","How many cubes long is the spoon?","","diagram","10 | 8 | 11 | 12","10","Count the cubes under the spoon one by one, with no gaps.","The cubes are all the same size and sit end to end with no gaps. → Count them: 1, 2, 3, 4, 5, 6, 7, 8, 9, 10. → The spoon is 10 cubes long."
"1.MD.A.2","Measuring, time & data","Measure with cubes","How many cubes long is the worm?","","diagram","14 | 12 | 13 | 11","12","Count the cubes under the worm one by one, with no gaps.","The cubes are all the same size and sit end to end with no gaps. → Count them: 1, 2, 3, 4, 5, 6, 7, 8, 9, 10, 11, 12. → The worm is 12 cubes long."
"1.MD.A.2","Measuring, time & data","Measure with cubes","How many cubes long is the leaf?","","diagram","11 | 10 | 12 | 13","11","Count the cubes under the leaf one by one, with no gaps.","The cubes are all the same size and sit end to end with no gaps. → Count them: 1, 2, 3, 4, 5, 6, 7, 8, 9, 10, 11. → The leaf is 11 cubes long."
"1.MD.A.2","Measuring, time & data","Measure with cubes","How many cubes long is the ribbon?","","diagram","11 | 8 | 7 | 9","9","Count the cubes under the ribbon one by one, with no gaps.","The cubes are all the same size and sit end to end with no gaps. → Count them: 1, 2, 3, 4, 5, 6, 7, 8, 9. → The ribbon is 9 cubes long."
"1.MD.A.2","Measuring, time & data","Measure with cubes","How many cubes long is the spoon?","","diagram","8 | 7 | 9 | 5","7","Count the cubes under the spoon one by one, with no gaps.","The cubes are all the same size and sit end to end with no gaps. → Count them: 1, 2, 3, 4, 5, 6, 7. → The spoon is 7 cubes long."
"1.MD.A.2","Measuring, time & data","Measure with cubes","How many cubes long is the key?","","diagram","3 | 4 | 1 | 2","2","Count the cubes under the key one by one, with no gaps.","The cubes are all the same size and sit end to end with no gaps. → Count them: 1, 2. → The key is 2 cubes long."
"1.MD.A.2","Measuring, time & data","Measure with cubes","How many cubes long is the spoon?","","diagram","8 | 11 | 7 | 9","9","Count the cubes under the spoon one by one, with no gaps.","The cubes are all the same size and sit end to end with no gaps. → Count them: 1, 2, 3, 4, 5, 6, 7, 8, 9. → The spoon is 9 cubes long."
"1.MD.A.2","Measuring, time & data","Measure with cubes","How many cubes long is the pencil?","","diagram","6 | 2 | 4 | 5","4","Count the cubes under the pencil one by one, with no gaps.","The cubes are all the same size and sit end to end with no gaps. → Count them: 1, 2, 3, 4. → The pencil is 4 cubes long."
"1.MD.A.2","Measuring, time & data","Measure with cubes","How many cubes long is the pencil?","","diagram","7 | 9 | 11 | 10","9","Count the cubes under the pencil one by one, with no gaps.","The cubes are all the same size and sit end to end with no gaps. → Count them: 1, 2, 3, 4, 5, 6, 7, 8, 9. → The pencil is 9 cubes long."
"1.MD.A.2","Measuring, time & data","Measure with cubes","How many cubes long is the leaf?","","diagram","10 | 13 | 14 | 12","12","Count the cubes under the leaf one by one, with no gaps.","The cubes are all the same size and sit end to end with no gaps. → Count them: 1, 2, 3, 4, 5, 6, 7, 8, 9, 10, 11, 12. → The leaf is 12 cubes long."
"1.MD.A.2","Measuring, time & data","Measure with cubes","How many cubes long is the ribbon?","","diagram","6 | 9 | 8 | 7","8","Count the cubes under the ribbon one by one, with no gaps.","The cubes are all the same size and sit end to end with no gaps. → Count them: 1, 2, 3, 4, 5, 6, 7, 8. → The ribbon is 8 cubes long."
"1.MD.A.2","Measuring, time & data","Measure with cubes","How many cubes long is the pencil?","","diagram","8 | 11 | 10 | 9","9","Count the cubes under the pencil one by one, with no gaps.","The cubes are all the same size and sit end to end with no gaps. → Count them: 1, 2, 3, 4, 5, 6, 7, 8, 9. → The pencil is 9 cubes long."
"1.MD.A.2","Measuring, time & data","Measure with cubes","How many cubes long is the leaf?","","diagram","6 | 10 | 8 | 9","8","Count the cubes under the leaf one by one, with no gaps.","The cubes are all the same size and sit end to end with no gaps. → Count them: 1, 2, 3, 4, 5, 6, 7, 8. → The leaf is 8 cubes long."
"1.MD.A.2","Measuring, time & data","Measure with cubes","How many cubes long is the key?","","diagram","11 | 10 | 9 | 7","9","Count the cubes under the key one by one, with no gaps.","The cubes are all the same size and sit end to end with no gaps. → Count them: 1, 2, 3, 4, 5, 6, 7, 8, 9. → The key is 9 cubes long."
"1.MD.B.3","Measuring, time & data","Tell the time","Which time is half past 10?","","","10:00 | 10:30 | 11:00 | 9:30","10:30","Half past means 30 minutes after the hour.","Half past 10 means half an hour after 10:00. → Half an hour is 30 minutes. → We write it 10:30."
"1.MD.B.3","Measuring, time & data","Tell the time","Which time is half past 11?","","","12:00 | 11:30 | 10:30 | 12:30","11:30","Half past means 30 minutes after the hour.","Half past 11 means half an hour after 11:00. → Half an hour is 30 minutes. → We write it 11:30."
"1.MD.B.3","Measuring, time & data","Tell the time","What time does the clock show?","","diagram","2:30 | 3:00 | 2:00 | 1:00","2:00","Short hand = hour. Long hand on 12 means o'clock; on 6 means half past.","The short hand is the hour hand. It points right at 2. → The long hand is the minute hand. It points to 12, which means 0 minutes — o'clock. → The time is 2:00."
"1.MD.B.3","Measuring, time & data","Tell the time","What time does the clock show?","","diagram","1:30 | 12:00 | 1:00 | 2:00","1:00","Short hand = hour. Long hand on 12 means o'clock; on 6 means half past.","The short hand is the hour hand. It points right at 1. → The long hand is the minute hand. It points to 12, which means 0 minutes — o'clock. → The time is 1:00."
"1.MD.B.3","Measuring, time & data","Tell the time","Which time is half past 5?","","","6:00 | 5:30 | 6:30 | 5:00","5:30","Half past means 30 minutes after the hour.","Half past 5 means half an hour after 5:00. → Half an hour is 30 minutes. → We write it 5:30."
"1.MD.B.3","Measuring, time & data","Tell the time","Which clock shows 4:00?","","picture choices","[picture] | [picture] | [picture] | [picture]","[picture 3]","Find the clock whose short hand shows 4 and long hand points to 12.","4:00 means the hour is 4 and the minutes are 00. → The short hand should point at 4. → The long hand should point to 12 for o'clock."
"1.MD.B.3","Measuring, time & data","Tell the time","What time does the clock show?","","diagram","5:00 | 5:30 | 6:00 | 12:25","5:00","Short hand = hour. Long hand on 12 means o'clock; on 6 means half past.","The short hand is the hour hand. It points right at 5. → The long hand is the minute hand. It points to 12, which means 0 minutes — o'clock. → The time is 5:00."
"1.MD.B.3","Measuring, time & data","Tell the time","What time does the clock show?","","diagram","12:50 | 9:00 | 10:00 | 11:00","10:00","Short hand = hour. Long hand on 12 means o'clock; on 6 means half past.","The short hand is the hour hand. It points right at 10. → The long hand is the minute hand. It points to 12, which means 0 minutes — o'clock. → The time is 10:00."
"1.MD.B.3","Measuring, time & data","Tell the time","Which clock shows 8:30?","","picture choices","[picture] | [picture] | [picture] | [picture]","[picture 3]","Find the clock whose short hand shows 8 and long hand points to 6.","8:30 means the hour is 8 and the minutes are 30. → The short hand should point between 8 and 9. → The long hand should point to 6 for half past."
"1.MD.B.3","Measuring, time & data","Tell the time","Which clock shows 12:30?","","picture choices","[picture] | [picture] | [picture] | [picture]","[picture 3]","Find the clock whose short hand shows 12 and long hand points to 6.","12:30 means the hour is 12 and the minutes are 30. → The short hand should point between 12 and 1. → The long hand should point to 6 for half past."
"1.MD.B.3","Measuring, time & data","Tell the time","Which time is half past 11?","","","12:00 | 10:30 | 11:30 | 11:00","11:30","Half past means 30 minutes after the hour.","Half past 11 means half an hour after 11:00. → Half an hour is 30 minutes. → We write it 11:30."
"1.MD.B.3","Measuring, time & data","Tell the time","Which time is half past 3?","","","3:00 | 2:30 | 4:00 | 3:30","3:30","Half past means 30 minutes after the hour.","Half past 3 means half an hour after 3:00. → Half an hour is 30 minutes. → We write it 3:30."
"1.MD.B.3","Measuring, time & data","Tell the time","What time does the clock show?","","diagram","7:00 | 6:00 | 7:30 | 12:35","7:00","Short hand = hour. Long hand on 12 means o'clock; on 6 means half past.","The short hand is the hour hand. It points right at 7. → The long hand is the minute hand. It points to 12, which means 0 minutes — o'clock. → The time is 7:00."
"1.MD.B.3","Measuring, time & data","Tell the time","Which clock shows 4:30?","","picture choices","[picture] | [picture] | [picture] | [picture]","[picture 2]","Find the clock whose short hand shows 4 and long hand points to 6.","4:30 means the hour is 4 and the minutes are 30. → The short hand should point between 4 and 5. → The long hand should point to 6 for half past."
"1.MD.B.3","Measuring, time & data","Tell the time","What time does the clock show?","","diagram","7:30 | 8:30 | 9:30 | 8:00","8:30","Short hand = hour. Long hand on 12 means o'clock; on 6 means half past.","The short hand is the hour hand. It points between 8 and 9, so the hour is 8. → The long hand is the minute hand. It points to 6, which means 30 minutes — half past. → The time is 8:30."
"1.MD.B.3","Measuring, time & data","Tell the time","What time does the clock show?","","diagram","8:30 | 9:00 | 6:45 | 9:30","9:30","Short hand = hour. Long hand on 12 means o'clock; on 6 means half past.","The short hand is the hour hand. It points between 9 and 10, so the hour is 9. → The long hand is the minute hand. It points to 6, which means 30 minutes — half past. → The time is 9:30."
"1.MD.B.3","Measuring, time & data","Tell the time","What time does the clock show?","","diagram","6:35 | 7:30 | 8:30 | 6:30","7:30","Short hand = hour. Long hand on 12 means o'clock; on 6 means half past.","The short hand is the hour hand. It points between 7 and 8, so the hour is 7. → The long hand is the minute hand. It points to 6, which means 30 minutes — half past. → The time is 7:30."
"1.MD.B.3","Measuring, time & data","Tell the time","What time does the clock show?","","diagram","8:00 | 12:40 | 9:00 | 8:30","8:00","Short hand = hour. Long hand on 12 means o'clock; on 6 means half past.","The short hand is the hour hand. It points right at 8. → The long hand is the minute hand. It points to 12, which means 0 minutes — o'clock. → The time is 8:00."
"1.MD.B.3","Measuring, time & data","Tell the time","Which time is half past 1?","","","1:30 | 1:00 | 12:30 | 2:00","1:30","Half past means 30 minutes after the hour.","Half past 1 means half an hour after 1:00. → Half an hour is 30 minutes. → We write it 1:30."
"1.MD.B.3","Measuring, time & data","Tell the time","Which clock shows 10:30?","","picture choices","[picture] | [picture] | [picture] | [picture]","[picture 1]","Find the clock whose short hand shows 10 and long hand points to 6.","10:30 means the hour is 10 and the minutes are 30. → The short hand should point between 10 and 11. → The long hand should point to 6 for half past."
"1.MD.B.3","Measuring, time & data","Tell the time","What time does the clock show?","","diagram","1:30 | 12:30 | 2:30 | 6:05","1:30","Short hand = hour. Long hand on 12 means o'clock; on 6 means half past.","The short hand is the hour hand. It points between 1 and 2, so the hour is 1. → The long hand is the minute hand. It points to 6, which means 30 minutes — half past. → The time is 1:30."
"1.MD.B.3","Measuring, time & data","Tell the time","What time does the clock show?","","diagram","9:30 | 8:00 | 7:30 | 8:30","8:30","Short hand = hour. Long hand on 12 means o'clock; on 6 means half past.","The short hand is the hour hand. It points between 8 and 9, so the hour is 8. → The long hand is the minute hand. It points to 6, which means 30 minutes — half past. → The time is 8:30."
"1.MD.B.3","Measuring, time & data","Tell the time","Which time is half past 3?","","","3:30 | 2:30 | 3:00 | 4:30","3:30","Half past means 30 minutes after the hour.","Half past 3 means half an hour after 3:00. → Half an hour is 30 minutes. → We write it 3:30."
"1.MD.B.3","Measuring, time & data","Tell the time","What time does the clock show?","","diagram","9:00 | 10:00 | 9:30 | 8:00","9:00","Short hand = hour. Long hand on 12 means o'clock; on 6 means half past.","The short hand is the hour hand. It points right at 9. → The long hand is the minute hand. It points to 12, which means 0 minutes — o'clock. → The time is 9:00."
"1.MD.B.3","Measuring, time & data","Tell the time","Which time is half past 9?","","","9:30 | 8:30 | 10:30 | 9:00","9:30","Half past means 30 minutes after the hour.","Half past 9 means half an hour after 9:00. → Half an hour is 30 minutes. → We write it 9:30."
"1.MD.B.3","Measuring, time & data","Tell the time","Which time is half past 12?","","","12:00 | 11:30 | 1:00 | 12:30","12:30","Half past means 30 minutes after the hour.","Half past 12 means half an hour after 12:00. → Half an hour is 30 minutes. → We write it 12:30."
"1.MD.B.3","Measuring, time & data","Tell the time","Which clock shows 5:00?","","picture choices","[picture] | [picture] | [picture] | [picture]","[picture 4]","Find the clock whose short hand shows 5 and long hand points to 12.","5:00 means the hour is 5 and the minutes are 00. → The short hand should point at 5. → The long hand should point to 12 for o'clock."
"1.MD.B.3","Measuring, time & data","Tell the time","Which time is half past 4?","","","5:00 | 4:00 | 4:30 | 3:30","4:30","Half past means 30 minutes after the hour.","Half past 4 means half an hour after 4:00. → Half an hour is 30 minutes. → We write it 4:30."
"1.MD.B.3","Measuring, time & data","Tell the time","What time does the clock show?","","diagram","9:00 | 12:45 | 10:00 | 8:00","9:00","Short hand = hour. Long hand on 12 means o'clock; on 6 means half past.","The short hand is the hour hand. It points right at 9. → The long hand is the minute hand. It points to 12, which means 0 minutes — o'clock. → The time is 9:00."
"1.MD.B.3","Measuring, time & data","Tell the time","What time does the clock show?","","diagram","4:00 | 6:20 | 3:30 | 4:30","4:30","Short hand = hour. Long hand on 12 means o'clock; on 6 means half past.","The short hand is the hour hand. It points between 4 and 5, so the hour is 4. → The long hand is the minute hand. It points to 6, which means 30 minutes — half past. → The time is 4:30."
"1.MD.B.3","Measuring, time & data","Tell the time","Which clock shows 5:30?","","picture choices","[picture] | [picture] | [picture] | [picture]","[picture 4]","Find the clock whose short hand shows 5 and long hand points to 6.","5:30 means the hour is 5 and the minutes are 30. → The short hand should point between 5 and 6. → The long hand should point to 6 for half past."
"1.MD.B.3","Measuring, time & data","Tell the time","Which clock shows 11:30?","","picture choices","[picture] | [picture] | [picture] | [picture]","[picture 1]","Find the clock whose short hand shows 11 and long hand points to 6.","11:30 means the hour is 11 and the minutes are 30. → The short hand should point between 11 and 12. → The long hand should point to 6 for half past."
"1.MD.B.3","Measuring, time & data","Tell the time","What time does the clock show?","","diagram","10:30 | 11:00 | 12:30 | 11:30","11:30","Short hand = hour. Long hand on 12 means o'clock; on 6 means half past.","The short hand is the hour hand. It points between 11 and 12, so the hour is 11. → The long hand is the minute hand. It points to 6, which means 30 minutes — half past. → The time is 11:30."
"1.MD.B.3","Measuring, time & data","Tell the time","What time does the clock show?","","diagram","7:30 | 6:35 | 6:30 | 8:30","7:30","Short hand = hour. Long hand on 12 means o'clock; on 6 means half past.","The short hand is the hour hand. It points between 7 and 8, so the hour is 7. → The long hand is the minute hand. It points to 6, which means 30 minutes — half past. → The time is 7:30."
"1.MD.B.3","Measuring, time & data","Tell the time","Which time is half past 12?","","","1:30 | 12:30 | 12:00 | 1:00","12:30","Half past means 30 minutes after the hour.","Half past 12 means half an hour after 12:00. → Half an hour is 30 minutes. → We write it 12:30."
"1.MD.B.3","Measuring, time & data","Tell the time","Which time is half past 7?","","","8:30 | 8:00 | 7:00 | 7:30","7:30","Half past means 30 minutes after the hour.","Half past 7 means half an hour after 7:00. → Half an hour is 30 minutes. → We write it 7:30."
"1.MD.B.3","Measuring, time & data","Tell the time","Which clock shows 3:30?","","picture choices","[picture] | [picture] | [picture] | [picture]","[picture 4]","Find the clock whose short hand shows 3 and long hand points to 6.","3:30 means the hour is 3 and the minutes are 30. → The short hand should point between 3 and 4. → The long hand should point to 6 for half past."
"1.MD.B.3","Measuring, time & data","Tell the time","Which clock shows 2:30?","","picture choices","[picture] | [picture] | [picture] | [picture]","[picture 2]","Find the clock whose short hand shows 2 and long hand points to 6.","2:30 means the hour is 2 and the minutes are 30. → The short hand should point between 2 and 3. → The long hand should point to 6 for half past."
"1.MD.B.3","Measuring, time & data","Tell the time","What time does the clock show?","","diagram","5:00 | 12:30 | 6:00 | 6:30","6:00","Short hand = hour. Long hand on 12 means o'clock; on 6 means half past.","The short hand is the hour hand. It points right at 6. → The long hand is the minute hand. It points to 12, which means 0 minutes — o'clock. → The time is 6:00."
"1.MD.B.3","Measuring, time & data","Tell the time","What time does the clock show?","","diagram","9:00 | 12:40 | 8:00 | 7:00","8:00","Short hand = hour. Long hand on 12 means o'clock; on 6 means half past.","The short hand is the hour hand. It points right at 8. → The long hand is the minute hand. It points to 12, which means 0 minutes — o'clock. → The time is 8:00."
"1.MD.B.3","Measuring, time & data","Tell the time","Which time is half past 7?","","","7:00 | 8:30 | 7:30 | 6:30","7:30","Half past means 30 minutes after the hour.","Half past 7 means half an hour after 7:00. → Half an hour is 30 minutes. → We write it 7:30."
"1.MD.B.3","Measuring, time & data","Tell the time","What time does the clock show?","","diagram","9:30 | 6:45 | 8:30 | 10:30","9:30","Short hand = hour. Long hand on 12 means o'clock; on 6 means half past.","The short hand is the hour hand. It points between 9 and 10, so the hour is 9. → The long hand is the minute hand. It points to 6, which means 30 minutes — half past. → The time is 9:30."
"1.MD.B.3","Measuring, time & data","Tell the time","Which time is half past 4?","","","5:30 | 5:00 | 4:00 | 4:30","4:30","Half past means 30 minutes after the hour.","Half past 4 means half an hour after 4:00. → Half an hour is 30 minutes. → We write it 4:30."
"1.MD.B.3","Measuring, time & data","Tell the time","What time does the clock show?","","diagram","4:00 | 12:15 | 2:00 | 3:00","3:00","Short hand = hour. Long hand on 12 means o'clock; on 6 means half past.","The short hand is the hour hand. It points right at 3. → The long hand is the minute hand. It points to 12, which means 0 minutes — o'clock. → The time is 3:00."
"1.MD.B.3","Measuring, time & data","Tell the time","Which clock shows 9:30?","","picture choices","[picture] | [picture] | [picture] | [picture]","[picture 2]","Find the clock whose short hand shows 9 and long hand points to 6.","9:30 means the hour is 9 and the minutes are 30. → The short hand should point between 9 and 10. → The long hand should point to 6 for half past."
"1.MD.B.3","Measuring, time & data","Tell the time","Which time is half past 2?","","","2:30 | 3:00 | 2:00 | 1:30","2:30","Half past means 30 minutes after the hour.","Half past 2 means half an hour after 2:00. → Half an hour is 30 minutes. → We write it 2:30."
"1.MD.B.3","Measuring, time & data","Tell the time","What time does the clock show?","","diagram","10:30 | 9:30 | 10:00 | 11:30","10:30","Short hand = hour. Long hand on 12 means o'clock; on 6 means half past.","The short hand is the hour hand. It points between 10 and 11, so the hour is 10. → The long hand is the minute hand. It points to 6, which means 30 minutes — half past. → The time is 10:30."
"1.MD.B.3","Measuring, time & data","Tell the time","Which time is half past 5?","","","6:30 | 6:00 | 5:00 | 5:30","5:30","Half past means 30 minutes after the hour.","Half past 5 means half an hour after 5:00. → Half an hour is 30 minutes. → We write it 5:30."
"1.MD.B.3","Measuring, time & data","Tell the time","Which time is half past 12?","","","12:00 | 1:30 | 11:30 | 12:30","12:30","Half past means 30 minutes after the hour.","Half past 12 means half an hour after 12:00. → Half an hour is 30 minutes. → We write it 12:30."
"1.MD.B.3","Measuring, time & data","Tell the time","Which time is half past 8?","","","8:00 | 7:30 | 8:30 | 9:00","8:30","Half past means 30 minutes after the hour.","Half past 8 means half an hour after 8:00. → Half an hour is 30 minutes. → We write it 8:30."
"1.MD.B.3","Measuring, time & data","Tell the time","What time does the clock show?","","diagram","11:00 | 6:55 | 10:30 | 11:30","11:30","Short hand = hour. Long hand on 12 means o'clock; on 6 means half past.","The short hand is the hour hand. It points between 11 and 12, so the hour is 11. → The long hand is the minute hand. It points to 6, which means 30 minutes — half past. → The time is 11:30."
"1.MD.B.3","Measuring, time & data","Tell the time","What time does the clock show?","","diagram","12:20 | 4:00 | 5:00 | 3:00","4:00","Short hand = hour. Long hand on 12 means o'clock; on 6 means half past.","The short hand is the hour hand. It points right at 4. → The long hand is the minute hand. It points to 12, which means 0 minutes — o'clock. → The time is 4:00."
"1.MD.B.3","Measuring, time & data","Tell the time","Which time is half past 11?","","","11:30 | 11:00 | 12:00 | 10:30","11:30","Half past means 30 minutes after the hour.","Half past 11 means half an hour after 11:00. → Half an hour is 30 minutes. → We write it 11:30."
"1.MD.B.3","Measuring, time & data","Tell the time","Which clock shows 3:00?","","picture choices","[picture] | [picture] | [picture] | [picture]","[picture 1]","Find the clock whose short hand shows 3 and long hand points to 12.","3:00 means the hour is 3 and the minutes are 00. → The short hand should point at 3. → The long hand should point to 12 for o'clock."
"1.MD.B.3","Measuring, time & data","Tell the time","What time does the clock show?","","diagram","4:30 | 3:00 | 3:30 | 2:30","3:30","Short hand = hour. Long hand on 12 means o'clock; on 6 means half past.","The short hand is the hour hand. It points between 3 and 4, so the hour is 3. → The long hand is the minute hand. It points to 6, which means 30 minutes — half past. → The time is 3:30."
"1.MD.B.3","Measuring, time & data","Tell the time","What time does the clock show?","","diagram","6:50 | 9:30 | 10:30 | 11:30","10:30","Short hand = hour. Long hand on 12 means o'clock; on 6 means half past.","The short hand is the hour hand. It points between 10 and 11, so the hour is 10. → The long hand is the minute hand. It points to 6, which means 30 minutes — half past. → The time is 10:30."
"1.MD.B.3","Measuring, time & data","Tell the time","Which time is half past 2?","","","1:30 | 3:30 | 2:30 | 3:00","2:30","Half past means 30 minutes after the hour.","Half past 2 means half an hour after 2:00. → Half an hour is 30 minutes. → We write it 2:30."
"1.MD.B.3","Measuring, time & data","Tell the time","What time does the clock show?","","diagram","1:30 | 2:30 | 6:05 | 12:30","1:30","Short hand = hour. Long hand on 12 means o'clock; on 6 means half past.","The short hand is the hour hand. It points between 1 and 2, so the hour is 1. → The long hand is the minute hand. It points to 6, which means 30 minutes — half past. → The time is 1:30."
"1.MD.B.3","Measuring, time & data","Tell the time","Which time is half past 12?","","","12:00 | 1:30 | 1:00 | 12:30","12:30","Half past means 30 minutes after the hour.","Half past 12 means half an hour after 12:00. → Half an hour is 30 minutes. → We write it 12:30."
"1.MD.B.3","Measuring, time & data","Tell the time","Which time is half past 8?","","","8:00 | 9:30 | 7:30 | 8:30","8:30","Half past means 30 minutes after the hour.","Half past 8 means half an hour after 8:00. → Half an hour is 30 minutes. → We write it 8:30."
"1.MD.B.3","Measuring, time & data","Tell the time","What time does the clock show?","","diagram","9:00 | 11:00 | 10:00 | 10:30","10:00","Short hand = hour. Long hand on 12 means o'clock; on 6 means half past.","The short hand is the hour hand. It points right at 10. → The long hand is the minute hand. It points to 12, which means 0 minutes — o'clock. → The time is 10:00."
"1.MD.B.3","Measuring, time & data","Tell the time","What time does the clock show?","","diagram","4:30 | 12:20 | 4:00 | 5:00","4:00","Short hand = hour. Long hand on 12 means o'clock; on 6 means half past.","The short hand is the hour hand. It points right at 4. → The long hand is the minute hand. It points to 12, which means 0 minutes — o'clock. → The time is 4:00."
"1.MD.B.3","Measuring, time & data","Tell the time","Which time is half past 12?","","","11:30 | 12:00 | 1:30 | 12:30","12:30","Half past means 30 minutes after the hour.","Half past 12 means half an hour after 12:00. → Half an hour is 30 minutes. → We write it 12:30."
"1.MD.B.3","Measuring, time & data","Tell the time","What time does the clock show?","","diagram","8:00 | 6:40 | 9:30 | 8:30","8:30","Short hand = hour. Long hand on 12 means o'clock; on 6 means half past.","The short hand is the hour hand. It points between 8 and 9, so the hour is 8. → The long hand is the minute hand. It points to 6, which means 30 minutes — half past. → The time is 8:30."
"1.MD.B.3","Measuring, time & data","Tell the time","Which time is half past 7?","","","6:30 | 8:00 | 7:30 | 8:30","7:30","Half past means 30 minutes after the hour.","Half past 7 means half an hour after 7:00. → Half an hour is 30 minutes. → We write it 7:30."
"1.MD.B.3","Measuring, time & data","Tell the time","What time does the clock show?","","diagram","3:00 | 2:00 | 4:00 | 3:30","3:00","Short hand = hour. Long hand on 12 means o'clock; on 6 means half past.","The short hand is the hour hand. It points right at 3. → The long hand is the minute hand. It points to 12, which means 0 minutes — o'clock. → The time is 3:00."
"1.MD.B.3","Measuring, time & data","Tell the time","What time does the clock show?","","diagram","3:30 | 1:30 | 6:10 | 2:30","2:30","Short hand = hour. Long hand on 12 means o'clock; on 6 means half past.","The short hand is the hour hand. It points between 2 and 3, so the hour is 2. → The long hand is the minute hand. It points to 6, which means 30 minutes — half past. → The time is 2:30."
"1.MD.B.3","Measuring, time & data","Tell the time","What time does the clock show?","","diagram","6:30 | 5:30 | 7:30 | 6:00","6:30","Short hand = hour. Long hand on 12 means o'clock; on 6 means half past.","The short hand is the hour hand. It points between 6 and 7, so the hour is 6. → The long hand is the minute hand. It points to 6, which means 30 minutes — half past. → The time is 6:30."
"1.MD.B.3","Measuring, time & data","Tell the time","Which clock shows 7:30?","","picture choices","[picture] | [picture] | [picture] | [picture]","[picture 2]","Find the clock whose short hand shows 7 and long hand points to 6.","7:30 means the hour is 7 and the minutes are 30. → The short hand should point between 7 and 8. → The long hand should point to 6 for half past."
"1.MD.B.3","Measuring, time & data","Tell the time","What time does the clock show?","","diagram","4:30 | 4:00 | 12:20 | 3:00","4:00","Short hand = hour. Long hand on 12 means o'clock; on 6 means half past.","The short hand is the hour hand. It points right at 4. → The long hand is the minute hand. It points to 12, which means 0 minutes — o'clock. → The time is 4:00."
"1.MD.B.3","Measuring, time & data","Tell the time","What time does the clock show?","","diagram","5:00 | 12:30 | 6:30 | 6:00","6:00","Short hand = hour. Long hand on 12 means o'clock; on 6 means half past.","The short hand is the hour hand. It points right at 6. → The long hand is the minute hand. It points to 12, which means 0 minutes — o'clock. → The time is 6:00."
"1.MD.B.3","Measuring, time & data","Tell the time","Which time is half past 6?","","","5:30 | 7:00 | 6:30 | 6:00","6:30","Half past means 30 minutes after the hour.","Half past 6 means half an hour after 6:00. → Half an hour is 30 minutes. → We write it 6:30."
"1.MD.B.3","Measuring, time & data","Tell the time","Which time is half past 6?","","","5:30 | 6:00 | 6:30 | 7:30","6:30","Half past means 30 minutes after the hour.","Half past 6 means half an hour after 6:00. → Half an hour is 30 minutes. → We write it 6:30."
"1.MD.B.3","Measuring, time & data","Tell the time","What time does the clock show?","","diagram","7:30 | 5:30 | 6:30 | 6:00","6:30","Short hand = hour. Long hand on 12 means o'clock; on 6 means half past.","The short hand is the hour hand. It points between 6 and 7, so the hour is 6. → The long hand is the minute hand. It points to 6, which means 30 minutes — half past. → The time is 6:30."
"1.MD.B.3","Measuring, time & data","Tell the time","What time does the clock show?","","diagram","2:30 | 2:00 | 1:30 | 6:10","2:30","Short hand = hour. Long hand on 12 means o'clock; on 6 means half past.","The short hand is the hour hand. It points between 2 and 3, so the hour is 2. → The long hand is the minute hand. It points to 6, which means 30 minutes — half past. → The time is 2:30."
"1.MD.B.3","Measuring, time & data","Tell the time","Which clock shows 6:30?","","picture choices","[picture] | [picture] | [picture] | [picture]","[picture 2]","Find the clock whose short hand shows 6 and long hand points to 6.","6:30 means the hour is 6 and the minutes are 30. → The short hand should point between 6 and 7. → The long hand should point to 6 for half past."
"1.MD.B.3","Measuring, time & data","Tell the time","Which clock shows 11:00?","","picture choices","[picture] | [picture] | [picture] | [picture]","[picture 3]","Find the clock whose short hand shows 11 and long hand points to 12.","11:00 means the hour is 11 and the minutes are 00. → The short hand should point at 11. → The long hand should point to 12 for o'clock."
"1.MD.B.3","Measuring, time & data","Tell the time","Which time is half past 1?","","","2:30 | 1:30 | 2:00 | 12:30","1:30","Half past means 30 minutes after the hour.","Half past 1 means half an hour after 1:00. → Half an hour is 30 minutes. → We write it 1:30."
"1.MD.B.3","Measuring, time & data","Tell the time","Which time is half past 11?","","","11:30 | 10:30 | 12:00 | 11:00","11:30","Half past means 30 minutes after the hour.","Half past 11 means half an hour after 11:00. → Half an hour is 30 minutes. → We write it 11:30."
"1.MD.B.3","Measuring, time & data","Tell the time","Which time is half past 9?","","","8:30 | 10:00 | 9:00 | 9:30","9:30","Half past means 30 minutes after the hour.","Half past 9 means half an hour after 9:00. → Half an hour is 30 minutes. → We write it 9:30."
"1.MD.B.3","Measuring, time & data","Tell the time","Which time is half past 7?","","","7:00 | 8:00 | 7:30 | 6:30","7:30","Half past means 30 minutes after the hour.","Half past 7 means half an hour after 7:00. → Half an hour is 30 minutes. → We write it 7:30."
"1.MD.B.3","Measuring, time & data","Tell the time","What time does the clock show?","","diagram","1:30 | 1:00 | 2:30 | 12:30","1:30","Short hand = hour. Long hand on 12 means o'clock; on 6 means half past.","The short hand is the hour hand. It points between 1 and 2, so the hour is 1. → The long hand is the minute hand. It points to 6, which means 30 minutes — half past. → The time is 1:30."
"1.MD.B.3","Measuring, time & data","Tell the time","What time does the clock show?","","diagram","5:30 | 6:00 | 6:30 | 7:30","6:30","Short hand = hour. Long hand on 12 means o'clock; on 6 means half past.","The short hand is the hour hand. It points between 6 and 7, so the hour is 6. → The long hand is the minute hand. It points to 6, which means 30 minutes — half past. → The time is 6:30."
"1.MD.B.3","Measuring, time & data","Tell the time","What time does the clock show?","","diagram","9:00 | 8:00 | 8:30 | 7:00","8:00","Short hand = hour. Long hand on 12 means o'clock; on 6 means half past.","The short hand is the hour hand. It points right at 8. → The long hand is the minute hand. It points to 12, which means 0 minutes — o'clock. → The time is 8:00."
"1.MD.B.3","Measuring, time & data","Tell the time","What time does the clock show?","","diagram","2:00 | 3:00 | 2:30 | 12:10","2:00","Short hand = hour. Long hand on 12 means o'clock; on 6 means half past.","The short hand is the hour hand. It points right at 2. → The long hand is the minute hand. It points to 12, which means 0 minutes — o'clock. → The time is 2:00."
"1.MD.B.3","Measuring, time & data","Tell the time","Which time is half past 9?","","","9:30 | 10:30 | 9:00 | 8:30","9:30","Half past means 30 minutes after the hour.","Half past 9 means half an hour after 9:00. → Half an hour is 30 minutes. → We write it 9:30."
"1.MD.B.3","Measuring, time & data","Tell the time","Which clock shows 9:00?","","picture choices","[picture] | [picture] | [picture] | [picture]","[picture 4]","Find the clock whose short hand shows 9 and long hand points to 12.","9:00 means the hour is 9 and the minutes are 00. → The short hand should point at 9. → The long hand should point to 12 for o'clock."
"1.MD.B.3","Measuring, time & data","Tell the time","Which time is half past 2?","","","1:30 | 3:00 | 2:30 | 2:00","2:30","Half past means 30 minutes after the hour.","Half past 2 means half an hour after 2:00. → Half an hour is 30 minutes. → We write it 2:30."
"1.MD.B.3","Measuring, time & data","Tell the time","Which time is half past 3?","","","3:30 | 2:30 | 4:00 | 4:30","3:30","Half past means 30 minutes after the hour.","Half past 3 means half an hour after 3:00. → Half an hour is 30 minutes. → We write it 3:30."
"1.MD.B.3","Measuring, time & data","Tell the time","Which clock shows 2:00?","","picture choices","[picture] | [picture] | [picture] | [picture]","[picture 1]","Find the clock whose short hand shows 2 and long hand points to 12.","2:00 means the hour is 2 and the minutes are 00. → The short hand should point at 2. → The long hand should point to 12 for o'clock."
"1.MD.B.3","Measuring, time & data","Tell the time","What time does the clock show?","","diagram","4:00 | 3:00 | 12:20 | 4:30","4:00","Short hand = hour. Long hand on 12 means o'clock; on 6 means half past.","The short hand is the hour hand. It points right at 4. → The long hand is the minute hand. It points to 12, which means 0 minutes — o'clock. → The time is 4:00."
"1.MD.B.3","Measuring, time & data","Tell the time","Which time is half past 4?","","","4:00 | 4:30 | 5:30 | 5:00","4:30","Half past means 30 minutes after the hour.","Half past 4 means half an hour after 4:00. → Half an hour is 30 minutes. → We write it 4:30."
"1.MD.B.3","Measuring, time & data","Tell the time","Which clock shows 1:30?","","picture choices","[picture] | [picture] | [picture] | [picture]","[picture 3]","Find the clock whose short hand shows 1 and long hand points to 6.","1:30 means the hour is 1 and the minutes are 30. → The short hand should point between 1 and 2. → The long hand should point to 6 for half past."
"1.MD.B.3","Measuring, time & data","Tell the time","Which time is half past 6?","","","7:30 | 6:00 | 5:30 | 6:30","6:30","Half past means 30 minutes after the hour.","Half past 6 means half an hour after 6:00. → Half an hour is 30 minutes. → We write it 6:30."
"1.MD.B.3","Measuring, time & data","Tell the time","What time does the clock show?","","diagram","6:10 | 3:30 | 2:30 | 2:00","2:30","Short hand = hour. Long hand on 12 means o'clock; on 6 means half past.","The short hand is the hour hand. It points between 2 and 3, so the hour is 2. → The long hand is the minute hand. It points to 6, which means 30 minutes — half past. → The time is 2:30."
"1.MD.B.3","Measuring, time & data","Tell the time","Which clock shows 12:00?","","picture choices","[picture] | [picture] | [picture] | [picture]","[picture 4]","Find the clock whose short hand shows 12 and long hand points to 12.","12:00 means the hour is 12 and the minutes are 00. → The short hand should point at 12. → The long hand should point to 12 for o'clock."
"1.MD.B.3","Measuring, time & data","Tell the time","What time does the clock show?","","diagram","6:00 | 4:00 | 5:30 | 5:00","5:00","Short hand = hour. Long hand on 12 means o'clock; on 6 means half past.","The short hand is the hour hand. It points right at 5. → The long hand is the minute hand. It points to 12, which means 0 minutes — o'clock. → The time is 5:00."
"1.MD.B.3","Measuring, time & data","Tell the time","What time does the clock show?","","diagram","2:00 | 4:00 | 12:15 | 3:00","3:00","Short hand = hour. Long hand on 12 means o'clock; on 6 means half past.","The short hand is the hour hand. It points right at 3. → The long hand is the minute hand. It points to 12, which means 0 minutes — o'clock. → The time is 3:00."
"1.MD.B.3","Measuring, time & data","Tell the time","Which time is half past 12?","","","1:30 | 11:30 | 12:00 | 12:30","12:30","Half past means 30 minutes after the hour.","Half past 12 means half an hour after 12:00. → Half an hour is 30 minutes. → We write it 12:30."
"1.MD.B.3","Measuring, time & data","Tell the time","What time does the clock show?","","diagram","4:00 | 12:20 | 4:30 | 3:00","4:00","Short hand = hour. Long hand on 12 means o'clock; on 6 means half past.","The short hand is the hour hand. It points right at 4. → The long hand is the minute hand. It points to 12, which means 0 minutes — o'clock. → The time is 4:00."
"1.MD.C.4","Measuring, time & data","Read a graph","Favorite fruit. How many children chose apples?","","diagram","2 | 1 | 3 | 0","2","Find Apples on the graph. Read the top of each bar against the numbers on the left.","Find Apples. → Read the top of each bar against the numbers on the left. → Apples shows 2."
"1.MD.C.4","Measuring, time & data","Read a graph","How we get to school. Which did the most children choose?","","pictures","Walk | Bike","Walk","Look for the tallest bar or longest row.","Count the pictures in each row. → Bike: 4, Walk: 8. → The biggest number is 8, so the answer is Walk."
"1.MD.C.4","Measuring, time & data","Read a graph","Favorite pet. How many more children chose dogs than cats?","","diagram","2 | 7 | 9 | 11","7","Find both numbers, then subtract the smaller from the bigger.","Dogs shows 9. Cats shows 2. → Find the difference. → 9 − 2 = 7"
"1.MD.C.4","Measuring, time & data","Read a graph","Favorite weather. How many children chose rainy?","","pictures","3 | 1 | 2 | 0","2","Find Rainy on the graph. Count the pictures in each row.","Find Rainy. → Count the pictures in each row. → Rainy shows 2."
"1.MD.C.4","Measuring, time & data","Read a graph","Favorite treat. How many children answered in all?","","pictures","20 | 15 | 17 | 16","17","Add up every group.","Ice cream: 7, Cupcakes: 4, Cookies: 6. → Add them all: 7 + 4 + 6 = 17."
"1.MD.C.4","Measuring, time & data","Read a graph","Favorite treat. How many more children chose ice cream than cookies?","","pictures","4 | 9 | 5 | 7","5","Find both numbers, then subtract the smaller from the bigger.","Ice cream shows 9. Cookies shows 4. → Find the difference. → 9 − 4 = 5"
"1.MD.C.4","Measuring, time & data","Read a graph","How we get to school. How many more children chose walk than bike?","","pictures","5 | 2 | 9 | 7","5","Find both numbers, then subtract the smaller from the bigger.","Walk shows 7. Bike shows 2. → Find the difference. → 7 − 2 = 5"
"1.MD.C.4","Measuring, time & data","Read a graph","How we get to school. How many children chose bike?","","diagram","3 | 6 | 5 | 7","5","Find Bike on the graph. Read the top of each bar against the numbers on the left.","Find Bike. → Read the top of each bar against the numbers on the left. → Bike shows 5."
"1.MD.C.4","Measuring, time & data","Read a graph","Favorite sport. Which did the fewest children choose?","","diagram","Tennis | Soccer | Basketball","Soccer","Look for the shortest bar or shortest row.","Read the top of each bar against the numbers on the left. → Basketball: 7, Soccer: 5, Tennis: 9. → The smallest number is 5, so the answer is Soccer."
"1.MD.C.4","Measuring, time & data","Read a graph","Favorite fruit. How many more children chose grapes than bananas?","","pictures","7 | 8 | 0 | 1","1","Find both numbers, then subtract the smaller from the bigger.","Grapes shows 8. Bananas shows 7. → Find the difference. → 8 − 7 = 1"
"1.MD.C.4","Measuring, time & data","Read a graph","Favorite weather. Which did the fewest children choose?","","diagram","Rainy | Sunny | Snowy","Sunny","Look for the shortest bar or shortest row.","Read the top of each bar against the numbers on the left. → Sunny: 6, Snowy: 7, Rainy: 8. → The smallest number is 6, so the answer is Sunny."
"1.MD.C.4","Measuring, time & data","Read a graph","Favorite fruit. How many children answered in all?","","pictures","14 | 8 | 11 | 9","11","Add up every group.","Grapes: 4, Bananas: 6, Apples: 1. → Add them all: 4 + 6 + 1 = 11."
"1.MD.C.4","Measuring, time & data","Read a graph","Favorite pet. How many children answered in all?","","diagram","15 | 16 | 14 | 17","17","Add up every group.","Dogs: 6, Cats: 3, Fish: 8. → Add them all: 6 + 3 + 8 = 17."
"1.MD.C.4","Measuring, time & data","Read a graph","Favorite treat. How many more children chose cookies than ice cream?","","pictures","5 | 9 | 3 | 4","5","Find both numbers, then subtract the smaller from the bigger.","Cookies shows 9. Ice cream shows 4. → Find the difference. → 9 − 4 = 5"
"1.MD.C.4","Measuring, time & data","Read a graph","Favorite weather. How many children chose rainy?","","diagram","3 | 0 | 4 | 2","2","Find Rainy on the graph. Read the top of each bar against the numbers on the left.","Find Rainy. → Read the top of each bar against the numbers on the left. → Rainy shows 2."
"1.MD.C.4","Measuring, time & data","Read a graph","Favorite weather. Which did the fewest children choose?","","pictures","Snowy | Rainy","Rainy","Look for the shortest bar or shortest row.","Count the pictures in each row. → Snowy: 4, Rainy: 3. → The smallest number is 3, so the answer is Rainy."
"1.MD.C.4","Measuring, time & data","Read a graph","Favorite sport. How many children chose soccer?","","diagram","10 | 11 | 9 | 7","9","Find Soccer on the graph. Read the top of each bar against the numbers on the left.","Find Soccer. → Read the top of each bar against the numbers on the left. → Soccer shows 9."
"1.MD.C.4","Measuring, time & data","Read a graph","Favorite treat. How many children answered in all?","","diagram","3 | 2 | 6 | 4","4","Add up every group.","Ice cream: 3, Cupcakes: 1. → Add them all: 3 + 1 = 4."
"1.MD.C.4","Measuring, time & data","Read a graph","Favorite fruit. How many more children chose grapes than bananas?","","diagram","7 | 11 | 2 | 9","7","Find both numbers, then subtract the smaller from the bigger.","Grapes shows 9. Bananas shows 2. → Find the difference. → 9 − 2 = 7"
"1.MD.C.4","Measuring, time & data","Read a graph","Favorite treat. How many children answered in all?","","pictures","16 | 10 | 13 | 14","13","Add up every group.","Cupcakes: 8, Cookies: 2, Ice cream: 3. → Add them all: 8 + 2 + 3 = 13."
"1.MD.C.4","Measuring, time & data","Read a graph","Favorite treat. How many children answered in all?","","pictures","17 | 21 | 22 | 20","20","Add up every group.","Cookies: 9, Ice cream: 4, Cupcakes: 7. → Add them all: 9 + 4 + 7 = 20."
"1.MD.C.4","Measuring, time & data","Read a graph","Favorite weather. Which did the most children choose?","","pictures","Snowy | Sunny | Rainy","Snowy","Look for the tallest bar or longest row.","Count the pictures in each row. → Rainy: 6, Snowy: 8, Sunny: 3. → The biggest number is 8, so the answer is Snowy."
"1.MD.C.4","Measuring, time & data","Read a graph","Favorite sport. How many more children chose tennis than basketball?","","diagram","4 | 2 | 0 | 6","2","Find both numbers, then subtract the smaller from the bigger.","Tennis shows 4. Basketball shows 2. → Find the difference. → 4 − 2 = 2"
"1.MD.C.4","Measuring, time & data","Read a graph","Favorite pet. How many children chose fish?","","diagram","8 | 6 | 5 | 7","7","Find Fish on the graph. Read the top of each bar against the numbers on the left.","Find Fish. → Read the top of each bar against the numbers on the left. → Fish shows 7."
"1.MD.C.4","Measuring, time & data","Read a graph","Favorite treat. Which did the fewest children choose?","","pictures","Cupcakes | Ice cream","Cupcakes","Look for the shortest bar or shortest row.","Count the pictures in each row. → Ice cream: 8, Cupcakes: 1. → The smallest number is 1, so the answer is Cupcakes."
"1.MD.C.4","Measuring, time & data","Read a graph","Favorite weather. How many more children chose snowy than rainy?","","diagram","9 | 8 | 7 | 1","7","Find both numbers, then subtract the smaller from the bigger.","Snowy shows 8. Rainy shows 1. → Find the difference. → 8 − 1 = 7"
"1.MD.C.4","Measuring, time & data","Read a graph","Favorite sport. How many children answered in all?","","diagram","16 | 13 | 15 | 11","13","Add up every group.","Soccer: 4, Tennis: 2, Basketball: 7. → Add them all: 4 + 2 + 7 = 13."
"1.MD.C.4","Measuring, time & data","Read a graph","How we get to school. How many children chose walk?","","diagram","2 | 1 | 4 | 3","3","Find Walk on the graph. Read the top of each bar against the numbers on the left.","Find Walk. → Read the top of each bar against the numbers on the left. → Walk shows 3."
"1.MD.C.4","Measuring, time & data","Read a graph","Favorite weather. How many children chose rainy?","","diagram","9 | 10 | 7 | 8","8","Find Rainy on the graph. Read the top of each bar against the numbers on the left.","Find Rainy. → Read the top of each bar against the numbers on the left. → Rainy shows 8."
"1.MD.C.4","Measuring, time & data","Read a graph","Favorite sport. How many children answered in all?","","pictures","8 | 9 | 5 | 11","8","Add up every group.","Soccer: 1, Basketball: 2, Tennis: 5. → Add them all: 1 + 2 + 5 = 8."
"1.MD.C.4","Measuring, time & data","Read a graph","Favorite weather. How many children answered in all?","","diagram","10 | 13 | 11 | 12","11","Add up every group.","Snowy: 1, Rainy: 7, Sunny: 3. → Add them all: 1 + 7 + 3 = 11."
"1.MD.C.4","Measuring, time & data","Read a graph","Favorite weather. How many more children chose rainy than sunny?","","pictures","0 | 3 | 1 | 2","1","Find both numbers, then subtract the smaller from the bigger.","Rainy shows 2. Sunny shows 1. → Find the difference. → 2 − 1 = 1"
"1.MD.C.4","Measuring, time & data","Read a graph","How we get to school. How many more children chose bike than bus?","","pictures","7 | 0 | 8 | 1","1","Find both numbers, then subtract the smaller from the bigger.","Bike shows 8. Bus shows 7. → Find the difference. → 8 − 7 = 1"
"1.MD.C.4","Measuring, time & data","Read a graph","Favorite treat. How many children answered in all?","","diagram","5 | 6 | 11 | 8","8","Add up every group.","Cookies: 1, Ice cream: 7. → Add them all: 1 + 7 = 8."
"1.MD.C.4","Measuring, time & data","Read a graph","How we get to school. Which did the most children choose?","","diagram","Bus | Bike","Bike","Look for the tallest bar or longest row.","Read the top of each bar against the numbers on the left. → Bike: 9, Bus: 5. → The biggest number is 9, so the answer is Bike."
"1.MD.C.4","Measuring, time & data","Read a graph","Favorite fruit. How many children chose grapes?","","diagram","5 | 4 | 3 | 7","5","Find Grapes on the graph. Read the top of each bar against the numbers on the left.","Find Grapes. → Read the top of each bar against the numbers on the left. → Grapes shows 5."
"1.MD.C.4","Measuring, time & data","Read a graph","Favorite weather. How many more children chose rainy than sunny?","","diagram","8 | 12 | 3 | 4","4","Find both numbers, then subtract the smaller from the bigger.","Rainy shows 8. Sunny shows 4. → Find the difference. → 8 − 4 = 4"
"1.MD.C.4","Measuring, time & data","Read a graph","How we get to school. Which did the fewest children choose?","","diagram","Bike | Walk | Bus","Walk","Look for the shortest bar or shortest row.","Read the top of each bar against the numbers on the left. → Bus: 9, Walk: 4, Bike: 7. → The smallest number is 4, so the answer is Walk."
"1.MD.C.4","Measuring, time & data","Read a graph","Favorite pet. How many children answered in all?","","diagram","1 | 4 | 3 | 0","3","Add up every group.","Cats: 2, Dogs: 1. → Add them all: 2 + 1 = 3."
"1.MD.C.4","Measuring, time & data","Read a graph","Favorite fruit. Which did the fewest children choose?","","diagram","Grapes | Apples | Bananas","Apples","Look for the shortest bar or shortest row.","Read the top of each bar against the numbers on the left. → Bananas: 6, Apples: 2, Grapes: 9. → The smallest number is 2, so the answer is Apples."
"1.MD.C.4","Measuring, time & data","Read a graph","How we get to school. How many children answered in all?","","pictures","12 | 13 | 11 | 10","13","Add up every group.","Bus: 5, Bike: 8. → Add them all: 5 + 8 = 13."
"1.MD.C.4","Measuring, time & data","Read a graph","Favorite sport. How many children answered in all?","","diagram","14 | 16 | 17 | 13","16","Add up every group.","Soccer: 4, Tennis: 7, Basketball: 5. → Add them all: 4 + 7 + 5 = 16."
"1.MD.C.4","Measuring, time & data","Read a graph","Favorite pet. How many children chose dogs?","","pictures","0 | 4 | 3 | 2","2","Find Dogs on the graph. Count the pictures in each row.","Find Dogs. → Count the pictures in each row. → Dogs shows 2."
"1.MD.C.4","Measuring, time & data","Read a graph","Favorite sport. How many children answered in all?","","diagram","9 | 15 | 14 | 12","12","Add up every group.","Tennis: 9, Soccer: 1, Basketball: 2. → Add them all: 9 + 1 + 2 = 12."
"1.MD.C.4","Measuring, time & data","Read a graph","Favorite pet. How many children chose cats?","","diagram","4 | 2 | 3 | 1","2","Find Cats on the graph. Read the top of each bar against the numbers on the left.","Find Cats. → Read the top of each bar against the numbers on the left. → Cats shows 2."
"1.MD.C.4","Measuring, time & data","Read a graph","How we get to school. How many children answered in all?","","pictures","18 | 14 | 15 | 17","15","Add up every group.","Bike: 5, Bus: 4, Walk: 6. → Add them all: 5 + 4 + 6 = 15."
"1.MD.C.4","Measuring, time & data","Read a graph","How we get to school. How many more children chose bike than walk?","","pictures","3 | 1 | 0 | 2","1","Find both numbers, then subtract the smaller from the bigger.","Bike shows 2. Walk shows 1. → Find the difference. → 2 − 1 = 1"
"1.MD.C.4","Measuring, time & data","Read a graph","Favorite sport. How many children chose basketball?","","diagram","6 | 8 | 5 | 4","6","Find Basketball on the graph. Read the top of each bar against the numbers on the left.","Find Basketball. → Read the top of each bar against the numbers on the left. → Basketball shows 6."
"1.MD.C.4","Measuring, time & data","Read a graph","Favorite treat. How many children answered in all?","","pictures","10 | 9 | 8 | 7","8","Add up every group.","Cupcakes: 3, Cookies: 5. → Add them all: 3 + 5 = 8."
"1.MD.C.4","Measuring, time & data","Read a graph","Favorite sport. How many more children chose tennis than soccer?","","pictures","7 | 2 | 5 | 12","2","Find both numbers, then subtract the smaller from the bigger.","Tennis shows 7. Soccer shows 5. → Find the difference. → 7 − 5 = 2"
"1.MD.C.4","Measuring, time & data","Read a graph","Favorite fruit. How many children answered in all?","","pictures","11 | 14 | 12 | 13","14","Add up every group.","Apples: 9, Bananas: 3, Grapes: 2. → Add them all: 9 + 3 + 2 = 14."
"1.MD.C.4","Measuring, time & data","Read a graph","Favorite sport. How many children chose basketball?","","diagram","0 | 3 | 1 | 2","2","Find Basketball on the graph. Read the top of each bar against the numbers on the left.","Find Basketball. → Read the top of each bar against the numbers on the left. → Basketball shows 2."
"1.MD.C.4","Measuring, time & data","Read a graph","Favorite pet. Which did the fewest children choose?","","diagram","Cats | Dogs","Dogs","Look for the shortest bar or shortest row.","Read the top of each bar against the numbers on the left. → Dogs: 2, Cats: 9. → The smallest number is 2, so the answer is Dogs."
"1.MD.C.4","Measuring, time & data","Read a graph","Favorite weather. How many more children chose sunny than rainy?","","pictures","9 | 1 | 5 | 4","1","Find both numbers, then subtract the smaller from the bigger.","Sunny shows 5. Rainy shows 4. → Find the difference. → 5 − 4 = 1"
"1.MD.C.4","Measuring, time & data","Read a graph","Favorite treat. How many more children chose cookies than ice cream?","","diagram","5 | 1 | 2 | 3","1","Find both numbers, then subtract the smaller from the bigger.","Cookies shows 3. Ice cream shows 2. → Find the difference. → 3 − 2 = 1"
"1.MD.C.4","Measuring, time & data","Read a graph","Favorite sport. How many more children chose tennis than soccer?","","pictures","1 | 11 | 6 | 5","1","Find both numbers, then subtract the smaller from the bigger.","Tennis shows 6. Soccer shows 5. → Find the difference. → 6 − 5 = 1"
"1.MD.C.4","Measuring, time & data","Read a graph","How we get to school. How many more children chose walk than bus?","","diagram","4 | 5 | 9 | 6","4","Find both numbers, then subtract the smaller from the bigger.","Walk shows 9. Bus shows 5. → Find the difference. → 9 − 5 = 4"
"1.MD.C.4","Measuring, time & data","Read a graph","Favorite sport. How many more children chose tennis than basketball?","","pictures","2 | 4 | 8 | 6","2","Find both numbers, then subtract the smaller from the bigger.","Tennis shows 8. Basketball shows 6. → Find the difference. → 8 − 6 = 2"
"1.MD.C.4","Measuring, time & data","Read a graph","Favorite pet. How many more children chose cats than dogs?","","pictures","1 | 7 | 0 | 8","1","Find both numbers, then subtract the smaller from the bigger.","Cats shows 8. Dogs shows 7. → Find the difference. → 8 − 7 = 1"
"1.MD.C.4","Measuring, time & data","Read a graph","Favorite weather. How many more children chose snowy than sunny?","","diagram","1 | 5 | 3 | 4","3","Find both numbers, then subtract the smaller from the bigger.","Snowy shows 4. Sunny shows 1. → Find the difference. → 4 − 1 = 3"
"1.MD.C.4","Measuring, time & data","Read a graph","Favorite treat. How many more children chose cookies than ice cream?","","pictures","8 | 3 | 1 | 9","1","Find both numbers, then subtract the smaller from the bigger.","Cookies shows 9. Ice cream shows 8. → Find the difference. → 9 − 8 = 1"
"1.MD.C.4","Measuring, time & data","Read a graph","Favorite fruit. How many more children chose apples than bananas?","","diagram","9 | 5 | 3 | 4","5","Find both numbers, then subtract the smaller from the bigger.","Apples shows 9. Bananas shows 4. → Find the difference. → 9 − 4 = 5"
"1.MD.C.4","Measuring, time & data","Read a graph","Favorite fruit. How many more children chose bananas than grapes?","","pictures","6 | 12 | 8 | 4","4","Find both numbers, then subtract the smaller from the bigger.","Bananas shows 8. Grapes shows 4. → Find the difference. → 8 − 4 = 4"
"1.MD.C.4","Measuring, time & data","Read a graph","Favorite pet. How many more children chose fish than cats?","","diagram","7 | 4 | 3 | 11","3","Find both numbers, then subtract the smaller from the bigger.","Fish shows 7. Cats shows 4. → Find the difference. → 7 − 4 = 3"
"1.MD.C.4","Measuring, time & data","Read a graph","Favorite fruit. Which did the fewest children choose?","","pictures","Apples | Bananas | Grapes","Apples","Look for the shortest bar or shortest row.","Count the pictures in each row. → Bananas: 5, Grapes: 9, Apples: 1. → The smallest number is 1, so the answer is Apples."
"1.MD.C.4","Measuring, time & data","Read a graph","Favorite pet. How many more children chose cats than fish?","","pictures","8 | 12 | 4 | 3","4","Find both numbers, then subtract the smaller from the bigger.","Cats shows 8. Fish shows 4. → Find the difference. → 8 − 4 = 4"
"1.MD.C.4","Measuring, time & data","Read a graph","Favorite pet. How many more children chose cats than dogs?","","diagram","6 | 1 | 7 | 8","6","Find both numbers, then subtract the smaller from the bigger.","Cats shows 7. Dogs shows 1. → Find the difference. → 7 − 1 = 6"
"1.MD.C.4","Measuring, time & data","Read a graph","Favorite sport. How many children chose basketball?","","diagram","4 | 8 | 6 | 7","6","Find Basketball on the graph. Read the top of each bar against the numbers on the left.","Find Basketball. → Read the top of each bar against the numbers on the left. → Basketball shows 6."
"1.MD.C.4","Measuring, time & data","Read a graph","Favorite weather. How many more children chose snowy than rainy?","","pictures","1 | 2 | 0 | 3","1","Find both numbers, then subtract the smaller from the bigger.","Snowy shows 2. Rainy shows 1. → Find the difference. → 2 − 1 = 1"
"1.MD.C.4","Measuring, time & data","Read a graph","Favorite weather. How many more children chose sunny than snowy?","","pictures","4 | 3 | 11 | 7","3","Find both numbers, then subtract the smaller from the bigger.","Sunny shows 7. Snowy shows 4. → Find the difference. → 7 − 4 = 3"
"1.MD.C.4","Measuring, time & data","Read a graph","Favorite weather. How many children chose snowy?","","diagram","2 | 6 | 5 | 4","4","Find Snowy on the graph. Read the top of each bar against the numbers on the left.","Find Snowy. → Read the top of each bar against the numbers on the left. → Snowy shows 4."
"1.MD.C.4","Measuring, time & data","Read a graph","Favorite fruit. Which did the most children choose?","","diagram","Grapes | Apples","Grapes","Look for the tallest bar or longest row.","Read the top of each bar against the numbers on the left. → Grapes: 7, Apples: 1. → The biggest number is 7, so the answer is Grapes."
"1.MD.C.4","Measuring, time & data","Read a graph","Favorite treat. How many more children chose cupcakes than ice cream?","","diagram","6 | 9 | 4 | 3","3","Find both numbers, then subtract the smaller from the bigger.","Cupcakes shows 9. Ice cream shows 6. → Find the difference. → 9 − 6 = 3"
"1.MD.C.4","Measuring, time & data","Read a graph","Favorite fruit. Which did the most children choose?","","diagram","Grapes | Apples | Bananas","Apples","Look for the tallest bar or longest row.","Read the top of each bar against the numbers on the left. → Grapes: 3, Bananas: 2, Apples: 9. → The biggest number is 9, so the answer is Apples."
"1.MD.C.4","Measuring, time & data","Read a graph","Favorite pet. Which did the fewest children choose?","","pictures","Fish | Dogs | Cats","Fish","Look for the shortest bar or shortest row.","Count the pictures in each row. → Dogs: 5, Cats: 9, Fish: 1. → The smallest number is 1, so the answer is Fish."
"1.MD.C.4","Measuring, time & data","Read a graph","Favorite sport. How many children answered in all?","","diagram","14 | 13 | 10 | 11","13","Add up every group.","Basketball: 8, Tennis: 5. → Add them all: 8 + 5 = 13."
"1.MD.C.4","Measuring, time & data","Read a graph","Favorite fruit. How many children answered in all?","","diagram","16 | 15 | 12 | 14","15","Add up every group.","Bananas: 8, Grapes: 2, Apples: 5. → Add them all: 8 + 2 + 5 = 15."
"1.MD.C.4","Measuring, time & data","Read a graph","Favorite weather. How many children answered in all?","","diagram","13 | 10 | 11 | 12","10","Add up every group.","Rainy: 1, Snowy: 5, Sunny: 4. → Add them all: 1 + 5 + 4 = 10."
"1.MD.C.4","Measuring, time & data","Read a graph","How we get to school. How many children chose walk?","","diagram","5 | 7 | 6 | 4","5","Find Walk on the graph. Read the top of each bar against the numbers on the left.","Find Walk. → Read the top of each bar against the numbers on the left. → Walk shows 5."
"1.MD.C.4","Measuring, time & data","Read a graph","Favorite weather. How many more children chose sunny than snowy?","","pictures","6 | 10 | 4 | 2","2","Find both numbers, then subtract the smaller from the bigger.","Sunny shows 6. Snowy shows 4. → Find the difference. → 6 − 4 = 2"
"1.MD.C.4","Measuring, time & data","Read a graph","Favorite fruit. How many more children chose apples than grapes?","","diagram","11 | 8 | 5 | 3","5","Find both numbers, then subtract the smaller from the bigger.","Apples shows 8. Grapes shows 3. → Find the difference. → 8 − 3 = 5"
"1.MD.C.4","Measuring, time & data","Read a graph","Favorite treat. How many more children chose cookies than cupcakes?","","diagram","7 | 2 | 11 | 9","7","Find both numbers, then subtract the smaller from the bigger.","Cookies shows 9. Cupcakes shows 2. → Find the difference. → 9 − 2 = 7"
"1.MD.C.4","Measuring, time & data","Read a graph","Favorite pet. How many children answered in all?","","diagram","10 | 9 | 12 | 11","9","Add up every group.","Dogs: 6, Fish: 3. → Add them all: 6 + 3 = 9."
"1.MD.C.4","Measuring, time & data","Read a graph","Favorite sport. How many children chose tennis?","","pictures","10 | 11 | 9 | 7","9","Find Tennis on the graph. Count the pictures in each row.","Find Tennis. → Count the pictures in each row. → Tennis shows 9."
"1.MD.C.4","Measuring, time & data","Read a graph","How we get to school. Which did the most children choose?","","diagram","Bike | Bus | Walk","Bus","Look for the tallest bar or longest row.","Read the top of each bar against the numbers on the left. → Walk: 5, Bike: 4, Bus: 6. → The biggest number is 6, so the answer is Bus."
"1.MD.C.4","Measuring, time & data","Read a graph","How we get to school. How many children chose walk?","","diagram","1 | 2 | 3 | 0","1","Find Walk on the graph. Read the top of each bar against the numbers on the left.","Find Walk. → Read the top of each bar against the numbers on the left. → Walk shows 1."
"1.MD.C.4","Measuring, time & data","Read a graph","Favorite treat. How many children answered in all?","","pictures","9 | 11 | 12 | 15","12","Add up every group.","Cookies: 2, Cupcakes: 6, Ice cream: 4. → Add them all: 2 + 6 + 4 = 12."
"1.MD.C.4","Measuring, time & data","Read a graph","Favorite fruit. How many children chose bananas?","","diagram","8 | 7 | 6 | 4","6","Find Bananas on the graph. Read the top of each bar against the numbers on the left.","Find Bananas. → Read the top of each bar against the numbers on the left. → Bananas shows 6."
"1.MD.C.4","Measuring, time & data","Read a graph","Favorite treat. How many children chose cookies?","","pictures","6 | 5 | 3 | 4","4","Find Cookies on the graph. Count the pictures in each row.","Find Cookies. → Count the pictures in each row. → Cookies shows 4."
"1.MD.C.4","Measuring, time & data","Read a graph","Favorite sport. Which did the most children choose?","","pictures","Soccer | Tennis","Tennis","Look for the tallest bar or longest row.","Count the pictures in each row. → Soccer: 8, Tennis: 9. → The biggest number is 9, so the answer is Tennis."
"1.MD.C.4","Measuring, time & data","Read a graph","Favorite pet. How many children chose fish?","","diagram","5 | 9 | 6 | 7","7","Find Fish on the graph. Read the top of each bar against the numbers on the left.","Find Fish. → Read the top of each bar against the numbers on the left. → Fish shows 7."
"1.MD.C.4","Measuring, time & data","Read a graph","Favorite fruit. How many children chose apples?","","pictures","7 | 5 | 6 | 4","6","Find Apples on the graph. Count the pictures in each row.","Find Apples. → Count the pictures in each row. → Apples shows 6."
"1.MD.C.4","Measuring, time & data","Read a graph","Favorite pet. Which did the fewest children choose?","","diagram","Cats | Fish | Dogs","Cats","Look for the shortest bar or shortest row.","Read the top of each bar against the numbers on the left. → Cats: 2, Fish: 8, Dogs: 9. → The smallest number is 2, so the answer is Cats."
"1.MD.C.4","Measuring, time & data","Read a graph","Favorite weather. How many more children chose sunny than rainy?","","diagram","7 | 12 | 5 | 2","2","Find both numbers, then subtract the smaller from the bigger.","Sunny shows 7. Rainy shows 5. → Find the difference. → 7 − 5 = 2"
"1.MD.C.4","Measuring, time & data","Read a graph","Favorite fruit. How many more children chose bananas than grapes?","","pictures","3 | 4 | 1 | 2","2","Find both numbers, then subtract the smaller from the bigger.","Bananas shows 3. Grapes shows 1. → Find the difference. → 3 − 1 = 2"
"1.MD.C.4","Measuring, time & data","Read a graph","Favorite pet. How many children chose dogs?","","diagram","4 | 3 | 2 | 5","4","Find Dogs on the graph. Read the top of each bar against the numbers on the left.","Find Dogs. → Read the top of each bar against the numbers on the left. → Dogs shows 4."
"1.MD.C.4","Measuring, time & data","Read a graph","Favorite pet. How many children answered in all?","","pictures","18 | 20 | 22 | 17","20","Add up every group.","Cats: 8, Fish: 3, Dogs: 9. → Add them all: 8 + 3 + 9 = 20."
"1.MD.C.4","Measuring, time & data","Read a graph","Favorite treat. How many children chose ice cream?","","diagram","8 | 9 | 7 | 10","8","Find Ice cream on the graph. Read the top of each bar against the numbers on the left.","Find Ice cream. → Read the top of each bar against the numbers on the left. → Ice cream shows 8."
"1.MD.C.4","Measuring, time & data","Read a graph","How we get to school. How many children answered in all?","","diagram","8 | 10 | 5 | 11","8","Add up every group.","Walk: 2, Bus: 6. → Add them all: 2 + 6 = 8."
"1.MD.C.4","Measuring, time & data","Read a graph","How we get to school. How many more children chose bike than walk?","","diagram","1 | 9 | 4 | 5","1","Find both numbers, then subtract the smaller from the bigger.","Bike shows 5. Walk shows 4. → Find the difference. → 5 − 4 = 1"
"1.G.A.1","Shapes","Name that shape","How many corners does this shape have?","","diagram","7 | 8 | 5 | 6","6","Trace around the edge with your finger and count.","This is a hexagon. → Go around the edge and count each straight side: 6. → A shape has the same number of corners as sides, so it has 6 corners."
"1.G.A.1","Shapes","Name that shape","Which one is a hexagon?","","picture choices","[picture] | [picture] | [picture] | [picture]","[picture 2]","Count the sides. Color, size, and turning do not matter.","A hexagon has 6 straight sides and 6 corners. → Color, size, and which way it is turned do not change what a shape is. → The hexagon is the one with 6 sides."
"1.G.A.1","Shapes","Name that shape","This shape is turned. What is it?","","diagram","pentagon | rhombus | triangle | trapezoid","rhombus","Turning a shape does not change it. Count the sides.","Turn it in your head until it looks familiar. → A rhombus has 4 straight sides and 4 corners. → It is a rhombus."
"1.G.A.1","Shapes","Name that shape","How many corners does this shape have?","","diagram","6 | 5 | 4 | 3","4","Trace around the edge with your finger and count.","This is a rhombus. → Go around the edge and count each straight side: 4. → A shape has the same number of corners as sides, so it has 4 corners."
"1.G.A.1","Shapes","Name that shape","This shape is turned. What is it?","","diagram","rhombus | triangle | rectangle | circle","triangle","Turning a shape does not change it. Count the sides.","Turn it in your head until it looks familiar. → A triangle has 3 straight sides and 3 corners. → It is a triangle."
"1.G.A.1","Shapes","Name that shape","Which one is a triangle?","","picture choices","[picture] | [picture] | [picture] | [picture]","[picture 1]","Count the sides. Color, size, and turning do not matter.","A triangle has 3 straight sides and 3 corners. → Color, size, and which way it is turned do not change what a shape is. → A shape that is not closed is not a triangle. → The triangle is the one with 3 sides."
"1.G.A.1","Shapes","Name that shape","This shape is turned. What is it?","","diagram","square | circle | hexagon | trapezoid","square","Turning a shape does not change it. Count the sides.","Turn it in your head until it looks familiar. → A square has 4 straight sides and 4 corners, all the same length, with square corners. → It is a square."
"1.G.A.1","Shapes","Name that shape","How many corners does this shape have?","","diagram","5 | 6 | 3 | 4","4","Trace around the edge with your finger and count.","This is a rectangle. → Go around the edge and count each straight side: 4. → A shape has the same number of corners as sides, so it has 4 corners."
"1.G.A.1","Shapes","Name that shape","How many sides does this shape have?","","diagram","2 | 4 | 3 | 5","3","Trace around the edge with your finger and count.","This is a triangle. → Go around the edge and count each straight side: 3. → A shape has the same number of corners as sides, so it has 3 sides."
"1.G.A.1","Shapes","Name that shape","How many sides does this shape have?","","diagram","4 | 3 | 2 | 5","3","Trace around the edge with your finger and count.","This is a triangle. → Go around the edge and count each straight side: 3. → A shape has the same number of corners as sides, so it has 3 sides."
"1.G.A.1","Shapes","Name that shape","How many corners does this shape have?","","diagram","4 | 5 | 3 | 6","4","Trace around the edge with your finger and count.","This is a rectangle. → Go around the edge and count each straight side: 4. → A shape has the same number of corners as sides, so it has 4 corners."
"1.G.A.1","Shapes","Name that shape","Which one is a pentagon?","","picture choices","[picture] | [picture] | [picture] | [picture]","[picture 3]","Count the sides. Color, size, and turning do not matter.","A pentagon has 5 straight sides and 5 corners. → Color, size, and which way it is turned do not change what a shape is. → The pentagon is the one with 5 sides."
"1.G.A.1","Shapes","Name that shape","How many sides does this shape have?","","diagram","7 | 8 | 6 | 5","6","Trace around the edge with your finger and count.","This is a hexagon. → Go around the edge and count each straight side: 6. → A shape has the same number of corners as sides, so it has 6 sides."
"1.G.A.1","Shapes","Name that shape","How many sides does this shape have?","","diagram","8 | 6 | 5 | 7","6","Trace around the edge with your finger and count.","This is a hexagon. → Go around the edge and count each straight side: 6. → A shape has the same number of corners as sides, so it has 6 sides."
"1.G.A.1","Shapes","Name that shape","How many sides does this shape have?","","diagram","5 | 4 | 3 | 2","3","Trace around the edge with your finger and count.","This is a triangle. → Go around the edge and count each straight side: 3. → A shape has the same number of corners as sides, so it has 3 sides."
"1.G.A.1","Shapes","Name that shape","How many corners does this shape have?","","diagram","5 | 3 | 6 | 4","4","Trace around the edge with your finger and count.","This is a rectangle. → Go around the edge and count each straight side: 4. → A shape has the same number of corners as sides, so it has 4 corners."
"1.G.A.1","Shapes","Name that shape","This shape is turned. What is it?","","diagram","pentagon | hexagon | trapezoid | rhombus","hexagon","Turning a shape does not change it. Count the sides.","Turn it in your head until it looks familiar. → A hexagon has 6 straight sides and 6 corners. → It is a hexagon."
"1.G.A.1","Shapes","Name that shape","How many corners does this shape have?","","diagram","6 | 4 | 3 | 5","4","Trace around the edge with your finger and count.","This is a square. → Go around the edge and count each straight side: 4. → A shape has the same number of corners as sides, so it has 4 corners."
"1.G.A.1","Shapes","Name that shape","How many corners does this shape have?","","diagram","5 | 4 | 2 | 3","3","Trace around the edge with your finger and count.","This is a triangle. → Go around the edge and count each straight side: 3. → A shape has the same number of corners as sides, so it has 3 corners."
"1.G.A.1","Shapes","Name that shape","Which shape has 3 sides?","","picture choices","[picture] | [picture] | [picture] | [picture]","[picture 1]","Count the straight sides on each shape.","Count the sides of each shape. → Only one has exactly 3 sides: the triangle. → A triangle has 3 straight sides and 3 corners."
"1.G.A.1","Shapes","Name that shape","This shape is turned. What is it?","","diagram","hexagon | pentagon | rhombus | rectangle","rectangle","Turning a shape does not change it. Count the sides.","Turn it in your head until it looks familiar. → A rectangle has 4 straight sides and 4 corners, with square corners and two long sides and two short sides. → It is a rectangle."
"1.G.A.1","Shapes","Name that shape","How many sides does this shape have?","","diagram","4 | 5 | 6 | 3","4","Trace around the edge with your finger and count.","This is a rectangle. → Go around the edge and count each straight side: 4. → A shape has the same number of corners as sides, so it has 4 sides."
"1.G.A.1","Shapes","Name that shape","This shape is turned. What is it?","","diagram","hexagon | triangle | trapezoid | circle","circle","Turning a shape does not change it. Count the sides.","Turn it in your head until it looks familiar. → A circle is perfectly round with no straight sides and no corners. → It is a circle."
"1.G.A.1","Shapes","Name that shape","How many corners does this shape have?","","diagram","6 | 3 | 4 | 5","4","Trace around the edge with your finger and count.","This is a trapezoid. → Go around the edge and count each straight side: 4. → A shape has the same number of corners as sides, so it has 4 corners."
"1.G.A.1","Shapes","Name that shape","Which one is a square?","","picture choices","[picture] | [picture] | [picture] | [picture]","[picture 4]","Count the sides. Color, size, and turning do not matter.","A square has 4 straight sides and 4 corners, all the same length, with square corners. → Color, size, and which way it is turned do not change what a shape is. → The square is the one with 4 sides."
"1.G.A.1","Shapes","Name that shape","How many sides does this shape have?","","diagram","3 | 6 | 5 | 4","4","Trace around the edge with your finger and count.","This is a rectangle. → Go around the edge and count each straight side: 4. → A shape has the same number of corners as sides, so it has 4 sides."
"1.G.A.1","Shapes","Name that shape","How many sides does this shape have?","","diagram","8 | 5 | 7 | 6","6","Trace around the edge with your finger and count.","This is a hexagon. → Go around the edge and count each straight side: 6. → A shape has the same number of corners as sides, so it has 6 sides."
"1.G.A.1","Shapes","Name that shape","How many corners does this shape have?","","diagram","3 | 6 | 5 | 4","4","Trace around the edge with your finger and count.","This is a trapezoid. → Go around the edge and count each straight side: 4. → A shape has the same number of corners as sides, so it has 4 corners."
"1.G.A.1","Shapes","Name that shape","How many corners does this shape have?","","diagram","5 | 3 | 4 | 6","4","Trace around the edge with your finger and count.","This is a trapezoid. → Go around the edge and count each straight side: 4. → A shape has the same number of corners as sides, so it has 4 corners."
"1.G.A.1","Shapes","Name that shape","This shape is turned. What is it?","","diagram","triangle | trapezoid | hexagon | rectangle","rectangle","Turning a shape does not change it. Count the sides.","Turn it in your head until it looks familiar. → A rectangle has 4 straight sides and 4 corners, with square corners and two long sides and two short sides. → It is a rectangle."
"1.G.A.1","Shapes","Name that shape","Which shape has 4 sides?","","picture choices","[picture] | [picture] | [picture] | [picture]","[picture 1]","Count the straight sides on each shape.","Count the sides of each shape. → Only one has exactly 4 sides: the trapezoid. → A trapezoid has 4 straight sides and 4 corners."
"1.G.A.1","Shapes","Name that shape","This shape is turned. What is it?","","diagram","circle | hexagon | trapezoid | triangle","trapezoid","Turning a shape does not change it. Count the sides.","Turn it in your head until it looks familiar. → A trapezoid has 4 straight sides and 4 corners. → It is a trapezoid."
"1.G.A.1","Shapes","Name that shape","How many sides does this shape have?","","diagram","5 | 6 | 3 | 4","4","Trace around the edge with your finger and count.","This is a rhombus. → Go around the edge and count each straight side: 4. → A shape has the same number of corners as sides, so it has 4 sides."
"1.G.A.1","Shapes","Name that shape","How many corners does this shape have?","","diagram","5 | 4 | 3 | 6","4","Trace around the edge with your finger and count.","This is a rhombus. → Go around the edge and count each straight side: 4. → A shape has the same number of corners as sides, so it has 4 corners."
"1.G.A.1","Shapes","Name that shape","This shape is turned. What is it?","","diagram","rectangle | circle | hexagon | trapezoid","hexagon","Turning a shape does not change it. Count the sides.","Turn it in your head until it looks familiar. → A hexagon has 6 straight sides and 6 corners. → It is a hexagon."
"1.G.A.1","Shapes","Name that shape","This shape is turned. What is it?","","diagram","hexagon | triangle | trapezoid | square","square","Turning a shape does not change it. Count the sides.","Turn it in your head until it looks familiar. → A square has 4 straight sides and 4 corners, all the same length, with square corners. → It is a square."
"1.G.A.1","Shapes","Name that shape","How many sides does this shape have?","","diagram","4 | 3 | 5 | 2","3","Trace around the edge with your finger and count.","This is a triangle. → Go around the edge and count each straight side: 3. → A shape has the same number of corners as sides, so it has 3 sides."
"1.G.A.1","Shapes","Name that shape","How many corners does this shape have?","","diagram","4 | 6 | 5 | 3","4","Trace around the edge with your finger and count.","This is a trapezoid. → Go around the edge and count each straight side: 4. → A shape has the same number of corners as sides, so it has 4 corners."
"1.G.A.1","Shapes","Name that shape","Which one is a rectangle?","","picture choices","[picture] | [picture] | [picture] | [picture]","[picture 2]","Count the sides. Color, size, and turning do not matter.","A rectangle has 4 straight sides and 4 corners, with square corners and two long sides and two short sides. → Color, size, and which way it is turned do not change what a shape is. → The rectangle is the one with 4 sides."
"1.G.A.1","Shapes","Name that shape","This shape is turned. What is it?","","diagram","circle | square | pentagon | trapezoid","square","Turning a shape does not change it. Count the sides.","Turn it in your head until it looks familiar. → A square has 4 straight sides and 4 corners, all the same length, with square corners. → It is a square."
"1.G.A.1","Shapes","Name that shape","How many sides does this shape have?","","diagram","8 | 7 | 6 | 5","6","Trace around the edge with your finger and count.","This is a hexagon. → Go around the edge and count each straight side: 6. → A shape has the same number of corners as sides, so it has 6 sides."
"1.G.A.1","Shapes","Name that shape","This shape is turned. What is it?","","diagram","rectangle | hexagon | triangle | pentagon","rectangle","Turning a shape does not change it. Count the sides.","Turn it in your head until it looks familiar. → A rectangle has 4 straight sides and 4 corners, with square corners and two long sides and two short sides. → It is a rectangle."
"1.G.A.1","Shapes","Name that shape","How many sides does this shape have?","","diagram","3 | 6 | 4 | 5","4","Trace around the edge with your finger and count.","This is a rectangle. → Go around the edge and count each straight side: 4. → A shape has the same number of corners as sides, so it has 4 sides."
"1.G.A.1","Shapes","Name that shape","How many corners does this shape have?","","diagram","6 | 3 | 5 | 4","4","Trace around the edge with your finger and count.","This is a rectangle. → Go around the edge and count each straight side: 4. → A shape has the same number of corners as sides, so it has 4 corners."
"1.G.A.1","Shapes","Name that shape","This shape is turned. What is it?","","diagram","rhombus | trapezoid | pentagon | hexagon","hexagon","Turning a shape does not change it. Count the sides.","Turn it in your head until it looks familiar. → A hexagon has 6 straight sides and 6 corners. → It is a hexagon."
"1.G.A.1","Shapes","Name that shape","Which shape has 6 sides?","","picture choices","[picture] | [picture] | [picture] | [picture]","[picture 4]","Count the straight sides on each shape.","Count the sides of each shape. → Only one has exactly 6 sides: the hexagon. → A hexagon has 6 straight sides and 6 corners."
"1.G.A.1","Shapes","Name that shape","How many sides does this shape have?","","diagram","6 | 3 | 5 | 4","4","Trace around the edge with your finger and count.","This is a rhombus. → Go around the edge and count each straight side: 4. → A shape has the same number of corners as sides, so it has 4 sides."
"1.G.A.1","Shapes","Name that shape","How many corners does this shape have?","","diagram","5 | 6 | 7 | 4","5","Trace around the edge with your finger and count.","This is a pentagon. → Go around the edge and count each straight side: 5. → A shape has the same number of corners as sides, so it has 5 corners."
"1.G.A.1","Shapes","Name that shape","How many sides does this shape have?","","diagram","5 | 4 | 6 | 7","5","Trace around the edge with your finger and count.","This is a pentagon. → Go around the edge and count each straight side: 5. → A shape has the same number of corners as sides, so it has 5 sides."
"1.G.A.1","Shapes","Name that shape","This shape is turned. What is it?","","diagram","square | pentagon | trapezoid | hexagon","square","Turning a shape does not change it. Count the sides.","Turn it in your head until it looks familiar. → A square has 4 straight sides and 4 corners, all the same length, with square corners. → It is a square."
"1.G.A.1","Shapes","Name that shape","Which shape has 5 sides?","","picture choices","[picture] | [picture] | [picture] | [picture]","[picture 2]","Count the straight sides on each shape.","Count the sides of each shape. → Only one has exactly 5 sides: the pentagon. → A pentagon has 5 straight sides and 5 corners."
"1.G.A.1","Shapes","Name that shape","This shape is turned. What is it?","","diagram","circle | rhombus | rectangle | trapezoid","rectangle","Turning a shape does not change it. Count the sides.","Turn it in your head until it looks familiar. → A rectangle has 4 straight sides and 4 corners, with square corners and two long sides and two short sides. → It is a rectangle."
"1.G.A.1","Shapes","Name that shape","How many sides does this shape have?","","diagram","4 | 5 | 3 | 6","4","Trace around the edge with your finger and count.","This is a square. → Go around the edge and count each straight side: 4. → A shape has the same number of corners as sides, so it has 4 sides."
"1.G.A.1","Shapes","Name that shape","How many sides does this shape have?","","diagram","6 | 5 | 4 | 3","4","Trace around the edge with your finger and count.","This is a trapezoid. → Go around the edge and count each straight side: 4. → A shape has the same number of corners as sides, so it has 4 sides."
"1.G.A.1","Shapes","Name that shape","Which one is a circle?","","picture choices","[picture] | [picture] | [picture] | [picture]","[picture 4]","Count the sides. Color, size, and turning do not matter.","A circle is perfectly round with no straight sides and no corners. → Color, size, and which way it is turned do not change what a shape is. → The circle is the one with no sides at all."
"1.G.A.1","Shapes","Name that shape","Which one is a trapezoid?","","picture choices","[picture] | [picture] | [picture] | [picture]","[picture 3]","Count the sides. Color, size, and turning do not matter.","A trapezoid has 4 straight sides and 4 corners. → Color, size, and which way it is turned do not change what a shape is. → The trapezoid is the one with 4 sides."
"1.G.A.1","Shapes","Name that shape","How many sides does this shape have?","","diagram","8 | 5 | 6 | 7","6","Trace around the edge with your finger and count.","This is a hexagon. → Go around the edge and count each straight side: 6. → A shape has the same number of corners as sides, so it has 6 sides."
"1.G.A.1","Shapes","Name that shape","How many sides does this shape have?","","diagram","6 | 8 | 5 | 7","6","Trace around the edge with your finger and count.","This is a hexagon. → Go around the edge and count each straight side: 6. → A shape has the same number of corners as sides, so it has 6 sides."
"1.G.A.1","Shapes","Name that shape","This shape is turned. What is it?","","diagram","hexagon | rectangle | square | trapezoid","trapezoid","Turning a shape does not change it. Count the sides.","Turn it in your head until it looks familiar. → A trapezoid has 4 straight sides and 4 corners. → It is a trapezoid."
"1.G.A.1","Shapes","Name that shape","How many corners does this shape have?","","diagram","4 | 6 | 3 | 5","4","Trace around the edge with your finger and count.","This is a trapezoid. → Go around the edge and count each straight side: 4. → A shape has the same number of corners as sides, so it has 4 corners."
"1.G.A.1","Shapes","Name that shape","How many sides does this shape have?","","diagram","7 | 5 | 4 | 6","5","Trace around the edge with your finger and count.","This is a pentagon. → Go around the edge and count each straight side: 5. → A shape has the same number of corners as sides, so it has 5 sides."
"1.G.A.1","Shapes","Name that shape","How many sides does this shape have?","","diagram","5 | 7 | 6 | 8","6","Trace around the edge with your finger and count.","This is a hexagon. → Go around the edge and count each straight side: 6. → A shape has the same number of corners as sides, so it has 6 sides."
"1.G.A.1","Shapes","Name that shape","How many sides does this shape have?","","diagram","6 | 5 | 3 | 4","4","Trace around the edge with your finger and count.","This is a square. → Go around the edge and count each straight side: 4. → A shape has the same number of corners as sides, so it has 4 sides."
"1.G.A.1","Shapes","Name that shape","How many sides does this shape have?","","diagram","4 | 6 | 3 | 5","4","Trace around the edge with your finger and count.","This is a square. → Go around the edge and count each straight side: 4. → A shape has the same number of corners as sides, so it has 4 sides."
"1.G.A.1","Shapes","Name that shape","How many corners does this shape have?","","diagram","6 | 5 | 4 | 7","5","Trace around the edge with your finger and count.","This is a pentagon. → Go around the edge and count each straight side: 5. → A shape has the same number of corners as sides, so it has 5 corners."
"1.G.A.1","Shapes","Name that shape","This shape is turned. What is it?","","diagram","trapezoid | rectangle | hexagon | circle","trapezoid","Turning a shape does not change it. Count the sides.","Turn it in your head until it looks familiar. → A trapezoid has 4 straight sides and 4 corners. → It is a trapezoid."
"1.G.A.1","Shapes","Name that shape","This shape is turned. What is it?","","diagram","circle | rectangle | triangle | hexagon","circle","Turning a shape does not change it. Count the sides.","Turn it in your head until it looks familiar. → A circle is perfectly round with no straight sides and no corners. → It is a circle."
"1.G.A.1","Shapes","Name that shape","This shape is turned. What is it?","","diagram","square | trapezoid | circle | pentagon","trapezoid","Turning a shape does not change it. Count the sides.","Turn it in your head until it looks familiar. → A trapezoid has 4 straight sides and 4 corners. → It is a trapezoid."
"1.G.A.1","Shapes","Name that shape","How many corners does this shape have?","","diagram","8 | 6 | 7 | 5","6","Trace around the edge with your finger and count.","This is a hexagon. → Go around the edge and count each straight side: 6. → A shape has the same number of corners as sides, so it has 6 corners."
"1.G.A.1","Shapes","Name that shape","How many sides does this shape have?","","diagram","8 | 6 | 7 | 5","6","Trace around the edge with your finger and count.","This is a hexagon. → Go around the edge and count each straight side: 6. → A shape has the same number of corners as sides, so it has 6 sides."
"1.G.A.1","Shapes","Name that shape","How many corners does this shape have?","","diagram","3 | 4 | 5 | 6","4","Trace around the edge with your finger and count.","This is a rectangle. → Go around the edge and count each straight side: 4. → A shape has the same number of corners as sides, so it has 4 corners."
"1.G.A.1","Shapes","Name that shape","This shape is turned. What is it?","","diagram","square | triangle | pentagon | trapezoid","pentagon","Turning a shape does not change it. Count the sides.","Turn it in your head until it looks familiar. → A pentagon has 5 straight sides and 5 corners. → It is a pentagon."
"1.G.A.1","Shapes","Name that shape","How many corners does this shape have?","","diagram","4 | 3 | 2 | 5","3","Trace around the edge with your finger and count.","This is a triangle. → Go around the edge and count each straight side: 3. → A shape has the same number of corners as sides, so it has 3 corners."
"1.G.A.1","Shapes","Name that shape","How many sides does this shape have?","","diagram","3 | 4 | 5 | 6","4","Trace around the edge with your finger and count.","This is a square. → Go around the edge and count each straight side: 4. → A shape has the same number of corners as sides, so it has 4 sides."
"1.G.A.1","Shapes","Name that shape","How many corners does this shape have?","","diagram","6 | 5 | 7 | 8","6","Trace around the edge with your finger and count.","This is a hexagon. → Go around the edge and count each straight side: 6. → A shape has the same number of corners as sides, so it has 6 corners."
"1.G.A.1","Shapes","Name that shape","How many sides does this shape have?","","diagram","4 | 2 | 3 | 5","3","Trace around the edge with your finger and count.","This is a triangle. → Go around the edge and count each straight side: 3. → A shape has the same number of corners as sides, so it has 3 sides."
"1.G.A.1","Shapes","Name that shape","This shape is turned. What is it?","","diagram","circle | pentagon | trapezoid | square","square","Turning a shape does not change it. Count the sides.","Turn it in your head until it looks familiar. → A square has 4 straight sides and 4 corners, all the same length, with square corners. → It is a square."
"1.G.A.1","Shapes","Name that shape","Which one is a rhombus?","","picture choices","[picture] | [picture] | [picture] | [picture]","[picture 4]","Count the sides. Color, size, and turning do not matter.","A rhombus has 4 straight sides and 4 corners. → Color, size, and which way it is turned do not change what a shape is. → The rhombus is the one with 4 sides."
"1.G.A.1","Shapes","Name that shape","How many corners does this shape have?","","diagram","3 | 4 | 6 | 5","4","Trace around the edge with your finger and count.","This is a trapezoid. → Go around the edge and count each straight side: 4. → A shape has the same number of corners as sides, so it has 4 corners."
"1.G.A.1","Shapes","Name that shape","How many corners does this shape have?","","diagram","8 | 6 | 5 | 7","6","Trace around the edge with your finger and count.","This is a hexagon. → Go around the edge and count each straight side: 6. → A shape has the same number of corners as sides, so it has 6 corners."
"1.G.A.1","Shapes","Name that shape","This shape is turned. What is it?","","diagram","rectangle | hexagon | rhombus | circle","hexagon","Turning a shape does not change it. Count the sides.","Turn it in your head until it looks familiar. → A hexagon has 6 straight sides and 6 corners. → It is a hexagon."
"1.G.A.1","Shapes","Name that shape","How many corners does this shape have?","","diagram","6 | 7 | 5 | 8","6","Trace around the edge with your finger and count.","This is a hexagon. → Go around the edge and count each straight side: 6. → A shape has the same number of corners as sides, so it has 6 corners."
"1.G.A.1","Shapes","Name that shape","How many sides does this shape have?","","diagram","5 | 2 | 3 | 4","3","Trace around the edge with your finger and count.","This is a triangle. → Go around the edge and count each straight side: 3. → A shape has the same number of corners as sides, so it has 3 sides."
"1.G.A.1","Shapes","Name that shape","This shape is turned. What is it?","","diagram","triangle | rectangle | circle | trapezoid","trapezoid","Turning a shape does not change it. Count the sides.","Turn it in your head until it looks familiar. → A trapezoid has 4 straight sides and 4 corners. → It is a trapezoid."
"1.G.A.1","Shapes","Name that shape","This shape is turned. What is it?","","diagram","hexagon | trapezoid | triangle | rectangle","hexagon","Turning a shape does not change it. Count the sides.","Turn it in your head until it looks familiar. → A hexagon has 6 straight sides and 6 corners. → It is a hexagon."
"1.G.A.1","Shapes","Name that shape","This shape is turned. What is it?","","diagram","rectangle | pentagon | trapezoid | hexagon","hexagon","Turning a shape does not change it. Count the sides.","Turn it in your head until it looks familiar. → A hexagon has 6 straight sides and 6 corners. → It is a hexagon."
"1.G.A.1","Shapes","Name that shape","How many sides does this shape have?","","diagram","3 | 5 | 6 | 4","4","Trace around the edge with your finger and count.","This is a square. → Go around the edge and count each straight side: 4. → A shape has the same number of corners as sides, so it has 4 sides."
"1.G.A.1","Shapes","Name that shape","How many sides does this shape have?","","diagram","3 | 5 | 4 | 6","4","Trace around the edge with your finger and count.","This is a rectangle. → Go around the edge and count each straight side: 4. → A shape has the same number of corners as sides, so it has 4 sides."
"1.G.A.1","Shapes","Name that shape","This shape is turned. What is it?","","diagram","rectangle | trapezoid | triangle | pentagon","trapezoid","Turning a shape does not change it. Count the sides.","Turn it in your head until it looks familiar. → A trapezoid has 4 straight sides and 4 corners. → It is a trapezoid."
"1.G.A.1","Shapes","Name that shape","How many corners does this shape have?","","diagram","7 | 6 | 5 | 8","6","Trace around the edge with your finger and count.","This is a hexagon. → Go around the edge and count each straight side: 6. → A shape has the same number of corners as sides, so it has 6 corners."
"1.G.A.1","Shapes","Name that shape","How many corners does this shape have?","","diagram","3 | 5 | 4 | 6","4","Trace around the edge with your finger and count.","This is a rectangle. → Go around the edge and count each straight side: 4. → A shape has the same number of corners as sides, so it has 4 corners."
"1.G.A.1","Shapes","Name that shape","This shape is turned. What is it?","","diagram","square | trapezoid | triangle | pentagon","square","Turning a shape does not change it. Count the sides.","Turn it in your head until it looks familiar. → A square has 4 straight sides and 4 corners, all the same length, with square corners. → It is a square."
"1.G.A.1","Shapes","Name that shape","How many sides does this shape have?","","diagram","4 | 3 | 6 | 5","4","Trace around the edge with your finger and count.","This is a trapezoid. → Go around the edge and count each straight side: 4. → A shape has the same number of corners as sides, so it has 4 sides."
"1.G.A.1","Shapes","Name that shape","This shape is turned. What is it?","","diagram","rhombus | circle | pentagon | hexagon","pentagon","Turning a shape does not change it. Count the sides.","Turn it in your head until it looks familiar. → A pentagon has 5 straight sides and 5 corners. → It is a pentagon."
"1.G.A.1","Shapes","Name that shape","How many sides does this shape have?","","diagram","6 | 7 | 5 | 4","5","Trace around the edge with your finger and count.","This is a pentagon. → Go around the edge and count each straight side: 5. → A shape has the same number of corners as sides, so it has 5 sides."
"1.G.A.1","Shapes","Name that shape","How many sides does this shape have?","","diagram","7 | 5 | 8 | 6","6","Trace around the edge with your finger and count.","This is a hexagon. → Go around the edge and count each straight side: 6. → A shape has the same number of corners as sides, so it has 6 sides."
"1.G.A.1","Shapes","Name that shape","How many corners does this shape have?","","diagram","6 | 4 | 7 | 5","5","Trace around the edge with your finger and count.","This is a pentagon. → Go around the edge and count each straight side: 5. → A shape has the same number of corners as sides, so it has 5 corners."
"1.G.A.1","Shapes","Name that shape","This shape is turned. What is it?","","diagram","circle | rhombus | rectangle | square","circle","Turning a shape does not change it. Count the sides.","Turn it in your head until it looks familiar. → A circle is perfectly round with no straight sides and no corners. → It is a circle."
"1.G.A.1","Shapes","Name that shape","How many corners does this shape have?","","diagram","2 | 3 | 4 | 5","3","Trace around the edge with your finger and count.","This is a triangle. → Go around the edge and count each straight side: 3. → A shape has the same number of corners as sides, so it has 3 corners."
"1.G.A.1","Shapes","Name that shape","How many corners does this shape have?","","diagram","3 | 2 | 4 | 5","3","Trace around the edge with your finger and count.","This is a triangle. → Go around the edge and count each straight side: 3. → A shape has the same number of corners as sides, so it has 3 corners."
"1.G.A.2","Shapes","Build with shapes","Put these two rectangles together. What shape can you make?","","picture choices","[picture] | [picture] | [picture] | [picture]","[picture 2]","Imagine sliding the pieces until their flat sides touch.","Slide the two rectangles together so the matching straight sides touch. → The new outline has the shape of a square. → A square has 4 straight sides and 4 corners, all the same length, with square corners."
"1.G.A.2","Shapes","Build with shapes","Which two pieces can make a square?","","diagram","two circles | a circle and a triangle | two hexagons | two triangles","two triangles","Picture cutting the square in half. What two pieces do you get?","Imagine cutting the square into two matching pieces. → Each piece is a triangle. → So two triangles can make a square."
"1.G.A.2","Shapes","Build with shapes","Put these two trapezoids together. What shape can you make?","","picture choices","[picture] | [picture] | [picture] | [picture]","[picture 3]","Imagine sliding the pieces until their flat sides touch.","Slide the two trapezoids together so the matching straight sides touch. → The new outline has the shape of a hexagon. → A hexagon has 6 straight sides and 6 corners."
"1.G.A.2","Shapes","Build with shapes","Which pieces were put together to make this shape?","","picture choices","[picture] | [picture] | [picture] | [picture]","[picture 3]","The dashed line shows where the pieces meet. What shape is each piece?","The dashed line shows the seam between the pieces. → Look at each part on its own: each is a square. → Two squares make the rectangle."
"1.G.A.2","Shapes","Build with shapes","Put these two half circles together. What shape can you make?","","picture choices","[picture] | [picture] | [picture] | [picture]","[picture 1]","Imagine sliding the pieces until their flat sides touch.","Slide the two half circles together so the matching straight sides touch. → The new outline has the shape of a circle. → A circle is perfectly round with no straight sides and no corners."
"1.G.A.2","Shapes","Build with shapes","Which two pieces can make a circle?","","diagram","two trapezoids | two half circles | two squares | two triangles","two half circles","Picture cutting the circle in half. What two pieces do you get?","Imagine cutting the circle into two matching pieces. → Each piece is a half circle. → So two half circles can make a circle."
"1.G.A.2","Shapes","Build with shapes","Put these two squares together. What shape can you make?","","picture choices","[picture] | [picture] | [picture] | [picture]","[picture 2]","Imagine sliding the pieces until their flat sides touch.","Slide the two squares together so the matching straight sides touch. → The new outline has the shape of a rectangle. → A rectangle has 4 straight sides and 4 corners, with square corners and two long sides and two short sides."
"1.G.A.2","Shapes","Build with shapes","Which two pieces can make a hexagon?","","diagram","a circle and a square | two trapezoids | two squares | two circles","two trapezoids","Picture cutting the hexagon in half. What two pieces do you get?","Imagine cutting the hexagon into two matching pieces. → Each piece is a trapezoid. → So two trapezoids can make a hexagon."
"1.G.A.2","Shapes","Build with shapes","Which two pieces can make a rectangle?","","diagram","two circles | two hexagons | a triangle and a circle | two squares","two squares","Picture cutting the rectangle in half. What two pieces do you get?","Imagine cutting the rectangle into two matching pieces. → Each piece is a square. → So two squares can make a rectangle."
"1.G.A.2","Shapes","Build with shapes","Which two pieces can make a circle?","","diagram","two half circles | two trapezoids | two triangles | two squares","two half circles","Picture cutting the circle in half. What two pieces do you get?","Imagine cutting the circle into two matching pieces. → Each piece is a half circle. → So two half circles can make a circle."
"1.G.A.2","Shapes","Build with shapes","Which two pieces can make a hexagon?","","diagram","two squares | two circles | a circle and a square | two trapezoids","two trapezoids","Picture cutting the hexagon in half. What two pieces do you get?","Imagine cutting the hexagon into two matching pieces. → Each piece is a trapezoid. → So two trapezoids can make a hexagon."
"1.G.A.2","Shapes","Build with shapes","Which two pieces can make a circle?","","diagram","two triangles | two squares | two half circles | two trapezoids","two half circles","Picture cutting the circle in half. What two pieces do you get?","Imagine cutting the circle into two matching pieces. → Each piece is a half circle. → So two half circles can make a circle."
"1.G.A.2","Shapes","Build with shapes","Which two pieces can make a rectangle?","","diagram","two circles | a triangle and a circle | two hexagons | two squares","two squares","Picture cutting the rectangle in half. What two pieces do you get?","Imagine cutting the rectangle into two matching pieces. → Each piece is a square. → So two squares can make a rectangle."
"1.G.A.2","Shapes","Build with shapes","Which two pieces can make a square?","","diagram","two circles | a circle and a triangle | two triangles | two hexagons","two triangles","Picture cutting the square in half. What two pieces do you get?","Imagine cutting the square into two matching pieces. → Each piece is a triangle. → So two triangles can make a square."
"1.G.A.2","Shapes","Build with shapes","Which two pieces can make a rectangle?","","diagram","two squares | a triangle and a circle | two hexagons | two circles","two squares","Picture cutting the rectangle in half. What two pieces do you get?","Imagine cutting the rectangle into two matching pieces. → Each piece is a square. → So two squares can make a rectangle."
"1.G.A.2","Shapes","Build with shapes","Which two pieces can make a hexagon?","","diagram","two trapezoids | two circles | two squares | a circle and a square","two trapezoids","Picture cutting the hexagon in half. What two pieces do you get?","Imagine cutting the hexagon into two matching pieces. → Each piece is a trapezoid. → So two trapezoids can make a hexagon."
"1.G.A.2","Shapes","Build with shapes","Which two pieces can make a rectangle?","","diagram","two squares | two circles | a triangle and a circle | two hexagons","two squares","Picture cutting the rectangle in half. What two pieces do you get?","Imagine cutting the rectangle into two matching pieces. → Each piece is a square. → So two squares can make a rectangle."
"1.G.A.2","Shapes","Build with shapes","Which two pieces can make a hexagon?","","diagram","two squares | two circles | two trapezoids | a circle and a square","two trapezoids","Picture cutting the hexagon in half. What two pieces do you get?","Imagine cutting the hexagon into two matching pieces. → Each piece is a trapezoid. → So two trapezoids can make a hexagon."
"1.G.A.2","Shapes","Build with shapes","Put these two triangles together. What shape can you make?","","picture choices","[picture] | [picture] | [picture] | [picture]","[picture 3]","Imagine sliding the pieces until their flat sides touch.","Slide the two triangles together so the matching straight sides touch. → The new outline has the shape of a square. → A square has 4 straight sides and 4 corners, all the same length, with square corners."
"1.G.A.2","Shapes","Build with shapes","Which two pieces can make a circle?","","diagram","two triangles | two squares | two trapezoids | two half circles","two half circles","Picture cutting the circle in half. What two pieces do you get?","Imagine cutting the circle into two matching pieces. → Each piece is a half circle. → So two half circles can make a circle."
"1.G.A.2","Shapes","Build with shapes","Which two pieces can make a circle?","","diagram","two trapezoids | two triangles | two squares | two half circles","two half circles","Picture cutting the circle in half. What two pieces do you get?","Imagine cutting the circle into two matching pieces. → Each piece is a half circle. → So two half circles can make a circle."
"1.G.A.2","Shapes","Build with shapes","Which two pieces can make a rectangle?","","diagram","a triangle and a circle | two circles | two hexagons | two squares","two squares","Picture cutting the rectangle in half. What two pieces do you get?","Imagine cutting the rectangle into two matching pieces. → Each piece is a square. → So two squares can make a rectangle."
"1.G.A.2","Shapes","Build with shapes","Which two pieces can make a rectangle?","","diagram","two squares | two hexagons | two circles | a triangle and a circle","two squares","Picture cutting the rectangle in half. What two pieces do you get?","Imagine cutting the rectangle into two matching pieces. → Each piece is a square. → So two squares can make a rectangle."
"1.G.A.2","Shapes","Build with shapes","Which two pieces can make a hexagon?","","diagram","a circle and a square | two circles | two trapezoids | two squares","two trapezoids","Picture cutting the hexagon in half. What two pieces do you get?","Imagine cutting the hexagon into two matching pieces. → Each piece is a trapezoid. → So two trapezoids can make a hexagon."
"1.G.A.2","Shapes","Build with shapes","Which two pieces can make a circle?","","diagram","two triangles | two trapezoids | two half circles | two squares","two half circles","Picture cutting the circle in half. What two pieces do you get?","Imagine cutting the circle into two matching pieces. → Each piece is a half circle. → So two half circles can make a circle."
"1.G.A.2","Shapes","Build with shapes","Which two pieces can make a square?","","diagram","two hexagons | two circles | a circle and a triangle | two triangles","two triangles","Picture cutting the square in half. What two pieces do you get?","Imagine cutting the square into two matching pieces. → Each piece is a triangle. → So two triangles can make a square."
"1.G.A.2","Shapes","Build with shapes","Which two pieces can make a rectangle?","","diagram","two circles | a triangle and a circle | two squares | two hexagons","two squares","Picture cutting the rectangle in half. What two pieces do you get?","Imagine cutting the rectangle into two matching pieces. → Each piece is a square. → So two squares can make a rectangle."
"1.G.A.2","Shapes","Build with shapes","Which two pieces can make a hexagon?","","diagram","two squares | a circle and a square | two trapezoids | two circles","two trapezoids","Picture cutting the hexagon in half. What two pieces do you get?","Imagine cutting the hexagon into two matching pieces. → Each piece is a trapezoid. → So two trapezoids can make a hexagon."
"1.G.A.2","Shapes","Build with shapes","Which two pieces can make a circle?","","diagram","two trapezoids | two squares | two half circles | two triangles","two half circles","Picture cutting the circle in half. What two pieces do you get?","Imagine cutting the circle into two matching pieces. → Each piece is a half circle. → So two half circles can make a circle."
"1.G.A.2","Shapes","Build with shapes","Which two pieces can make a rectangle?","","diagram","two squares | two hexagons | a triangle and a circle | two circles","two squares","Picture cutting the rectangle in half. What two pieces do you get?","Imagine cutting the rectangle into two matching pieces. → Each piece is a square. → So two squares can make a rectangle."
"1.G.A.2","Shapes","Build with shapes","Which two pieces can make a circle?","","diagram","two squares | two half circles | two trapezoids | two triangles","two half circles","Picture cutting the circle in half. What two pieces do you get?","Imagine cutting the circle into two matching pieces. → Each piece is a half circle. → So two half circles can make a circle."
"1.G.A.2","Shapes","Build with shapes","Which two pieces can make a square?","","diagram","two circles | two triangles | a circle and a triangle | two hexagons","two triangles","Picture cutting the square in half. What two pieces do you get?","Imagine cutting the square into two matching pieces. → Each piece is a triangle. → So two triangles can make a square."
"1.G.A.2","Shapes","Build with shapes","Which two pieces can make a square?","","diagram","a circle and a triangle | two triangles | two circles | two hexagons","two triangles","Picture cutting the square in half. What two pieces do you get?","Imagine cutting the square into two matching pieces. → Each piece is a triangle. → So two triangles can make a square."
"1.G.A.2","Shapes","Build with shapes","Which two pieces can make a circle?","","diagram","two half circles | two triangles | two trapezoids | two squares","two half circles","Picture cutting the circle in half. What two pieces do you get?","Imagine cutting the circle into two matching pieces. → Each piece is a half circle. → So two half circles can make a circle."
"1.G.A.2","Shapes","Build with shapes","Which two pieces can make a hexagon?","","diagram","a circle and a square | two squares | two trapezoids | two circles","two trapezoids","Picture cutting the hexagon in half. What two pieces do you get?","Imagine cutting the hexagon into two matching pieces. → Each piece is a trapezoid. → So two trapezoids can make a hexagon."
"1.G.A.2","Shapes","Build with shapes","Which two pieces can make a hexagon?","","diagram","two circles | two trapezoids | two squares | a circle and a square","two trapezoids","Picture cutting the hexagon in half. What two pieces do you get?","Imagine cutting the hexagon into two matching pieces. → Each piece is a trapezoid. → So two trapezoids can make a hexagon."
"1.G.A.2","Shapes","Build with shapes","Which two pieces can make a square?","","diagram","two hexagons | two triangles | a circle and a triangle | two circles","two triangles","Picture cutting the square in half. What two pieces do you get?","Imagine cutting the square into two matching pieces. → Each piece is a triangle. → So two triangles can make a square."
"1.G.A.2","Shapes","Build with shapes","Which two pieces can make a square?","","diagram","two circles | two hexagons | two triangles | a circle and a triangle","two triangles","Picture cutting the square in half. What two pieces do you get?","Imagine cutting the square into two matching pieces. → Each piece is a triangle. → So two triangles can make a square."
"1.G.A.2","Shapes","Build with shapes","Which two pieces can make a square?","","diagram","two triangles | two circles | a circle and a triangle | two hexagons","two triangles","Picture cutting the square in half. What two pieces do you get?","Imagine cutting the square into two matching pieces. → Each piece is a triangle. → So two triangles can make a square."
"1.G.A.2","Shapes","Build with shapes","Which two pieces can make a circle?","","diagram","two half circles | two trapezoids | two squares | two triangles","two half circles","Picture cutting the circle in half. What two pieces do you get?","Imagine cutting the circle into two matching pieces. → Each piece is a half circle. → So two half circles can make a circle."
"1.G.A.2","Shapes","Build with shapes","Which two pieces can make a square?","","diagram","two triangles | two hexagons | a circle and a triangle | two circles","two triangles","Picture cutting the square in half. What two pieces do you get?","Imagine cutting the square into two matching pieces. → Each piece is a triangle. → So two triangles can make a square."
"1.G.A.2","Shapes","Build with shapes","Which two pieces can make a hexagon?","","diagram","a circle and a square | two squares | two circles | two trapezoids","two trapezoids","Picture cutting the hexagon in half. What two pieces do you get?","Imagine cutting the hexagon into two matching pieces. → Each piece is a trapezoid. → So two trapezoids can make a hexagon."
"1.G.A.2","Shapes","Build with shapes","Which two pieces can make a rectangle?","","diagram","two squares | two circles | two hexagons | a triangle and a circle","two squares","Picture cutting the rectangle in half. What two pieces do you get?","Imagine cutting the rectangle into two matching pieces. → Each piece is a square. → So two squares can make a rectangle."
"1.G.A.2","Shapes","Build with shapes","Which two pieces can make a circle?","","diagram","two squares | two trapezoids | two half circles | two triangles","two half circles","Picture cutting the circle in half. What two pieces do you get?","Imagine cutting the circle into two matching pieces. → Each piece is a half circle. → So two half circles can make a circle."
"1.G.A.2","Shapes","Build with shapes","Which two pieces can make a hexagon?","","diagram","two trapezoids | a circle and a square | two circles | two squares","two trapezoids","Picture cutting the hexagon in half. What two pieces do you get?","Imagine cutting the hexagon into two matching pieces. → Each piece is a trapezoid. → So two trapezoids can make a hexagon."
"1.G.A.2","Shapes","Build with shapes","Which two pieces can make a circle?","","diagram","two squares | two trapezoids | two triangles | two half circles","two half circles","Picture cutting the circle in half. What two pieces do you get?","Imagine cutting the circle into two matching pieces. → Each piece is a half circle. → So two half circles can make a circle."
"1.G.A.2","Shapes","Build with shapes","Which two pieces can make a rectangle?","","diagram","two squares | a triangle and a circle | two circles | two hexagons","two squares","Picture cutting the rectangle in half. What two pieces do you get?","Imagine cutting the rectangle into two matching pieces. → Each piece is a square. → So two squares can make a rectangle."
"1.G.A.2","Shapes","Build with shapes","Which two pieces can make a rectangle?","","diagram","two hexagons | a triangle and a circle | two circles | two squares","two squares","Picture cutting the rectangle in half. What two pieces do you get?","Imagine cutting the rectangle into two matching pieces. → Each piece is a square. → So two squares can make a rectangle."
"1.G.A.2","Shapes","Build with shapes","Which two pieces can make a hexagon?","","diagram","two squares | two trapezoids | two circles | a circle and a square","two trapezoids","Picture cutting the hexagon in half. What two pieces do you get?","Imagine cutting the hexagon into two matching pieces. → Each piece is a trapezoid. → So two trapezoids can make a hexagon."
"1.G.A.2","Shapes","Build with shapes","Which two pieces can make a rectangle?","","diagram","two hexagons | a triangle and a circle | two squares | two circles","two squares","Picture cutting the rectangle in half. What two pieces do you get?","Imagine cutting the rectangle into two matching pieces. → Each piece is a square. → So two squares can make a rectangle."
"1.G.A.2","Shapes","Build with shapes","Which two pieces can make a square?","","diagram","two circles | two hexagons | a circle and a triangle | two triangles","two triangles","Picture cutting the square in half. What two pieces do you get?","Imagine cutting the square into two matching pieces. → Each piece is a triangle. → So two triangles can make a square."
"1.G.A.2","Shapes","Build with shapes","Which two pieces can make a rectangle?","","diagram","a triangle and a circle | two hexagons | two circles | two squares","two squares","Picture cutting the rectangle in half. What two pieces do you get?","Imagine cutting the rectangle into two matching pieces. → Each piece is a square. → So two squares can make a rectangle."
"1.G.A.2","Shapes","Build with shapes","Which two pieces can make a circle?","","diagram","two triangles | two trapezoids | two squares | two half circles","two half circles","Picture cutting the circle in half. What two pieces do you get?","Imagine cutting the circle into two matching pieces. → Each piece is a half circle. → So two half circles can make a circle."
"1.G.A.2","Shapes","Build with shapes","Which two pieces can make a rectangle?","","diagram","two circles | two squares | two hexagons | a triangle and a circle","two squares","Picture cutting the rectangle in half. What two pieces do you get?","Imagine cutting the rectangle into two matching pieces. → Each piece is a square. → So two squares can make a rectangle."
"1.G.A.2","Shapes","Build with shapes","Which two pieces can make a square?","","diagram","a circle and a triangle | two circles | two triangles | two hexagons","two triangles","Picture cutting the square in half. What two pieces do you get?","Imagine cutting the square into two matching pieces. → Each piece is a triangle. → So two triangles can make a square."
"1.G.A.2","Shapes","Build with shapes","Which two pieces can make a hexagon?","","diagram","two circles | two squares | a circle and a square | two trapezoids","two trapezoids","Picture cutting the hexagon in half. What two pieces do you get?","Imagine cutting the hexagon into two matching pieces. → Each piece is a trapezoid. → So two trapezoids can make a hexagon."
"1.G.A.2","Shapes","Build with shapes","Which two pieces can make a rectangle?","","diagram","two circles | two hexagons | two squares | a triangle and a circle","two squares","Picture cutting the rectangle in half. What two pieces do you get?","Imagine cutting the rectangle into two matching pieces. → Each piece is a square. → So two squares can make a rectangle."
"1.G.A.2","Shapes","Build with shapes","Which two pieces can make a hexagon?","","diagram","a circle and a square | two trapezoids | two circles | two squares","two trapezoids","Picture cutting the hexagon in half. What two pieces do you get?","Imagine cutting the hexagon into two matching pieces. → Each piece is a trapezoid. → So two trapezoids can make a hexagon."
"1.G.A.2","Shapes","Build with shapes","Which two pieces can make a circle?","","diagram","two squares | two half circles | two triangles | two trapezoids","two half circles","Picture cutting the circle in half. What two pieces do you get?","Imagine cutting the circle into two matching pieces. → Each piece is a half circle. → So two half circles can make a circle."
"1.G.A.2","Shapes","Build with shapes","Which two pieces can make a circle?","","diagram","two trapezoids | two half circles | two triangles | two squares","two half circles","Picture cutting the circle in half. What two pieces do you get?","Imagine cutting the circle into two matching pieces. → Each piece is a half circle. → So two half circles can make a circle."
"1.G.A.2","Shapes","Build with shapes","Which two pieces can make a square?","","diagram","two triangles | a circle and a triangle | two hexagons | two circles","two triangles","Picture cutting the square in half. What two pieces do you get?","Imagine cutting the square into two matching pieces. → Each piece is a triangle. → So two triangles can make a square."
"1.G.A.2","Shapes","Build with shapes","Which two pieces can make a rectangle?","","diagram","a triangle and a circle | two squares | two hexagons | two circles","two squares","Picture cutting the rectangle in half. What two pieces do you get?","Imagine cutting the rectangle into two matching pieces. → Each piece is a square. → So two squares can make a rectangle."
"1.G.A.2","Shapes","Build with shapes","Which two pieces can make a hexagon?","","diagram","two squares | two trapezoids | a circle and a square | two circles","two trapezoids","Picture cutting the hexagon in half. What two pieces do you get?","Imagine cutting the hexagon into two matching pieces. → Each piece is a trapezoid. → So two trapezoids can make a hexagon."
"1.G.A.2","Shapes","Build with shapes","Which two pieces can make a hexagon?","","diagram","two circles | two squares | two trapezoids | a circle and a square","two trapezoids","Picture cutting the hexagon in half. What two pieces do you get?","Imagine cutting the hexagon into two matching pieces. → Each piece is a trapezoid. → So two trapezoids can make a hexagon."
"1.G.A.2","Shapes","Build with shapes","Which two pieces can make a hexagon?","","diagram","two circles | a circle and a square | two squares | two trapezoids","two trapezoids","Picture cutting the hexagon in half. What two pieces do you get?","Imagine cutting the hexagon into two matching pieces. → Each piece is a trapezoid. → So two trapezoids can make a hexagon."
"1.G.A.2","Shapes","Build with shapes","Which two pieces can make a circle?","","diagram","two triangles | two half circles | two trapezoids | two squares","two half circles","Picture cutting the circle in half. What two pieces do you get?","Imagine cutting the circle into two matching pieces. → Each piece is a half circle. → So two half circles can make a circle."
"1.G.A.2","Shapes","Build with shapes","Which two pieces can make a square?","","diagram","two circles | two triangles | two hexagons | a circle and a triangle","two triangles","Picture cutting the square in half. What two pieces do you get?","Imagine cutting the square into two matching pieces. → Each piece is a triangle. → So two triangles can make a square."
"1.G.A.2","Shapes","Build with shapes","Which two pieces can make a hexagon?","","diagram","a circle and a square | two circles | two squares | two trapezoids","two trapezoids","Picture cutting the hexagon in half. What two pieces do you get?","Imagine cutting the hexagon into two matching pieces. → Each piece is a trapezoid. → So two trapezoids can make a hexagon."
"1.G.A.2","Shapes","Build with shapes","Which two pieces can make a rectangle?","","diagram","two hexagons | two squares | a triangle and a circle | two circles","two squares","Picture cutting the rectangle in half. What two pieces do you get?","Imagine cutting the rectangle into two matching pieces. → Each piece is a square. → So two squares can make a rectangle."
"1.G.A.2","Shapes","Build with shapes","Which two pieces can make a square?","","diagram","a circle and a triangle | two circles | two hexagons | two triangles","two triangles","Picture cutting the square in half. What two pieces do you get?","Imagine cutting the square into two matching pieces. → Each piece is a triangle. → So two triangles can make a square."
"1.G.A.2","Shapes","Build with shapes","Which two pieces can make a square?","","diagram","two hexagons | two triangles | two circles | a circle and a triangle","two triangles","Picture cutting the square in half. What two pieces do you get?","Imagine cutting the square into two matching pieces. → Each piece is a triangle. → So two triangles can make a square."
"1.G.A.2","Shapes","Build with shapes","Which two pieces can make a rectangle?","","diagram","two hexagons | two squares | two circles | a triangle and a circle","two squares","Picture cutting the rectangle in half. What two pieces do you get?","Imagine cutting the rectangle into two matching pieces. → Each piece is a square. → So two squares can make a rectangle."
"1.G.A.2","Shapes","Build with shapes","Which two pieces can make a hexagon?","","diagram","two circles | a circle and a square | two trapezoids | two squares","two trapezoids","Picture cutting the hexagon in half. What two pieces do you get?","Imagine cutting the hexagon into two matching pieces. → Each piece is a trapezoid. → So two trapezoids can make a hexagon."
"1.G.A.2","Shapes","Build with shapes","Which two pieces can make a rectangle?","","diagram","two circles | two squares | a triangle and a circle | two hexagons","two squares","Picture cutting the rectangle in half. What two pieces do you get?","Imagine cutting the rectangle into two matching pieces. → Each piece is a square. → So two squares can make a rectangle."
"1.G.A.2","Shapes","Build with shapes","Which two pieces can make a square?","","diagram","a circle and a triangle | two hexagons | two triangles | two circles","two triangles","Picture cutting the square in half. What two pieces do you get?","Imagine cutting the square into two matching pieces. → Each piece is a triangle. → So two triangles can make a square."
"1.G.A.2","Shapes","Build with shapes","Which two pieces can make a square?","","diagram","a circle and a triangle | two hexagons | two circles | two triangles","two triangles","Picture cutting the square in half. What two pieces do you get?","Imagine cutting the square into two matching pieces. → Each piece is a triangle. → So two triangles can make a square."
"1.G.A.2","Shapes","Build with shapes","Which two pieces can make a circle?","","diagram","two half circles | two triangles | two squares | two trapezoids","two half circles","Picture cutting the circle in half. What two pieces do you get?","Imagine cutting the circle into two matching pieces. → Each piece is a half circle. → So two half circles can make a circle."
"1.G.A.2","Shapes","Build with shapes","Which two pieces can make a rectangle?","","diagram","two hexagons | two circles | two squares | a triangle and a circle","two squares","Picture cutting the rectangle in half. What two pieces do you get?","Imagine cutting the rectangle into two matching pieces. → Each piece is a square. → So two squares can make a rectangle."
"1.G.A.2","Shapes","Build with shapes","Which two pieces can make a rectangle?","","diagram","a triangle and a circle | two squares | two circles | two hexagons","two squares","Picture cutting the rectangle in half. What two pieces do you get?","Imagine cutting the rectangle into two matching pieces. → Each piece is a square. → So two squares can make a rectangle."
"1.G.A.2","Shapes","Build with shapes","Which two pieces can make a circle?","","diagram","two half circles | two squares | two triangles | two trapezoids","two half circles","Picture cutting the circle in half. What two pieces do you get?","Imagine cutting the circle into two matching pieces. → Each piece is a half circle. → So two half circles can make a circle."
"1.G.A.2","Shapes","Build with shapes","Which two pieces can make a square?","","diagram","two triangles | two hexagons | two circles | a circle and a triangle","two triangles","Picture cutting the square in half. What two pieces do you get?","Imagine cutting the square into two matching pieces. → Each piece is a triangle. → So two triangles can make a square."
"1.G.A.2","Shapes","Build with shapes","Which two pieces can make a square?","","diagram","two triangles | two circles | two hexagons | a circle and a triangle","two triangles","Picture cutting the square in half. What two pieces do you get?","Imagine cutting the square into two matching pieces. → Each piece is a triangle. → So two triangles can make a square."
"1.G.A.2","Shapes","Build with shapes","Which two pieces can make a square?","","diagram","two hexagons | two circles | two triangles | a circle and a triangle","two triangles","Picture cutting the square in half. What two pieces do you get?","Imagine cutting the square into two matching pieces. → Each piece is a triangle. → So two triangles can make a square."
"1.G.A.2","Shapes","Build with shapes","Which two pieces can make a circle?","","diagram","two triangles | two half circles | two squares | two trapezoids","two half circles","Picture cutting the circle in half. What two pieces do you get?","Imagine cutting the circle into two matching pieces. → Each piece is a half circle. → So two half circles can make a circle."
"1.G.A.2","Shapes","Build with shapes","Which two pieces can make a circle?","","diagram","two half circles | two squares | two trapezoids | two triangles","two half circles","Picture cutting the circle in half. What two pieces do you get?","Imagine cutting the circle into two matching pieces. → Each piece is a half circle. → So two half circles can make a circle."
"1.G.A.2","Shapes","Build with shapes","Which two pieces can make a hexagon?","","diagram","two squares | a circle and a square | two circles | two trapezoids","two trapezoids","Picture cutting the hexagon in half. What two pieces do you get?","Imagine cutting the hexagon into two matching pieces. → Each piece is a trapezoid. → So two trapezoids can make a hexagon."
"1.G.A.2","Shapes","Build with shapes","Which two pieces can make a square?","","diagram","two hexagons | a circle and a triangle | two triangles | two circles","two triangles","Picture cutting the square in half. What two pieces do you get?","Imagine cutting the square into two matching pieces. → Each piece is a triangle. → So two triangles can make a square."
"1.G.A.2","Shapes","Build with shapes","Which two pieces can make a circle?","","diagram","two squares | two triangles | two trapezoids | two half circles","two half circles","Picture cutting the circle in half. What two pieces do you get?","Imagine cutting the circle into two matching pieces. → Each piece is a half circle. → So two half circles can make a circle."
"1.G.A.2","Shapes","Build with shapes","Which two pieces can make a rectangle?","","diagram","a triangle and a circle | two circles | two squares | two hexagons","two squares","Picture cutting the rectangle in half. What two pieces do you get?","Imagine cutting the rectangle into two matching pieces. → Each piece is a square. → So two squares can make a rectangle."
"1.G.A.2","Shapes","Build with shapes","Which two pieces can make a hexagon?","","diagram","two circles | two trapezoids | a circle and a square | two squares","two trapezoids","Picture cutting the hexagon in half. What two pieces do you get?","Imagine cutting the hexagon into two matching pieces. → Each piece is a trapezoid. → So two trapezoids can make a hexagon."
"1.G.A.2","Shapes","Build with shapes","Which two pieces can make a hexagon?","","diagram","two trapezoids | two squares | two circles | a circle and a square","two trapezoids","Picture cutting the hexagon in half. What two pieces do you get?","Imagine cutting the hexagon into two matching pieces. → Each piece is a trapezoid. → So two trapezoids can make a hexagon."
"1.G.A.2","Shapes","Build with shapes","Which two pieces can make a circle?","","diagram","two squares | two triangles | two half circles | two trapezoids","two half circles","Picture cutting the circle in half. What two pieces do you get?","Imagine cutting the circle into two matching pieces. → Each piece is a half circle. → So two half circles can make a circle."
"1.G.A.2","Shapes","Build with shapes","Which two pieces can make a square?","","diagram","a circle and a triangle | two triangles | two hexagons | two circles","two triangles","Picture cutting the square in half. What two pieces do you get?","Imagine cutting the square into two matching pieces. → Each piece is a triangle. → So two triangles can make a square."
"1.G.A.2","Shapes","Build with shapes","Which two pieces can make a square?","","diagram","two hexagons | a circle and a triangle | two circles | two triangles","two triangles","Picture cutting the square in half. What two pieces do you get?","Imagine cutting the square into two matching pieces. → Each piece is a triangle. → So two triangles can make a square."
"1.G.A.2","Shapes","Build with shapes","Which two pieces can make a rectangle?","","diagram","two hexagons | two circles | a triangle and a circle | two squares","two squares","Picture cutting the rectangle in half. What two pieces do you get?","Imagine cutting the rectangle into two matching pieces. → Each piece is a square. → So two squares can make a rectangle."
"1.G.A.2","Shapes","Build with shapes","Which two pieces can make a hexagon?","","diagram","two trapezoids | a circle and a square | two squares | two circles","two trapezoids","Picture cutting the hexagon in half. What two pieces do you get?","Imagine cutting the hexagon into two matching pieces. → Each piece is a trapezoid. → So two trapezoids can make a hexagon."
"1.G.A.2","Shapes","Build with shapes","Which two pieces can make a circle?","","diagram","two trapezoids | two squares | two triangles | two half circles","two half circles","Picture cutting the circle in half. What two pieces do you get?","Imagine cutting the circle into two matching pieces. → Each piece is a half circle. → So two half circles can make a circle."
"1.G.A.2","Shapes","Build with shapes","Which two pieces can make a rectangle?","","diagram","a triangle and a circle | two hexagons | two squares | two circles","two squares","Picture cutting the rectangle in half. What two pieces do you get?","Imagine cutting the rectangle into two matching pieces. → Each piece is a square. → So two squares can make a rectangle."
"1.G.A.2","Shapes","Build with shapes","Which two pieces can make a hexagon?","","diagram","two trapezoids | two circles | a circle and a square | two squares","two trapezoids","Picture cutting the hexagon in half. What two pieces do you get?","Imagine cutting the hexagon into two matching pieces. → Each piece is a trapezoid. → So two trapezoids can make a hexagon."
"1.G.A.2","Shapes","Build with shapes","Which two pieces can make a hexagon?","","diagram","two trapezoids | two squares | a circle and a square | two circles","two trapezoids","Picture cutting the hexagon in half. What two pieces do you get?","Imagine cutting the hexagon into two matching pieces. → Each piece is a trapezoid. → So two trapezoids can make a hexagon."
"1.G.A.3","Shapes","Halves and fourths","Which shape is cut into fourths?","","picture choices","[picture] | [picture] | [picture] | [picture]","[picture 2]","Fourths are 4 parts that are exactly the same size.","Fourths means 4 equal parts — every part the same size. → Some shapes have the right number of parts but the parts are not equal. → Only one shape has 4 parts that all match."
"1.G.A.3","Shapes","Halves and fourths","How many equal parts?","","diagram","1 | 2 | 3 | 4","4","Count every piece inside the shape.","Count the pieces: 4. → They are all the same size, so they are equal parts. → 4 equal parts are called fourths or quarters."
"1.G.A.3","Shapes","Halves and fourths","What part of the shape is shaded?","","diagram","two halves | one half | the whole | one fourth","one half","Count how many equal parts there are. One of them is shaded.","The circle is cut into 2 equal parts. → 1 of the 2 parts is shaded. → One of two equal parts is one half."
"1.G.A.3","Shapes","Halves and fourths","Which shape is cut into halves?","","picture choices","[picture] | [picture] | [picture] | [picture]","[picture 4]","Halves are 2 parts that are exactly the same size.","Halves means 2 equal parts — every part the same size. → Some shapes have the right number of parts but the parts are not equal. → Only one shape has 2 parts that all match."
"1.G.A.3","Shapes","Halves and fourths","True or false? This shape is cut into equal fourths.","","diagram","True | False","True","Equal parts must all be the same size.","There are 4 parts. → Every part is the same size. → So it is cut into equal fourths: true."
"1.G.A.3","Shapes","Halves and fourths","True or false? This shape is cut into equal halves.","","diagram","True | False","False","Equal parts must all be the same size.","There are 2 parts. → The parts are different sizes — some are bigger than others. → Parts that are not the same size are not halves: false."
"1.G.A.3","Shapes","Halves and fourths","Two same-size pizzas. Which shaded piece is smaller?","","diagram","One half | One fourth","One fourth","More cuts means more pieces. What happens to the size of each piece?","Both pizzas are the same size. → The first is cut into 2 pieces (halves). The second is cut into 4 pieces (fourths). → Cutting the same pizza into more pieces makes each piece smaller. → So one fourth is smaller than one half."
"1.G.A.3","Shapes","Halves and fourths","What part of the shape is shaded?","","diagram","the whole | one fourth | two halves | one half","one half","Count how many equal parts there are. One of them is shaded.","The circle is cut into 2 equal parts. → 1 of the 2 parts is shaded. → One of two equal parts is one half."
"1.G.A.3","Shapes","Halves and fourths","What part of the shape is shaded?","","diagram","one half | the whole | one fourth | two halves","one half","Count how many equal parts there are. One of them is shaded.","The circle is cut into 2 equal parts. → 1 of the 2 parts is shaded. → One of two equal parts is one half."
"1.G.A.3","Shapes","Halves and fourths","What part of the shape is shaded?","","diagram","two halves | one fourth | one half | the whole","one half","Count how many equal parts there are. One of them is shaded.","The rectangle is cut into 2 equal parts. → 1 of the 2 parts is shaded. → One of two equal parts is one half."
"1.G.A.3","Shapes","Halves and fourths","What part of the shape is shaded?","","diagram","one half | two halves | the whole | one fourth","one half","Count how many equal parts there are. One of them is shaded.","The circle is cut into 2 equal parts. → 1 of the 2 parts is shaded. → One of two equal parts is one half."
"1.G.A.3","Shapes","Halves and fourths","Two same-size pizzas. Which shaded piece is bigger?","","diagram","One half | One fourth","One half","More cuts means more pieces. What happens to the size of each piece?","Both pizzas are the same size. → The first is cut into 2 pieces (halves). The second is cut into 4 pieces (fourths). → Cutting the same pizza into more pieces makes each piece smaller. → So one fourth is smaller than one half, which means one half is bigger."
"1.G.A.3","Shapes","Halves and fourths","What part of the shape is shaded?","","diagram","two fourths | one half | one quarter | the whole","one quarter","Count how many equal parts there are. One of them is shaded.","The circle is cut into 4 equal parts. → 1 of the 4 parts is shaded. → One of four equal parts is one fourth, also called one quarter."
"1.G.A.3","Shapes","Halves and fourths","What part of the shape is shaded?","","diagram","one fourth | two halves | one half | the whole","one half","Count how many equal parts there are. One of them is shaded.","The rectangle is cut into 2 equal parts. → 1 of the 2 parts is shaded. → One of two equal parts is one half."
"1.G.A.3","Shapes","Halves and fourths","What part of the shape is shaded?","","diagram","one fourth | two halves | the whole | one half","one half","Count how many equal parts there are. One of them is shaded.","The circle is cut into 2 equal parts. → 1 of the 2 parts is shaded. → One of two equal parts is one half."
"1.G.A.3","Shapes","Halves and fourths","What part of the shape is shaded?","","diagram","two halves | the whole | one fourth | one half","one half","Count how many equal parts there are. One of them is shaded.","The circle is cut into 2 equal parts. → 1 of the 2 parts is shaded. → One of two equal parts is one half."
"1.G.A.3","Shapes","Halves and fourths","What part of the shape is shaded?","","diagram","one half | one fourth | two halves | the whole","one half","Count how many equal parts there are. One of them is shaded.","The circle is cut into 2 equal parts. → 1 of the 2 parts is shaded. → One of two equal parts is one half."
"1.G.A.3","Shapes","Halves and fourths","What part of the shape is shaded?","","diagram","one half | one fourth | the whole | two fourths","one fourth","Count how many equal parts there are. One of them is shaded.","The rectangle is cut into 4 equal parts. → 1 of the 4 parts is shaded. → One of four equal parts is one fourth, also called one quarter."
"1.G.A.3","Shapes","Halves and fourths","What part of the shape is shaded?","","diagram","two halves | one fourth | the whole | one half","one half","Count how many equal parts there are. One of them is shaded.","The circle is cut into 2 equal parts. → 1 of the 2 parts is shaded. → One of two equal parts is one half."
"1.G.A.3","Shapes","Halves and fourths","What part of the shape is shaded?","","diagram","two fourths | one half | one fourth | the whole","one fourth","Count how many equal parts there are. One of them is shaded.","The rectangle is cut into 4 equal parts. → 1 of the 4 parts is shaded. → One of four equal parts is one fourth, also called one quarter."
"1.G.A.3","Shapes","Halves and fourths","What part of the shape is shaded?","","diagram","one quarter | the whole | two fourths | one half","one quarter","Count how many equal parts there are. One of them is shaded.","The rectangle is cut into 4 equal parts. → 1 of the 4 parts is shaded. → One of four equal parts is one fourth, also called one quarter."
"1.G.A.3","Shapes","Halves and fourths","What part of the shape is shaded?","","diagram","one quarter | one half | two fourths | the whole","one quarter","Count how many equal parts there are. One of them is shaded.","The rectangle is cut into 4 equal parts. → 1 of the 4 parts is shaded. → One of four equal parts is one fourth, also called one quarter."
"1.G.A.3","Shapes","Halves and fourths","What part of the shape is shaded?","","diagram","one half | one quarter | two fourths | the whole","one quarter","Count how many equal parts there are. One of them is shaded.","The circle is cut into 4 equal parts. → 1 of the 4 parts is shaded. → One of four equal parts is one fourth, also called one quarter."
"1.G.A.3","Shapes","Halves and fourths","What part of the shape is shaded?","","diagram","the whole | one half | two halves | one fourth","one half","Count how many equal parts there are. One of them is shaded.","The rectangle is cut into 2 equal parts. → 1 of the 2 parts is shaded. → One of two equal parts is one half."
"1.G.A.3","Shapes","Halves and fourths","What part of the shape is shaded?","","diagram","two fourths | one quarter | one half | the whole","one quarter","Count how many equal parts there are. One of them is shaded.","The rectangle is cut into 4 equal parts. → 1 of the 4 parts is shaded. → One of four equal parts is one fourth, also called one quarter."
"1.G.A.3","Shapes","Halves and fourths","What part of the shape is shaded?","","diagram","two fourths | the whole | one half | one fourth","one fourth","Count how many equal parts there are. One of them is shaded.","The circle is cut into 4 equal parts. → 1 of the 4 parts is shaded. → One of four equal parts is one fourth, also called one quarter."
"1.G.A.3","Shapes","Halves and fourths","What part of the shape is shaded?","","diagram","two halves | the whole | one half | one fourth","one half","Count how many equal parts there are. One of them is shaded.","The circle is cut into 2 equal parts. → 1 of the 2 parts is shaded. → One of two equal parts is one half."
"1.G.A.3","Shapes","Halves and fourths","What part of the shape is shaded?","","diagram","two halves | one half | one fourth | the whole","one half","Count how many equal parts there are. One of them is shaded.","The circle is cut into 2 equal parts. → 1 of the 2 parts is shaded. → One of two equal parts is one half."
"1.G.A.3","Shapes","Halves and fourths","What part of the shape is shaded?","","diagram","one quarter | the whole | one half | two fourths","one quarter","Count how many equal parts there are. One of them is shaded.","The rectangle is cut into 4 equal parts. → 1 of the 4 parts is shaded. → One of four equal parts is one fourth, also called one quarter."
"1.G.A.3","Shapes","Halves and fourths","What part of the shape is shaded?","","diagram","one half | one fourth | the whole | two halves","one half","Count how many equal parts there are. One of them is shaded.","The circle is cut into 2 equal parts. → 1 of the 2 parts is shaded. → One of two equal parts is one half."
"1.G.A.3","Shapes","Halves and fourths","What part of the shape is shaded?","","diagram","one half | the whole | two fourths | one quarter","one quarter","Count how many equal parts there are. One of them is shaded.","The circle is cut into 4 equal parts. → 1 of the 4 parts is shaded. → One of four equal parts is one fourth, also called one quarter."
"1.G.A.3","Shapes","Halves and fourths","What part of the shape is shaded?","","diagram","one fourth | one half | the whole | two fourths","one fourth","Count how many equal parts there are. One of them is shaded.","The rectangle is cut into 4 equal parts. → 1 of the 4 parts is shaded. → One of four equal parts is one fourth, also called one quarter."
"1.G.A.3","Shapes","Halves and fourths","What part of the shape is shaded?","","diagram","the whole | one half | one fourth | two fourths","one fourth","Count how many equal parts there are. One of them is shaded.","The rectangle is cut into 4 equal parts. → 1 of the 4 parts is shaded. → One of four equal parts is one fourth, also called one quarter."
"1.G.A.3","Shapes","Halves and fourths","What part of the shape is shaded?","","diagram","the whole | one half | one fourth | two halves","one half","Count how many equal parts there are. One of them is shaded.","The circle is cut into 2 equal parts. → 1 of the 2 parts is shaded. → One of two equal parts is one half."
"1.G.A.3","Shapes","Halves and fourths","What part of the shape is shaded?","","diagram","one fourth | two fourths | the whole | one half","one fourth","Count how many equal parts there are. One of them is shaded.","The circle is cut into 4 equal parts. → 1 of the 4 parts is shaded. → One of four equal parts is one fourth, also called one quarter."
"1.G.A.3","Shapes","Halves and fourths","What part of the shape is shaded?","","diagram","one half | two fourths | one quarter | the whole","one quarter","Count how many equal parts there are. One of them is shaded.","The circle is cut into 4 equal parts. → 1 of the 4 parts is shaded. → One of four equal parts is one fourth, also called one quarter."
"1.G.A.3","Shapes","Halves and fourths","What part of the shape is shaded?","","diagram","one half | two halves | one fourth | the whole","one half","Count how many equal parts there are. One of them is shaded.","The circle is cut into 2 equal parts. → 1 of the 2 parts is shaded. → One of two equal parts is one half."
"1.G.A.3","Shapes","Halves and fourths","What part of the shape is shaded?","","diagram","the whole | one fourth | one half | two halves","one half","Count how many equal parts there are. One of them is shaded.","The circle is cut into 2 equal parts. → 1 of the 2 parts is shaded. → One of two equal parts is one half."
"1.G.A.3","Shapes","Halves and fourths","What part of the shape is shaded?","","diagram","two fourths | one quarter | the whole | one half","one quarter","Count how many equal parts there are. One of them is shaded.","The rectangle is cut into 4 equal parts. → 1 of the 4 parts is shaded. → One of four equal parts is one fourth, also called one quarter."
"1.G.A.3","Shapes","Halves and fourths","What part of the shape is shaded?","","diagram","one half | the whole | two fourths | one fourth","one fourth","Count how many equal parts there are. One of them is shaded.","The circle is cut into 4 equal parts. → 1 of the 4 parts is shaded. → One of four equal parts is one fourth, also called one quarter."
"1.G.A.3","Shapes","Halves and fourths","What part of the shape is shaded?","","diagram","the whole | one fourth | two fourths | one half","one fourth","Count how many equal parts there are. One of them is shaded.","The circle is cut into 4 equal parts. → 1 of the 4 parts is shaded. → One of four equal parts is one fourth, also called one quarter."
"1.G.A.3","Shapes","Halves and fourths","What part of the shape is shaded?","","diagram","two fourths | one fourth | the whole | one half","one fourth","Count how many equal parts there are. One of them is shaded.","The circle is cut into 4 equal parts. → 1 of the 4 parts is shaded. → One of four equal parts is one fourth, also called one quarter."
"1.G.A.3","Shapes","Halves and fourths","What part of the shape is shaded?","","diagram","one half | two fourths | one fourth | the whole","one fourth","Count how many equal parts there are. One of them is shaded.","The circle is cut into 4 equal parts. → 1 of the 4 parts is shaded. → One of four equal parts is one fourth, also called one quarter."
"1.G.A.3","Shapes","Halves and fourths","What part of the shape is shaded?","","diagram","one fourth | the whole | one half | two halves","one half","Count how many equal parts there are. One of them is shaded.","The rectangle is cut into 2 equal parts. → 1 of the 2 parts is shaded. → One of two equal parts is one half."
"1.G.A.3","Shapes","Halves and fourths","What part of the shape is shaded?","","diagram","the whole | two halves | one fourth | one half","one half","Count how many equal parts there are. One of them is shaded.","The rectangle is cut into 2 equal parts. → 1 of the 2 parts is shaded. → One of two equal parts is one half."
"1.G.A.3","Shapes","Halves and fourths","What part of the shape is shaded?","","diagram","the whole | two fourths | one half | one fourth","one fourth","Count how many equal parts there are. One of them is shaded.","The circle is cut into 4 equal parts. → 1 of the 4 parts is shaded. → One of four equal parts is one fourth, also called one quarter."
"1.G.A.3","Shapes","Halves and fourths","What part of the shape is shaded?","","diagram","the whole | one half | two fourths | one fourth","one fourth","Count how many equal parts there are. One of them is shaded.","The rectangle is cut into 4 equal parts. → 1 of the 4 parts is shaded. → One of four equal parts is one fourth, also called one quarter."
"1.G.A.3","Shapes","Halves and fourths","What part of the shape is shaded?","","diagram","one quarter | one half | the whole | two fourths","one quarter","Count how many equal parts there are. One of them is shaded.","The rectangle is cut into 4 equal parts. → 1 of the 4 parts is shaded. → One of four equal parts is one fourth, also called one quarter."
"1.G.A.3","Shapes","Halves and fourths","What part of the shape is shaded?","","diagram","one fourth | one half | the whole | two halves","one half","Count how many equal parts there are. One of them is shaded.","The rectangle is cut into 2 equal parts. → 1 of the 2 parts is shaded. → One of two equal parts is one half."
"1.G.A.3","Shapes","Halves and fourths","What part of the shape is shaded?","","diagram","one half | the whole | two halves | one fourth","one half","Count how many equal parts there are. One of them is shaded.","The rectangle is cut into 2 equal parts. → 1 of the 2 parts is shaded. → One of two equal parts is one half."
"1.G.A.3","Shapes","Halves and fourths","What part of the shape is shaded?","","diagram","one fourth | the whole | two halves | one half","one half","Count how many equal parts there are. One of them is shaded.","The circle is cut into 2 equal parts. → 1 of the 2 parts is shaded. → One of two equal parts is one half."
"1.G.A.3","Shapes","Halves and fourths","What part of the shape is shaded?","","diagram","one fourth | two fourths | one half | the whole","one fourth","Count how many equal parts there are. One of them is shaded.","The circle is cut into 4 equal parts. → 1 of the 4 parts is shaded. → One of four equal parts is one fourth, also called one quarter."
"1.G.A.3","Shapes","Halves and fourths","What part of the shape is shaded?","","diagram","the whole | two halves | one half | one fourth","one half","Count how many equal parts there are. One of them is shaded.","The rectangle is cut into 2 equal parts. → 1 of the 2 parts is shaded. → One of two equal parts is one half."
"1.G.A.3","Shapes","Halves and fourths","What part of the shape is shaded?","","diagram","one half | one quarter | the whole | two fourths","one quarter","Count how many equal parts there are. One of them is shaded.","The circle is cut into 4 equal parts. → 1 of the 4 parts is shaded. → One of four equal parts is one fourth, also called one quarter."
"1.G.A.3","Shapes","Halves and fourths","What part of the shape is shaded?","","diagram","one quarter | two fourths | the whole | one half","one quarter","Count how many equal parts there are. One of them is shaded.","The rectangle is cut into 4 equal parts. → 1 of the 4 parts is shaded. → One of four equal parts is one fourth, also called one quarter."
"1.G.A.3","Shapes","Halves and fourths","What part of the shape is shaded?","","diagram","one fourth | one half | two halves | the whole","one half","Count how many equal parts there are. One of them is shaded.","The rectangle is cut into 2 equal parts. → 1 of the 2 parts is shaded. → One of two equal parts is one half."
"1.G.A.3","Shapes","Halves and fourths","What part of the shape is shaded?","","diagram","one fourth | the whole | one half | two fourths","one fourth","Count how many equal parts there are. One of them is shaded.","The circle is cut into 4 equal parts. → 1 of the 4 parts is shaded. → One of four equal parts is one fourth, also called one quarter."
"1.G.A.3","Shapes","Halves and fourths","What part of the shape is shaded?","","diagram","the whole | one quarter | two fourths | one half","one quarter","Count how many equal parts there are. One of them is shaded.","The rectangle is cut into 4 equal parts. → 1 of the 4 parts is shaded. → One of four equal parts is one fourth, also called one quarter."
"1.G.A.3","Shapes","Halves and fourths","What part of the shape is shaded?","","diagram","one half | one fourth | two fourths | the whole","one fourth","Count how many equal parts there are. One of them is shaded.","The circle is cut into 4 equal parts. → 1 of the 4 parts is shaded. → One of four equal parts is one fourth, also called one quarter."
"1.G.A.3","Shapes","Halves and fourths","What part of the shape is shaded?","","diagram","the whole | one quarter | one half | two fourths","one quarter","Count how many equal parts there are. One of them is shaded.","The rectangle is cut into 4 equal parts. → 1 of the 4 parts is shaded. → One of four equal parts is one fourth, also called one quarter."
"1.G.A.3","Shapes","Halves and fourths","What part of the shape is shaded?","","diagram","one half | the whole | one fourth | two fourths","one fourth","Count how many equal parts there are. One of them is shaded.","The rectangle is cut into 4 equal parts. → 1 of the 4 parts is shaded. → One of four equal parts is one fourth, also called one quarter."
"1.G.A.3","Shapes","Halves and fourths","What part of the shape is shaded?","","diagram","two fourths | the whole | one fourth | one half","one fourth","Count how many equal parts there are. One of them is shaded.","The rectangle is cut into 4 equal parts. → 1 of the 4 parts is shaded. → One of four equal parts is one fourth, also called one quarter."
"1.G.A.3","Shapes","Halves and fourths","What part of the shape is shaded?","","diagram","one fourth | one half | two fourths | the whole","one fourth","Count how many equal parts there are. One of them is shaded.","The circle is cut into 4 equal parts. → 1 of the 4 parts is shaded. → One of four equal parts is one fourth, also called one quarter."
"1.G.A.3","Shapes","Halves and fourths","What part of the shape is shaded?","","diagram","one quarter | two fourths | one half | the whole","one quarter","Count how many equal parts there are. One of them is shaded.","The circle is cut into 4 equal parts. → 1 of the 4 parts is shaded. → One of four equal parts is one fourth, also called one quarter."
"1.G.A.3","Shapes","Halves and fourths","What part of the shape is shaded?","","diagram","the whole | two fourths | one half | one quarter","one quarter","Count how many equal parts there are. One of them is shaded.","The rectangle is cut into 4 equal parts. → 1 of the 4 parts is shaded. → One of four equal parts is one fourth, also called one quarter."
"1.G.A.3","Shapes","Halves and fourths","What part of the shape is shaded?","","diagram","the whole | one half | two fourths | one quarter","one quarter","Count how many equal parts there are. One of them is shaded.","The circle is cut into 4 equal parts. → 1 of the 4 parts is shaded. → One of four equal parts is one fourth, also called one quarter."
"1.G.A.3","Shapes","Halves and fourths","What part of the shape is shaded?","","diagram","the whole | two fourths | one quarter | one half","one quarter","Count how many equal parts there are. One of them is shaded.","The circle is cut into 4 equal parts. → 1 of the 4 parts is shaded. → One of four equal parts is one fourth, also called one quarter."
"1.G.A.3","Shapes","Halves and fourths","What part of the shape is shaded?","","diagram","one half | two fourths | the whole | one fourth","one fourth","Count how many equal parts there are. One of them is shaded.","The circle is cut into 4 equal parts. → 1 of the 4 parts is shaded. → One of four equal parts is one fourth, also called one quarter."
"1.G.A.3","Shapes","Halves and fourths","What part of the shape is shaded?","","diagram","two fourths | one half | the whole | one fourth","one fourth","Count how many equal parts there are. One of them is shaded.","The circle is cut into 4 equal parts. → 1 of the 4 parts is shaded. → One of four equal parts is one fourth, also called one quarter."
"1.G.A.3","Shapes","Halves and fourths","What part of the shape is shaded?","","diagram","two fourths | one half | the whole | one quarter","one quarter","Count how many equal parts there are. One of them is shaded.","The circle is cut into 4 equal parts. → 1 of the 4 parts is shaded. → One of four equal parts is one fourth, also called one quarter."
"1.G.A.3","Shapes","Halves and fourths","What part of the shape is shaded?","","diagram","two fourths | the whole | one quarter | one half","one quarter","Count how many equal parts there are. One of them is shaded.","The circle is cut into 4 equal parts. → 1 of the 4 parts is shaded. → One of four equal parts is one fourth, also called one quarter."
"1.G.A.3","Shapes","Halves and fourths","What part of the shape is shaded?","","diagram","one fourth | the whole | two fourths | one half","one fourth","Count how many equal parts there are. One of them is shaded.","The rectangle is cut into 4 equal parts. → 1 of the 4 parts is shaded. → One of four equal parts is one fourth, also called one quarter."
"1.G.A.3","Shapes","Halves and fourths","What part of the shape is shaded?","","diagram","the whole | two fourths | one fourth | one half","one fourth","Count how many equal parts there are. One of them is shaded.","The rectangle is cut into 4 equal parts. → 1 of the 4 parts is shaded. → One of four equal parts is one fourth, also called one quarter."
"1.G.A.3","Shapes","Halves and fourths","What part of the shape is shaded?","","diagram","two fourths | one fourth | one half | the whole","one fourth","Count how many equal parts there are. One of them is shaded.","The rectangle is cut into 4 equal parts. → 1 of the 4 parts is shaded. → One of four equal parts is one fourth, also called one quarter."
"1.G.A.3","Shapes","Halves and fourths","What part of the shape is shaded?","","diagram","the whole | one half | one quarter | two fourths","one quarter","Count how many equal parts there are. One of them is shaded.","The rectangle is cut into 4 equal parts. → 1 of the 4 parts is shaded. → One of four equal parts is one fourth, also called one quarter."
"1.G.A.3","Shapes","Halves and fourths","What part of the shape is shaded?","","diagram","the whole | one fourth | one half | two fourths","one fourth","Count how many equal parts there are. One of them is shaded.","The rectangle is cut into 4 equal parts. → 1 of the 4 parts is shaded. → One of four equal parts is one fourth, also called one quarter."
"1.G.A.3","Shapes","Halves and fourths","What part of the shape is shaded?","","diagram","one half | the whole | one quarter | two fourths","one quarter","Count how many equal parts there are. One of them is shaded.","The rectangle is cut into 4 equal parts. → 1 of the 4 parts is shaded. → One of four equal parts is one fourth, also called one quarter."